Bo'lim,Yaponcha,O'qilishi (kana),Romaji,O'zbekcha tarjima,English (manba),Misol gap
N2 語彙 (文字・語彙・文法),無理,むり,muri,"imkonsiz, iloji yo'q; haddan oshirish",,"無理をしないで、少し休んでください。 (Haddan oshirmay, biroz dam oling.)"
N2 語彙 (文字・語彙・文法),指示,しじ,shiji,"ko'rsatma, yo'riqnoma",,上司の指示に従って作業を進めました。 (Boshliqning ko'rsatmasiga binoan ishni davom ettirdik.)
N2 語彙 (文字・語彙・文法),留学生,りゅうがくせい,ryuugakusei,chet ellik talaba,,大学には多くの外国人留学生がいます。 (Universitetda ko'plab chet ellik talabalar bor.)
N2 語彙 (文字・語彙・文法),外国人,がいこくじん,gaikokujin',"chet ellik, xorijlik",,日本の文化に興味を持つ外国人が増えています。 (Yapon madaniyatiga qiziqadigan chet elliklar ko'paymoqda.)
N2 語彙 (文字・語彙・文法),予約,よやく,yoyaku,"bron, oldindan band qilish",,新幹線のチケットを事前に予約しました。 (Tezyurar poyezd chiptasini oldindan bron qildim.)
N2 語彙 (文字・語彙・文法),安心,あんしん,anshin',"xotirjamlik, tinchlik",,家族が無事だと聞いて安心しました。 (Oilam tinch-omon ekanini eshitib xotirjam bo'ldim.)
N2 語彙 (文字・語彙・文法),体力,たいりょく,tairyoku,jismoniy quvvat,,健康のために運動して体力をつけます。 (Salomatlik uchun sport bilan shug'ullanib quvvat to'playman.)
N2 語彙 (文字・語彙・文法),心配,しんぱい,shinpai,"xavotir, tashvish",,両親に心配をかけないように頑張ります。 (Ota-onamni xavotirga qo'ymaslik uchun astoydil harakat qilaman.)
N2 語彙 (文字・語彙・文法),学習,がくしゅう,gakushuu,"o'rganish, o'qib o'rganish",,効率的な日本語の学習方法を見つけました。 (Yapon tilini samarali o'rganish usulini topdim.)
N2 語彙 (文字・語彙・文法),講習,こうしゅう,koushuu,"o'quv kursi, mashg'ulot",,運転免許の更新のために講習を受けました。 (Haydovchilik guvohnomasini yangilash uchun o'quv kursida qatnashdim.)
N2 語彙 (文字・語彙・文法),練習,れんしゅう,renshuu,"mashq, mashg'ulot",,毎日ピアノの練習を欠かさず続けます。 (Har kuni pianino mashg'ulotini qoldirmasdan davom ettiraman.)
N2 語彙 (文字・語彙・文法),自習,じしゅう,jishuu,mustaqil o'qish,,放課後は図書館で自習をします。 (Darsdan keyin kutubxonada mustaqil dars qilaman.)
N2 語彙 (文字・語彙・文法),適度,てきど,tekido,"me'yorida, o'rtacha",,健康のためには適度な運動が大切です。 (Salomatlik uchun me'yoridagi harakat juda muhim.)
N2 語彙 (文字・語彙・文法),法則,ほうそく,housoku,"qonun, qoida",,自然界の法則を科学的に学びます。 (Tabiat qonun-qoidalarini ilmiy jihatdan o'rganamiz.)
N2 語彙 (文字・語彙・文法),用途,ようと,youto,foydalanish maqsadi,,この道具には様々な用途があります。 (Ushbu asbobning turli xil foydalanish maqsadlari bor.)
N2 語彙 (文字・語彙・文法),見当,けんとう,kentou,"taxmin, chamalash",,犯人の居場所について見当がつかない。 (Jinoyatchining qayerdaligi haqida hech qanday taxmin yo'q.)
N2 語彙 (文字・語彙・文法),作業,さぎょう,sagyou,"ish, amaliy ish",,パソコンを使ったデータ入力の作業を行います。 (Kompyuter yordamida ma'lumot kiritish ishini bajaramiz.)
N2 語彙 (文字・語彙・文法),旅行,りょこう,ryokou,sayohat,,連休を利用して京都へ旅行に行きました。 (Qisqa ta'tildan foydalanib Kiotoga sayohatga bordim.)
N2 語彙 (文字・語彙・文法),本当,ほんとう,hontou,"haqiqat, rost",,彼の言った話は本当のことでした。 (U aytgan gap haqiqat edi.)
N2 語彙 (文字・語彙・文法),格別,かくべつ,kakubetsu,"alohida, betakror",,山頂で飲む温かいお茶は格別の味です。 (Tog' cho'qqisida ichilgan issiq choy o'zgacha bir betakror ta'mga ega.)
N2 語彙 (文字・語彙・文法),高級,こうきゅう,koukyuu,"yuqori sifatli, hashamatli",,"デパートで高級な腕時計を買いました。 (Universamdan qimmatbaho, hashamatli qo'l soati sotib oldim.)"
N2 語彙 (文字・語彙・文法),上等,じょうとう,joutou,a'lo sifatli,,この布地はとても上等で肌触りが良い。 (Ushbu mato a'lo sifatli va ushlab ko'rishga yoqimli.)
N2 語彙 (文字・語彙・文法),契機,けいき,keiki,"turtki, boshlanish sababi",,留学を契機に、世界に対する見方が変わった。 (Chet elda o'qish turtkisi bilan dunyoga qarashim o'zgardi.)
N2 語彙 (文字・語彙・文法),以来,いらい,irai,...dan buyon,,卒業して以来、彼とは一度も会っていない。 (O'qishni bitirganimizdan buyon u bilan biror marta ham ko'rishmadim.)
N2 語彙 (文字・語彙・文法),奇妙,きみょう,kimyou,"g'alati, ajib",,昨日の夜、外から奇妙な音が聞こえました。 (Kecha tunda tashqaridan g'alati ovoz eshitildi.)
N2 語彙 (文字・語彙・文法),新鮮,しんせん,shinsen',"yangi, toza",,"市場で新鮮な魚と野菜を買いました。 (Bozordan yangi, barra baliq va sabzavotlar sotib oldim.)"
N2 語彙 (文字・語彙・文法),秘密,ひみつ,himitsu,"sir, maxfiy",,"この話は誰にも言わないで、秘密にしてください。 (Bu gapni hech kimga aytmang, sir saqlang.)"
N2 語彙 (文字・語彙・文法),例外,れいがい,reigai,istisno,,規則には常にいくつかの例外が存在します。 (Qoidalarda doimo bir nechta istisnolar mavjud bo'ladi.)
N2 語彙 (文字・語彙・文法),不適当,ふてきとう,futekitou,"nomunosib, o'rinsiz",,公式な場には不適当な服装です。 (Rasmiy marosim uchun nomunosib kiyim.)
N2 語彙 (文字・語彙・文法),不安定,ふあんてい,fuantei,"beqaror, noturg'un",,"景気が悪く、雇用の状態が不安定です。 (Iqtisodiyot yomonlashib, bandlik holati beqaror bo'lib qoldi.)"
N2 語彙 (文字・語彙・文法),不都合,ふつごう,futsugou,"noqulaylik, to'sqinlik",,急な用事で不都合が生じました。 (Kutilmagan ish sababli noqulaylik yuzaga keldi.)
N2 語彙 (文字・語彙・文法),不愉快,ふゆかい,fuyukai,"yoqimsiz, noxush",,失礼な態度をとられて不愉快でした。 (Qo'pol muomala qilingani sababli noxush tuyg'u paydo bo'ldi.)
N2 語彙 (文字・語彙・文法),間違い,まちがい,machigai,"xato, adashish",,計算に明らかな間違いがありました。 (Hisob-kitobda yaqqol xatolik bor edi.)
N2 語彙 (文字・語彙・文法),失格,しっかく,shikkaku,"munosib emas, diskvalifikatsiya",,時間内に提出できず、失格となりました。 (Vaqtida topshira olmagani sababli diskvalifikatsiya qilindi.)
N2 語彙 (文字・語彙・文法),強引,ごういん,gouin',"zo'rlab, kuch ishlatib",,強引についての詳しい説明を聞きました。 (zo'rlab haqida batafsil tushuntirish eshitdik.)
N2 語彙 (文字・語彙・文法),編集,へんしゅう,henshuu,tahrirlash,,編集についての詳しい説明を聞きました。 (tahrirlash haqida batafsil tushuntirish eshitdik.)
N2 語彙 (文字・語彙・文法),表現,ひょうげん,hyougen',"ifoda, bayon",,表現についての詳しい説明を聞きました。 (ifoda haqida batafsil tushuntirish eshitdik.)
N2 語彙 (文字・語彙・文法),印刷,いんさつ,insatsu,chop etish,,計画通りに印刷を進めていきます。 (Rejaga muvofiq chop etishni davom ettiramiz.)
N2 語彙 (文字・語彙・文法),一杯,いっぱい,ippai,to'la; bir piyola,,一杯についての詳しい説明を聞きました。 (to'la haqida batafsil tushuntirish eshitdik.)
N2 語彙 (文字・語彙・文法),限界,げんかい,genkai,"chegara, had",,限界についての詳しい説明を聞きました。 (chegara haqida batafsil tushuntirish eshitdik.)
N2 語彙 (文字・語彙・文法),満員,まんいん,man'in',to'la (odam bilan),,満員としての責任を持って行動します。 (to'la sifatidagi mas'uliyat bilan harakat qilamiz.)
N2 語彙 (文字・語彙・文法),超過,ちょうか,chouka,oshib ketish,,計画通りに超過を進めていきます。 (Rejaga muvofiq oshib ketishni davom ettiramiz.)
N2 語彙 (文字・語彙・文法),満足,まんぞく,manzoku,"qoniqish, rozilik",,満足についての詳しい説明を聞きました。 (qoniqish haqida batafsil tushuntirish eshitdik.)
N2 語彙 (文字・語彙・文法),無事,ぶじ,buji,eson-omon,,無事についての詳しい説明を聞きました。 (eson-omon haqida batafsil tushuntirish eshitdik.)
N2 語彙 (文字・語彙・文法),冷静,れいせい,reisei,"sovuqqonlik, xotirjam",,冷静についての詳しい説明を聞きました。 (sovuqqonlik haqida batafsil tushuntirish eshitdik.)
N2 語彙 (文字・語彙・文法),計算,けいさん,keisan',hisob-kitob,,計算についての詳しい説明を聞きました。 (hisob-kitob haqida batafsil tushuntirish eshitdik.)
N2 語彙 (文字・語彙・文法),費用,ひよう,hiyou,xarajat,,費用についての詳しい説明を聞きました。 (xarajat haqida batafsil tushuntirish eshitdik.)
N2 語彙 (文字・語彙・文法),金額,きんがく,kingaku,"summa, pul miqdori",,金額についての詳しい説明を聞きました。 (summa haqida batafsil tushuntirish eshitdik.)
N2 語彙 (文字・語彙・文法),非情,ひじょう,hijou,"shafqatsiz, berahm",,非情についての詳しい説明を聞きました。 (shafqatsiz haqida batafsil tushuntirish eshitdik.)
N2 語彙 (文字・語彙・文法),残念,ざんねん,zannen',"afsus, achinarli",,残念についての詳しい説明を聞きました。 (afsus haqida batafsil tushuntirish eshitdik.)
N2 語彙 (文字・語彙・文法),不足,ふそく,fusoku,"yetishmaslik, kamchilik",,計画通りに不足を進めていきます。 (Rejaga muvofiq yetishmaslikni davom ettiramiz.)
N2 語彙 (文字・語彙・文法),日常,にちじょう,nichijou,kundalik hayot,,日常についての詳しい説明を聞きました。 (kundalik hayot haqida batafsil tushuntirish eshitdik.)
N2 語彙 (文字・語彙・文法),平凡,へいぼん,heibon',"oddiy, ko'rimsiz",,平凡についての詳しい説明を聞きました。 (oddiy haqida batafsil tushuntirish eshitdik.)
N2 語彙 (文字・語彙・文法),自由,じゆう,jiyuu,"erkinlik, ozodlik",,自由についての詳しい説明を聞きました。 (erkinlik haqida batafsil tushuntirish eshitdik.)
N2 語彙 (文字・語彙・文法),平常,へいじょう,heijou,odatdagi holat,,平常についての詳しい説明を聞きました。 (odatdagi holat haqida batafsil tushuntirish eshitdik.)
N2 語彙 (文字・語彙・文法),普通,ふつう,futsuu,"oddiy, o'rtacha",,普通についての詳しい説明を聞きました。 (oddiy haqida batafsil tushuntirish eshitdik.)
N2 語彙 (文字・語彙・文法),平和,へいわ,heiwa,"tinchlik, osoyishtalik",,平和についての詳しい説明を聞きました。 (tinchlik haqida batafsil tushuntirish eshitdik.)
N2 語彙 (文字・語彙・文法),食事,しょくじ,shokuji,"ovqat, taom",,食事についての詳しい説明を聞きました。 (ovqat haqida batafsil tushuntirish eshitdik.)
N2 語彙 (文字・語彙・文法),栄養,えいよう,eiyou,"ozuqa, oziqlanish",,栄養についての詳しい説明を聞きました。 (ozuqa haqida batafsil tushuntirish eshitdik.)
N2 語彙 (文字・語彙・文法),生活,せいかつ,seikatsu,"hayot, turmush",,生活についての詳しい説明を聞きました。 (hayot haqida batafsil tushuntirish eshitdik.)
N2 語彙 (文字・語彙・文法),問題,もんだい,mondai,"muammo, masala",,問題を未然に防ぐ対策を立てました。 (muammoning oldini olish choralarini tuzdik.)
N2 語彙 (文字・語彙・文法),自転車,じてんしゃ,jitensha,velosiped,,自転車についての詳しい説明を聞きました。 (velosiped haqida batafsil tushuntirish eshitdik.)
N2 語彙 (文字・語彙・文法),親友,しんゆう,shin'yuu,yaqin do'st,,親友についての詳しい説明を聞きました。 (yaqin do'st haqida batafsil tushuntirish eshitdik.)
N2 語彙 (文字・語彙・文法),家族,かぞく,kazoku,oila,,家族についての詳しい説明を聞きました。 (oila haqida batafsil tushuntirish eshitdik.)
N2 語彙 (文字・語彙・文法),助手,じょしゅ,joshu,yordamchi,,助手についての詳しい説明を聞きました。 (yordamchi haqida batafsil tushuntirish eshitdik.)
N2 語彙 (文字・語彙・文法),仲間,なかま,nakama,"o'rtoq, hamkor",,仲間についての詳しい説明を聞きました。 (o'rtoq haqida batafsil tushuntirish eshitdik.)
N2 語彙 (文字・語彙・文法),各自,かくじ,kakuji,har kim o'zicha,,各自についての詳しい説明を聞きました。 (har kim o'zicha haqida batafsil tushuntirish eshitdik.)
N2 語彙 (文字・語彙・文法),自分,じぶん,jibun',"o'zi, o'zim",,自分についての詳しい説明を聞きました。 (o'zi haqida batafsil tushuntirish eshitdik.)
N2 語彙 (文字・語彙・文法),独自,どくじ,dokuji,"o'ziga xos, mustaqil",,独自についての詳しい説明を聞きました。 (o'ziga xos haqida batafsil tushuntirish eshitdik.)
N2 語彙 (文字・語彙・文法),次第,しだい,shidai,"sharoitga qarab, ...ga bog'liq",,次第についての詳しい説明を聞きました。 (sharoitga qarab haqida batafsil tushuntirish eshitdik.)
N2 語彙 (文字・語彙・文法),以上,いじょう,ijou,...dan ortiq; yuqoridagilar,,以上についての詳しい説明を聞きました。 (...dan ortiq haqida batafsil tushuntirish eshitdik.)
N2 語彙 (文字・語彙・文法),一方,いっぽう,ippou,bir tomondan; bir tomon,,一方についての詳しい説明を聞きました。 (bir tomondan haqida batafsil tushuntirish eshitdik.)
N2 語彙 (文字・語彙・文法),禁止,きんし,kinshi,taqiqlash,,禁止についての詳しい説明を聞きました。 (taqiqlash haqida batafsil tushuntirish eshitdik.)
N2 語彙 (文字・語彙・文法),停止,ていし,teishi,"to'xtatish, to'xtash",,停止についての詳しい説明を聞きました。 (to'xtatish haqida batafsil tushuntirish eshitdik.)
N2 語彙 (文字・語彙・文法),原因,げんいん,gen'in',"sabab, sababchi",,原因についての詳しい説明を聞きました。 (sabab haqida batafsil tushuntirish eshitdik.)
N2 語彙 (文字・語彙・文法),必要,ひつよう,hitsuyou,"kerak, zarur",,必要についての詳しい説明を聞きました。 (kerak haqida batafsil tushuntirish eshitdik.)
N2 語彙 (文字・語彙・文法),最中,さいちゅう,saichuu,"ayni paytda, ...paytida",,最中についての詳しい説明を聞きました。 (ayni paytda haqida batafsil tushuntirish eshitdik.)
N2 語彙 (文字・語彙・文法),発見,はっけん,hakken',"kashf etish, topib olish",,計画通りに発見を進めていきます。 (Rejaga muvofiq kashf etishni davom ettiramiz.)
N2 語彙 (文字・語彙・文法),結局,けっきょく,kekkyoku,"oxir-oqibat, natijada",,結局についての詳しい説明を聞きました。 (oxir-oqibat haqida batafsil tushuntirish eshitdik.)
N2 語彙 (文字・語彙・文法),行動,こうどう,koudou,xatti-harakat,,行動についての詳しい説明を聞きました。 (xatti-harakat haqida batafsil tushuntirish eshitdik.)
N2 語彙 (文字・語彙・文法),人口,じんこう,jinkou,aholi,,人口についての詳しい説明を聞きました。 (aholi haqida batafsil tushuntirish eshitdik.)
N2 語彙 (文字・語彙・文法),余分,よぶん,yobun',"ortiqcha, ziyoda",,余分についての詳しい説明を聞きました。 (ortiqcha haqida batafsil tushuntirish eshitdik.)
N2 語彙 (文字・語彙・文法),修理,しゅうり,shuuri,ta'mirlash,,修理についての詳しい説明を聞きました。 (ta'mirlash haqida batafsil tushuntirish eshitdik.)
N2 語彙 (文字・語彙・文法),利益,りえき,rieki,"foyda, daromad",,技術の利益によって生活が便利になりました。 (Texnologiyaning foydai tufayli hayot qulaylashdi.)
N2 語彙 (文字・語彙・文法),困難,こんなん,konnan',"qiyinchilik, mashaqqat",,困難についての詳しい説明を聞きました。 (qiyinchilik haqida batafsil tushuntirish eshitdik.)
N2 語彙 (文字・語彙・文法),土地,とち,tochi,"yer, hudud",,その土地の環境はとても快適です。 (Ushbu yerning muhiti juda qulay.)
N2 語彙 (文字・語彙・文法),処理,しょり,shori,"qayta ishlash, hal qilish",,計画通りに処理を進めていきます。 (Rejaga muvofiq qayta ishlashni davom ettiramiz.)
N2 語彙 (文字・語彙・文法),多少,たしょう,tashou,"ozgina, biroz",,多少についての詳しい説明を聞きました。 (ozgina haqida batafsil tushuntirish eshitdik.)
N2 語彙 (文字・語彙・文法),学術,がくじゅつ,gakujutsu,"ilmiy, akademik",,学術についての詳しい説明を聞きました。 (ilmiy haqida batafsil tushuntirish eshitdik.)
N2 語彙 (文字・語彙・文法),実物,じつぶつ,jitsubutsu,"asl narsa, haqiqiy buyum",,実物についての詳しい説明を聞きました。 (asl narsa haqida batafsil tushuntirish eshitdik.)
N2 語彙 (文字・語彙・文法),実際,じっさい,jissai,"aslida, amalda",,実際についての詳しい説明を聞きました。 (aslida haqida batafsil tushuntirish eshitdik.)
N2 語彙 (文字・語彙・文法),工業,こうぎょう,kougyou,sanoat,,工業についての詳しい説明を聞きました。 (sanoat haqida batafsil tushuntirish eshitdik.)
N2 語彙 (文字・語彙・文法),平行,へいこう,heikou,"parallel, yonma-yon",,平行についての詳しい説明を聞きました。 (parallel haqida batafsil tushuntirish eshitdik.)
N2 語彙 (文字・語彙・文法),建築,けんちく,kenchiku,"qurilish, me'morlik",,建築についての詳しい説明を聞きました。 (qurilish haqida batafsil tushuntirish eshitdik.)
N2 語彙 (文字・語彙・文法),引退,いんたい,intai,"nafaqaga chiqish, faoliyatni tugatish",,引退についての詳しい説明を聞きました。 (nafaqaga chiqish haqida batafsil tushuntirish eshitdik.)
N2 語彙 (文字・語彙・文法),損害,そんがい,songai,"zarar, ziyon",,損害を未然に防ぐ対策を立てました。 (zararning oldini olish choralarini tuzdik.)
N2 語彙 (文字・語彙・文法),整理,せいり,seiri,tartibga solish,,社会の整理をしっかりと守ります。 (Jamiyatning tartibga solishiga qat'iy amal qilamiz.)
N2 語彙 (文字・語彙・文法),方向,ほうこう,houkou,"yo'nalish, tomon",,方向についての詳しい説明を聞きました。 (yo'nalish haqida batafsil tushuntirish eshitdik.)
N2 語彙 (文字・語彙・文法),方法,ほうほう,houhou,"usul, yo'l",,方法についての詳しい説明を聞きました。 (usul haqida batafsil tushuntirish eshitdik.)
N2 語彙 (文字・語彙・文法),方面,ほうめん,houmen',"soha, jihat, tomon",,方面についての詳しい説明を聞きました。 (soha haqida batafsil tushuntirish eshitdik.)
N2 語彙 (文字・語彙・文法),早速,さっそく,sassoku,"darhol, tezda",,早速についての詳しい説明を聞きました。 (darhol haqida batafsil tushuntirish eshitdik.)
N2 語彙 (文字・語彙・文法),材木,ざいもく,zaimoku,yog'och material,,材木についての詳しい説明を聞きました。 (yog'och material haqida batafsil tushuntirish eshitdik.)
N2 語彙 (文字・語彙・文法),検査,けんさ,kensa,tekshiruv,,検査についての詳しい説明を聞きました。 (tekshiruv haqida batafsil tushuntirish eshitdik.)
N2 語彙 (文字・語彙・文法),気味,きみ,kimi,"...ga moyil, sal ...",,気味についての詳しい説明を聞きました。 (...ga moyil haqida batafsil tushuntirish eshitdik.)
N2 語彙 (文字・語彙・文法),水平,すいへい,suihei,"gorizontal, tekis",,水平についての詳しい説明を聞きました。 (gorizontal haqida batafsil tushuntirish eshitdik.)
N2 語彙 (文字・語彙・文法),注文,ちゅうもん,chuumon',buyurtma,,注文についての詳しい説明を聞きました。 (buyurtma haqida batafsil tushuntirish eshitdik.)
N2 語彙 (文字・語彙・文法),測定,そくてい,sokutei,o'lchash,,測定についての詳しい説明を聞きました。 (o'lchash haqida batafsil tushuntirish eshitdik.)
N2 語彙 (文字・語彙・文法),火事,かじ,kaji,yong'in,,火事についての詳しい説明を聞きました。 (yong'in haqida batafsil tushuntirish eshitdik.)
N2 語彙 (文字・語彙・文法),特色,とくしょく,tokushoku,o'ziga xos xususiyat,,特色についての詳しい説明を聞きました。 (o'ziga xos xususiyat haqida batafsil tushuntirish eshitdik.)
N2 語彙 (文字・語彙・文法),用意,ようい,youi,"tayyorgarlik, tayyorlash",,用意についての詳しい説明を聞きました。 (tayyorgarlik haqida batafsil tushuntirish eshitdik.)
N2 語彙 (文字・語彙・文法),営業,えいぎょう,eigyou,savdo-tijorat faoliyati,,営業についての詳しい説明を聞きました。 (savdo-tijorat faoliyati haqida batafsil tushuntirish eshitdik.)
N2 語彙 (文字・語彙・文法),相当,そうとう,soutou,"ancha, salmoqli; mos",,計画通りに相当を進めていきます。 (Rejaga muvofiq anchani davom ettiramiz.)
N2 語彙 (文字・語彙・文法),相違,そうい,soui,"farq, tafovut",,相違についての詳しい説明を聞きました。 (farq haqida batafsil tushuntirish eshitdik.)
N2 語彙 (文字・語彙・文法),研究,けんきゅう,kenkyuu,tadqiqot,,研究についての詳しい説明を聞きました。 (tadqiqot haqida batafsil tushuntirish eshitdik.)
N2 語彙 (文字・語彙・文法),窓口,まどぐち,madoguchi,"qabul oynasi, kassa",,窓口についての詳しい説明を聞きました。 (qabul oynasi haqida batafsil tushuntirish eshitdik.)
N2 語彙 (文字・語彙・文法),絶対,ぜったい,zettai,"mutlaqo, aslo",,絶対についての詳しい説明を聞きました。 (mutlaqo haqida batafsil tushuntirish eshitdik.)
N2 語彙 (文字・語彙・文法),職業,しょくぎょう,shokugyou,"kasb, hunar",,職業についての詳しい説明を聞きました。 (kasb haqida batafsil tushuntirish eshitdik.)
N2 語彙 (文字・語彙・文法),苦心,くしん,kushin',"zahmat chekish, astoydil mehnat",,苦心についての詳しい説明を聞きました。 (zahmat chekish haqida batafsil tushuntirish eshitdik.)
N2 語彙 (文字・語彙・文法),行事,ぎょうじ,gyouji,"tadbir, marosim",,行事についての詳しい説明を聞きました。 (tadbir haqida batafsil tushuntirish eshitdik.)
N2 語彙 (文字・語彙・文法),表記,ひょうき,hyouki,"yozilish shakli, ifodalanish",,表記についての詳しい説明を聞きました。 (yozilish shakli haqida batafsil tushuntirish eshitdik.)
N2 語彙 (文字・語彙・文法),角度,かくど,kakudo,burchak,,角度についての詳しい説明を聞きました。 (burchak haqida batafsil tushuntirish eshitdik.)
N2 語彙 (文字・語彙・文法),言語,げんご,gengo,til (tizim sifatida),,言語についての詳しい説明を聞きました。 (til haqida batafsil tushuntirish eshitdik.)
N2 語彙 (文字・語彙・文法),計画,けいかく,keikaku,"reja, loyiha",,計画についての詳しい説明を聞きました。 (reja haqida batafsil tushuntirish eshitdik.)
N2 語彙 (文字・語彙・文法),訓練,くんれん,kunren',"mashq, tayyorgarlik",,訓練についての詳しい説明を聞きました。 (mashq haqida batafsil tushuntirish eshitdik.)
N2 語彙 (文字・語彙・文法),警告,けいこく,keikoku,ogohlantirish,,警告についての詳しい説明を聞きました。 (ogohlantirish haqida batafsil tushuntirish eshitdik.)
N2 語彙 (文字・語彙・文法),資本,しほん,shihon',"kapital, sarmoya",,資本についての詳しい説明を聞きました。 (kapital haqida batafsil tushuntirish eshitdik.)
N2 語彙 (文字・語彙・文法),追加,ついか,tsuika,"qo'shish, qo'shimcha",,追加についての詳しい説明を聞きました。 (qo'shish haqida batafsil tushuntirish eshitdik.)
N2 語彙 (文字・語彙・文法),都合,つごう,tsugou,"sharoit, qulay payt",,都合についての詳しい説明を聞きました。 (sharoit haqida batafsil tushuntirish eshitdik.)
N2 語彙 (文字・語彙・文法),防止,ぼうし,boushi,oldini olish,,防止についての詳しい説明を聞きました。 (oldini olish haqida batafsil tushuntirish eshitdik.)
N2 語彙 (文字・語彙・文法),音楽,おんがく,ongaku,musiqa,,音楽についての詳しい説明を聞きました。 (musiqa haqida batafsil tushuntirish eshitdik.)
N2 語彙 (文字・語彙・文法),一層,いっそう,issou,"yanada, bundan ham",,一層についての詳しい説明を聞きました。 (yanada haqida batafsil tushuntirish eshitdik.)
N2 語彙 (文字・語彙・文法),一流,いちりゅう,ichiryuu,"birinchi darajali, yetakchi",,一流についての詳しい説明を聞きました。 (birinchi darajali haqida batafsil tushuntirish eshitdik.)
N2 語彙 (文字・語彙・文法),一番,いちばん,ichiban',eng; birinchi,,一番についての詳しい説明を聞きました。 (eng haqida batafsil tushuntirish eshitdik.)
N2 語彙 (文字・語彙・文法),一緒,いっしょ,issho,"birga, birgalikda",,一緒についての詳しい説明を聞きました。 (birga haqida batafsil tushuntirish eshitdik.)
N2 語彙 (文字・語彙・文法),一軒,いっけん,ikken',bitta uy,,一軒についての詳しい説明を聞きました。 (bitta uy haqida batafsil tushuntirish eshitdik.)
N2 語彙 (文字・語彙・文法),一部,いちぶ,ichibu,bir qismi,,一部についての詳しい説明を聞きました。 (bir qismi haqida batafsil tushuntirish eshitdik.)
N2 語彙 (文字・語彙・文法),万人,ばんにん,bannin',"hamma, barcha",,万人についての詳しい説明を聞きました。 (hamma haqida batafsil tushuntirish eshitdik.)
N2 語彙 (文字・語彙・文法),上手,じょうず,jouzu,"epchil, mohir",,上手についての詳しい説明を聞きました。 (epchil haqida batafsil tushuntirish eshitdik.)
N2 語彙 (文字・語彙・文法),上空,じょうくう,joukuu,"osmon, yuqori havo",,上空についての詳しい説明を聞きました。 (osmon haqida batafsil tushuntirish eshitdik.)
N2 語彙 (文字・語彙・文法),上達,じょうたつ,joutatsu,mahorat oshishi,,上達についての詳しい説明を聞きました。 (mahorat oshishi haqida batafsil tushuntirish eshitdik.)
N2 語彙 (文字・語彙・文法),下車,げしゃ,gesha,transportdan tushish,,下車についての詳しい説明を聞きました。 (transportdan tushish haqida batafsil tushuntirish eshitdik.)
N2 語彙 (文字・語彙・文法),不平,ふへい,fuhei,"norozi, shikoyat",,不平についての詳しい説明を聞きました。 (norozi haqida batafsil tushuntirish eshitdik.)
N2 語彙 (文字・語彙・文法),不運,ふうん,fuun',"omadsizlik, baxtsizlik",,不運についての詳しい説明を聞きました。 (omadsizlik haqida batafsil tushuntirish eshitdik.)
N2 語彙 (文字・語彙・文法),世話,せわ,sewa,"g'amxo'rlik, parvarish",,世話についての詳しい説明を聞きました。 (g'amxo'rlik haqida batafsil tushuntirish eshitdik.)
N2 語彙 (文字・語彙・文法),中心,ちゅうしん,chuushin',markaz,,中心についての詳しい説明を聞きました。 (markaz haqida batafsil tushuntirish eshitdik.)
N2 語彙 (文字・語彙・文法),中止,ちゅうし,chuushi,"to'xtatish, bekor qilish",,計画通りに中止を進めていきます。 (Rejaga muvofiq to'xtatishni davom ettiramiz.)
N2 語彙 (文字・語彙・文法),主人,しゅじん,shujin',xo'jayin; uy egasi; er,,主人についての詳しい説明を聞きました。 (xo'jayin haqida batafsil tushuntirish eshitdik.)
N2 語彙 (文字・語彙・文法),主要,しゅよう,shuyou,"asosiy, muhim",,主要についての詳しい説明を聞きました。 (asosiy haqida batafsil tushuntirish eshitdik.)
N2 語彙 (文字・語彙・文法),乗客,じょうきゃく,joukyaku,yo'lovchi,,乗客についての詳しい説明を聞きました。 (yo'lovchi haqida batafsil tushuntirish eshitdik.)
N2 語彙 (文字・語彙・文法),乗車,じょうしゃ,jousha,transportga chiqish,,乗車についての詳しい説明を聞きました。 (transportga chiqish haqida batafsil tushuntirish eshitdik.)
N2 語彙 (文字・語彙・文法),乾季,かんき,kanki,qurg'oqchil mavsum,,乾季についての詳しい説明を聞きました。 (qurg'oqchil mavsum haqida batafsil tushuntirish eshitdik.)
N2 語彙 (文字・語彙・文法),予定,よてい,yotei,"reja, jadval",,予定についての詳しい説明を聞きました。 (reja haqida batafsil tushuntirish eshitdik.)
N2 語彙 (文字・語彙・文法),予想,よそう,yosou,"prognoz, taxmin",,予想についての詳しい説明を聞きました。 (prognoz haqida batafsil tushuntirish eshitdik.)
N2 語彙 (文字・語彙・文法),予算,よさん,yosan',byudjet,,予算についての詳しい説明を聞きました。 (byudjet haqida batafsil tushuntirish eshitdik.)
N2 語彙 (文字・語彙・文法),予習,よしゅう,yoshuu,darsga oldindan tayyorlanish,,予習についての詳しい説明を聞きました。 (darsga oldindan tayyorlanish haqida batafsil tushuntirish eshitdik.)
N2 語彙 (文字・語彙・文法),予防,よぼう,yobou,oldini olish (kasallik),,予防についての詳しい説明を聞きました。 (oldini olish haqida batafsil tushuntirish eshitdik.)
N2 語彙 (文字・語彙・文法),事務,じむ,jimu,"ish yuritish, idora ishi",,事務についての詳しい説明を聞きました。 (ish yuritish haqida batafsil tushuntirish eshitdik.)
N2 語彙 (文字・語彙・文法),事態,じたい,jitai,"vaziyat, holat",,事態についての詳しい説明を聞きました。 (vaziyat haqida batafsil tushuntirish eshitdik.)
N2 語彙 (文字・語彙・文法),事柄,ことがら,kotogara,"masala, ish, jihat",,事柄についての詳しい説明を聞きました。 (masala haqida batafsil tushuntirish eshitdik.)
N2 語彙 (文字・語彙・文法),交代,こうたい,koutai,"almashtirish, navbat almashish",,交代についての詳しい説明を聞きました。 (almashtirish haqida batafsil tushuntirish eshitdik.)
N2 語彙 (文字・語彙・文法),交差,こうさ,kousa,kesishish,,交差についての詳しい説明を聞きました。 (kesishish haqida batafsil tushuntirish eshitdik.)
N2 語彙 (文字・語彙・文法),交流,こうりゅう,kouryuu,"o'zaro aloqa, muloqot",,交流についての詳しい説明を聞きました。 (o'zaro aloqa haqida batafsil tushuntirish eshitdik.)
N2 語彙 (文字・語彙・文法),交通費,こうつうひ,koutsuuhi,transport xarajati,,交通費についての詳しい説明を聞きました。 (transport xarajati haqida batafsil tushuntirish eshitdik.)
N2 語彙 (文字・語彙・文法),交際,こうさい,kousai,"munosabat, aloqada bo'lish",,交際についての詳しい説明を聞きました。 (munosabat haqida batafsil tushuntirish eshitdik.)
N2 語彙 (文字・語彙・文法),人工,じんこう,jinkou,sun'iy,,人工についての詳しい説明を聞きました。 (sun'iy haqida batafsil tushuntirish eshitdik.)
N2 語彙 (文字・語彙・文法),付近,ふきん,fukin',"atrof, yaqin joy",,その付近の環境はとても快適です。 (Ushbu atrofning muhiti juda qulay.)
N2 語彙 (文字・語彙・文法),企業,きぎょう,kigyou,"korxona, kompaniya",,企業についての詳しい説明を聞きました。 (korxona haqida batafsil tushuntirish eshitdik.)
N2 語彙 (文字・語彙・文法),企画,きかく,kikaku,"reja, loyiha (tashabbus)",,企画についての詳しい説明を聞きました。 (reja haqida batafsil tushuntirish eshitdik.)
N2 語彙 (文字・語彙・文法),休暇,きゅうか,kyuuka,"ta'til, dam olish",,休暇についての詳しい説明を聞きました。 (ta'til haqida batafsil tushuntirish eshitdik.)
N2 語彙 (文字・語彙・文法),会合,かいごう,kaigou,"yig'ilish, uchrashuv",,会合についての詳しい説明を聞きました。 (yig'ilish haqida batafsil tushuntirish eshitdik.)
N2 語彙 (文字・語彙・文法),会館,かいかん,kaikan',"madaniyat saroyi, zal binosi",,その会館の環境はとても快適です。 (Ushbu madaniyat saroyining muhiti juda qulay.)
N2 語彙 (文字・語彙・文法),住宅,じゅうたく,juutaku,turar-joy,,その住宅の環境はとても快適です。 (Ushbu turar-joyning muhiti juda qulay.)
N2 語彙 (文字・語彙・文法),体制,たいせい,taisei,"tuzum, tizim",,体制についての詳しい説明を聞きました。 (tuzum haqida batafsil tushuntirish eshitdik.)
N2 語彙 (文字・語彙・文法),作品,さくひん,sakuhin',asar,,作品についての詳しい説明を聞きました。 (asar haqida batafsil tushuntirish eshitdik.)
N2 語彙 (文字・語彙・文法),作曲,さっきょく,sakkyoku,musiqa yozish,,作曲についての詳しい説明を聞きました。 (musiqa yozish haqida batafsil tushuntirish eshitdik.)
N2 語彙 (文字・語彙・文法),保健,ほけん,hoken',sog'liqni saqlash,,保健についての詳しい説明を聞きました。 (sog'liqni saqlash haqida batafsil tushuntirish eshitdik.)
N2 語彙 (文字・語彙・文法),保存,ほぞん,hozon',saqlash,,保存についての詳しい説明を聞きました。 (saqlash haqida batafsil tushuntirish eshitdik.)
N2 語彙 (文字・語彙・文法),修正,しゅうせい,shuusei,tuzatish,,修正についての詳しい説明を聞きました。 (tuzatish haqida batafsil tushuntirish eshitdik.)
N2 語彙 (文字・語彙・文法),停滞,ていたい,teitai,"to'xtab qolish, turg'unlik",,停滞についての詳しい説明を聞きました。 (to'xtab qolish haqida batafsil tushuntirish eshitdik.)
N2 語彙 (文字・語彙・文法),停車,ていしゃ,teisha,to'xtash (transport),,停車についての詳しい説明を聞きました。 (to'xtash haqida batafsil tushuntirish eshitdik.)
N2 語彙 (文字・語彙・文法),停電,ていでん,teiden',elektr o'chishi,,停電についての詳しい説明を聞きました。 (elektr o'chishi haqida batafsil tushuntirish eshitdik.)
N2 語彙 (文字・語彙・文法),傾向,けいこう,keikou,"moyillik, tendensiya",,傾向についての詳しい説明を聞きました。 (moyillik haqida batafsil tushuntirish eshitdik.)
N2 語彙 (文字・語彙・文法),先祖,せんぞ,senzo,ajdodlar,,先祖についての詳しい説明を聞きました。 (ajdodlar haqida batafsil tushuntirish eshitdik.)
N2 語彙 (文字・語彙・文法),免許,めんきょ,menkyo,"litsenziya, ruxsatnoma",,免許についての詳しい説明を聞きました。 (litsenziya haqida batafsil tushuntirish eshitdik.)
N2 語彙 (文字・語彙・文法),共同,きょうどう,kyoudou,"birgalikdagi, hamkorlik",,共同についての詳しい説明を聞きました。 (birgalikdagi haqida batafsil tushuntirish eshitdik.)
N2 語彙 (文字・語彙・文法),共有,きょうゆう,kyouyuu,birgalikda foydalanish,,技術の共有によって生活が便利になりました。 (Texnologiyaning birgalikda foydalanishi tufayli hayot qulaylashdi.)
N2 語彙 (文字・語彙・文法),共通,きょうつう,kyoutsuu,"umumiy, mushtarak",,共通についての詳しい説明を聞きました。 (umumiy haqida batafsil tushuntirish eshitdik.)
N2 語彙 (文字・語彙・文法),再三,さいさん,saisan',qayta-qayta,,再三についての詳しい説明を聞きました。 (qayta-qayta haqida batafsil tushuntirish eshitdik.)
N2 語彙 (文字・語彙・文法),再度,さいど,saido,yana bir marta,,再度についての詳しい説明を聞きました。 (yana bir marta haqida batafsil tushuntirish eshitdik.)
N2 語彙 (文字・語彙・文法),出場,しゅつじょう,shutsujou,qatnashish (musobaqada),,出場についての詳しい説明を聞きました。 (qatnashish haqida batafsil tushuntirish eshitdik.)
N2 語彙 (文字・語彙・文法),出席,しゅっせき,shusseki,qatnashish (majlisda),,出席についての詳しい説明を聞きました。 (qatnashish haqida batafsil tushuntirish eshitdik.)
N2 語彙 (文字・語彙・文法),分解,ぶんかい,bunkai,"ajratish, parchalash",,分解についての詳しい説明を聞きました。 (ajratish haqida batafsil tushuntirish eshitdik.)
N2 語彙 (文字・語彙・文法),分配,ぶんぱい,bunpai,taqsimlash,,分配についての詳しい説明を聞きました。 (taqsimlash haqida batafsil tushuntirish eshitdik.)
N2 語彙 (文字・語彙・文法),利害,りがい,rigai,manfaat va zarar,,利害を未然に防ぐ対策を立てました。 (manfaat va zararning oldini olish choralarini tuzdik.)
N2 語彙 (文字・語彙・文法),制限,せいげん,seigen',"cheklash, chegaralash",,制限についての詳しい説明を聞きました。 (cheklash haqida batafsil tushuntirish eshitdik.)
N2 語彙 (文字・語彙・文法),功績,こうせき,kouseki,"xizmat, yutuq",,技術の功績によって生活が便利になりました。 (Texnologiyaning xizmati tufayli hayot qulaylashdi.)
N2 語彙 (文字・語彙・文法),加工,かこう,kakou,qayta ishlash,,加工についての詳しい説明を聞きました。 (qayta ishlash haqida batafsil tushuntirish eshitdik.)
N2 語彙 (文字・語彙・文法),加熱,かねつ,kanetsu,"isitish, qizdirish",,加熱についての詳しい説明を聞きました。 (isitish haqida batafsil tushuntirish eshitdik.)
N2 語彙 (文字・語彙・文法),努力,どりょく,doryoku,"mehnat, harakat",,努力についての詳しい説明を聞きました。 (mehnat haqida batafsil tushuntirish eshitdik.)
N2 語彙 (文字・語彙・文法),勝手,かって,katte,"o'zicha, o'zboshimchalik",,勝手についての詳しい説明を聞きました。 (o'zicha haqida batafsil tushuntirish eshitdik.)
N2 語彙 (文字・語彙・文法),医学,いがく,igaku,tibbiyot fani,,医学についての詳しい説明を聞きました。 (tibbiyot fani haqida batafsil tushuntirish eshitdik.)
N2 語彙 (文字・語彙・文法),原理,げんり,genri,"prinsip, asos",,原理についての詳しい説明を聞きました。 (prinsip haqida batafsil tushuntirish eshitdik.)
N2 語彙 (文字・語彙・文法),参考,さんこう,sankou,"ma'lumot uchun, havola",,参考についての詳しい説明を聞きました。 (ma'lumot uchun haqida batafsil tushuntirish eshitdik.)
N2 語彙 (文字・語彙・文法),反抗,はんこう,hankou,qarshilik ko'rsatish,,反抗についての詳しい説明を聞きました。 (qarshilik ko'rsatish haqida batafsil tushuntirish eshitdik.)
N2 語彙 (文字・語彙・文法),反映,はんえい,han'ei,aks ettirish,,反映についての詳しい説明を聞きました。 (aks ettirish haqida batafsil tushuntirish eshitdik.)
N2 語彙 (文字・語彙・文法),反面,はんめん,hanmen',"aks tomoni, boshqa jihati",,反面についての詳しい説明を聞きました。 (aks tomoni haqida batafsil tushuntirish eshitdik.)
N2 語彙 (文字・語彙・文法),取引,とりひき,torihiki,"savdo, bitim",,取引についての詳しい説明を聞きました。 (savdo haqida batafsil tushuntirish eshitdik.)
N2 語彙 (文字・語彙・文法),変化,へんか,henka,o'zgarish,,変化についての詳しい説明を聞きました。 (o'zgarish haqida batafsil tushuntirish eshitdik.)
N2 語彙 (文字・語彙・文法),変更,へんこう,henkou,o'zgartirish,,変更についての詳しい説明を聞きました。 (o'zgartirish haqida batafsil tushuntirish eshitdik.)
N2 語彙 (文字・語彙・文法),口論,くちろん,kuchiron',"janjal, og'zaki tortishuv",,口論についての詳しい説明を聞きました。 (janjal haqida batafsil tushuntirish eshitdik.)
N2 語彙 (文字・語彙・文法),古典,こてん,koten',"klassika, qadimiy asar",,古典についての詳しい説明を聞きました。 (klassika haqida batafsil tushuntirish eshitdik.)
N2 語彙 (文字・語彙・文法),合理,ごうり,gouri,"mantiqiy, oqilona",,合理についての詳しい説明を聞きました。 (mantiqiy haqida batafsil tushuntirish eshitdik.)
N2 語彙 (文字・語彙・文法),合計,ごうけい,goukei,"jami, umumiy summa",,合計についての詳しい説明を聞きました。 (jami haqida batafsil tushuntirish eshitdik.)
N2 語彙 (文字・語彙・文法),同僚,どうりょう,douryou,hamkasb,,同僚についての詳しい説明を聞きました。 (hamkasb haqida batafsil tushuntirish eshitdik.)
N2 語彙 (文字・語彙・文法),名物,めいぶつ,meibutsu,mashhur mahalliy narsa/taom,,名物についての詳しい説明を聞きました。 (mashhur mahalliy narsa/taom haqida batafsil tushuntirish eshitdik.)
N2 語彙 (文字・語彙・文法),名産,めいさん,meisan',mashhur mahalliy mahsulot,,名産についての詳しい説明を聞きました。 (mashhur mahalliy mahsulot haqida batafsil tushuntirish eshitdik.)
N2 語彙 (文字・語彙・文法),周囲,しゅうい,shuui,"atrof, tevarak",,周囲についての詳しい説明を聞きました。 (atrof haqida batafsil tushuntirish eshitdik.)
N2 語彙 (文字・語彙・文法),周知,しゅうち,shuuchi,hammaga ma'lum,,周知についての詳しい説明を聞きました。 (hammaga ma'lum haqida batafsil tushuntirish eshitdik.)
N2 語彙 (文字・語彙・文法),喚起,かんき,kanki,"uyg'otish, jalb qilish",,計画通りに喚起を進めていきます。 (Rejaga muvofiq uyg'otishni davom ettiramiz.)
N2 語彙 (文字・語彙・文法),回復,かいふく,kaifuku,"tiklanish, yaxshilanish",,技術の回復によって生活が便利になりました。 (Texnologiyaning tiklanishi tufayli hayot qulaylashdi.)
N2 語彙 (文字・語彙・文法),国交,こっこう,kokkou,davlatlararo aloqalar,,国交についての詳しい説明を聞きました。 (davlatlararo aloqalar haqida batafsil tushuntirish eshitdik.)
N2 語彙 (文字・語彙・文法),国会,こっかい,kokkai,parlament,,国会についての詳しい説明を聞きました。 (parlament haqida batafsil tushuntirish eshitdik.)
N2 語彙 (文字・語彙・文法),地区,ちく,chiku,"tuman, hudud",,その地区の環境はとても快適です。 (Ushbu tumanning muhiti juda qulay.)
N2 語彙 (文字・語彙・文法),地点,ちてん,chiten',"nuqta, joy",,その地点の環境はとても快適です。 (Ushbu nuqtaning muhiti juda qulay.)
N2 語彙 (文字・語彙・文法),地面,じめん,jimen',yer yuzasi,,地面についての詳しい説明を聞きました。 (yer yuzasi haqida batafsil tushuntirish eshitdik.)
N2 語彙 (文字・語彙・文法),垂直,すいちょく,suichoku,vertikal,,垂直についての詳しい説明を聞きました。 (vertikal haqida batafsil tushuntirish eshitdik.)
N2 語彙 (文字・語彙・文法),場面,ばめん,bamen',"sahna, holat, vaziyat",,場面についての詳しい説明を聞きました。 (sahna haqida batafsil tushuntirish eshitdik.)
N2 語彙 (文字・語彙・文法),外交,がいこう,gaikou,tashqi siyosat,,外交についての詳しい説明を聞きました。 (tashqi siyosat haqida batafsil tushuntirish eshitdik.)
N2 語彙 (文字・語彙・文法),大勢,おおぜい,oozei,"ko'p odam, olomon",,大勢としての責任を持って行動します。 (ko'p odam sifatidagi mas'uliyat bilan harakat qilamiz.)
N2 語彙 (文字・語彙・文法),大臣,だいじん,daijin',vazir,,大臣についての詳しい説明を聞きました。 (vazir haqida batafsil tushuntirish eshitdik.)
N2 語彙 (文字・語彙・文法),大気,たいき,taiki,"atmosfera, havo",,大気についての詳しい説明を聞きました。 (atmosfera haqida batafsil tushuntirish eshitdik.)
N2 語彙 (文字・語彙・文法),始終,しじゅう,shijuu,"doimo, boshdan-oxir",,始終についての詳しい説明を聞きました。 (doimo haqida batafsil tushuntirish eshitdik.)
N2 語彙 (文字・語彙・文法),委員,いいん,iin',qo'mita a'zosi,,委員についての詳しい説明を聞きました。 (qo'mita a'zosi haqida batafsil tushuntirish eshitdik.)
N2 語彙 (文字・語彙・文法),存在,そんざい,sonzai,"mavjudlik, borliq",,存在についての詳しい説明を聞きました。 (mavjudlik haqida batafsil tushuntirish eshitdik.)
N2 語彙 (文字・語彙・文法),学会,がっかい,gakkai,ilmiy jamiyat,,学会についての詳しい説明を聞きました。 (ilmiy jamiyat haqida batafsil tushuntirish eshitdik.)
N2 語彙 (文字・語彙・文法),学士,がくし,gakushi,"bakalavr, ilmiy daraja",,学士についての詳しい説明を聞きました。 (bakalavr haqida batafsil tushuntirish eshitdik.)
N2 語彙 (文字・語彙・文法),学業,がくぎょう,gakugyou,"o'qish, tahsil",,学業についての詳しい説明を聞きました。 (o'qish haqida batafsil tushuntirish eshitdik.)
N2 語彙 (文字・語彙・文法),安全,あんぜん,anzen',"xavfsizlik, xavfsiz",,安全を未然に防ぐ対策を立てました。 (xavfsizlikning oldini olish choralarini tuzdik.)
N2 語彙 (文字・語彙・文法),宗教,しゅうきょう,shuukyou,din,,宗教についての詳しい説明を聞きました。 (din haqida batafsil tushuntirish eshitdik.)
N2 語彙 (文字・語彙・文法),実例,じつれい,jitsurei,amaliy misol,,実例についての詳しい説明を聞きました。 (amaliy misol haqida batafsil tushuntirish eshitdik.)
N2 語彙 (文字・語彙・文法),実習,じっしゅう,jisshuu,amaliy mashg'ulot,,実習についての詳しい説明を聞きました。 (amaliy mashg'ulot haqida batafsil tushuntirish eshitdik.)
N2 語彙 (文字・語彙・文法),家屋,かおく,kaoku,"uy-joy, bino",,その家屋の環境はとても快適です。 (Ushbu uy-joyning muhiti juda qulay.)
N2 語彙 (文字・語彙・文法),家庭,かてい,katei,"oila, xonadon",,家庭についての詳しい説明を聞きました。 (oila haqida batafsil tushuntirish eshitdik.)
N2 語彙 (文字・語彙・文法),宿泊,しゅくはく,shukuhaku,"tunash, turar joy",,その宿泊の環境はとても快適です。 (Ushbu tunashning muhiti juda qulay.)
N2 語彙 (文字・語彙・文法),寝台,しんだい,shindai,"karavot, krovat",,寝台についての詳しい説明を聞きました。 (karavot haqida batafsil tushuntirish eshitdik.)
N2 語彙 (文字・語彙・文法),対策,たいさく,taisaku,chora-tadbir,,対策についての詳しい説明を聞きました。 (chora-tadbir haqida batafsil tushuntirish eshitdik.)
N2 語彙 (文字・語彙・文法),就職,しゅうしょく,shuushoku,ishga joylashish,,その就職の環境はとても快適です。 (Ushbu ishga joylashishning muhiti juda qulay.)
N2 語彙 (文字・語彙・文法),工場,こうじょう,koujou,"zavod, fabrika",,工場についての詳しい説明を聞きました。 (zavod haqida batafsil tushuntirish eshitdik.)
N2 語彙 (文字・語彙・文法),工夫,くふう,kufuu,"puxta o'ylash, topqirlik",,工夫についての詳しい説明を聞きました。 (puxta o'ylash haqida batafsil tushuntirish eshitdik.)
N2 語彙 (文字・語彙・文法),差別,さべつ,sabetsu,"kamsitish, farqlash",,差別についての詳しい説明を聞きました。 (kamsitish haqida batafsil tushuntirish eshitdik.)
N2 語彙 (文字・語彙・文法),市場,しじょう,shijou,bozor,,市場についての詳しい説明を聞きました。 (bozor haqida batafsil tushuntirish eshitdik.)
N2 語彙 (文字・語彙・文法),冒険,ぼうけん,bouken',"sarguzasht, tavakkal ish",,冒険についての詳しい説明を聞きました。 (sarguzasht haqida batafsil tushuntirish eshitdik.)
N2 語彙 (文字・語彙・文法),発表,はっぴょう,happyou,"e'lon qilish, taqdim etish",,計画通りに発表を進めていきます。 (Rejaga muvofiq e'lon qilishni davom ettiramiz.)
N2 語彙 (文字・語彙・文法),出発,しゅっぱつ,shuppatsu,jo'nab ketish,,計画通りに出発を進めていきます。 (Rejaga muvofiq jo'nab ketishni davom ettiramiz.)
N2 語彙 (文字・語彙・文法),出動,しゅつどう,shutsudou,harakatga chiqish,,出動についての詳しい説明を聞きました。 (harakatga chiqish haqida batafsil tushuntirish eshitdik.)
N2 語彙 (文字・語彙・文法),出会い,であい,deai,"uchrashuv, tanishuv",,出会いについての詳しい説明を聞きました。 (uchrashuv haqida batafsil tushuntirish eshitdik.)
N2 語彙 (文字・語彙・文法),出席率,しゅっせきりつ,shussekiritsu,qatnashish foizi,,出席率についての詳しい説明を聞きました。 (qatnashish foizi haqida batafsil tushuntirish eshitdik.)
N2 語彙 (文字・語彙・文法),労働,ろうどう,roudou,"mehnat, ish",,労働についての詳しい説明を聞きました。 (mehnat haqida batafsil tushuntirish eshitdik.)
N2 語彙 (文字・語彙・文法),区別,くべつ,kubetsu,"farqlash, ajratish",,区別についての詳しい説明を聞きました。 (farqlash haqida batafsil tushuntirish eshitdik.)
N2 語彙 (文字・語彙・文法),単純,たんじゅん,tanjun',"oddiy, sodda",,単純についての詳しい説明を聞きました。 (oddiy haqida batafsil tushuntirish eshitdik.)
N2 語彙 (文字・語彙・文法),爆発,ばくはつ,bakuhatsu,portlash,,爆発についての詳しい説明を聞きました。 (portlash haqida batafsil tushuntirish eshitdik.)
N2 語彙 (文字・語彙・文法),参加,さんか,sanka,qatnashish,,参加についての詳しい説明を聞きました。 (qatnashish haqida batafsil tushuntirish eshitdik.)
N2 語彙 (文字・語彙・文法),可決,かけつ,kaketsu,qabul qilish (qaror),,計画通りに可決を進めていきます。 (Rejaga muvofiq qabul qilishni davom ettiramiz.)
N2 語彙 (文字・語彙・文法),売り場,うりば,uriba,"savdo bo'limi, do'kon bo'limi",,売り場についての詳しい説明を聞きました。 (savdo bo'limi haqida batafsil tushuntirish eshitdik.)
N2 語彙 (文字・語彙・文法),売買,ばいばい,baibai,oldi-sotdi,,売買についての詳しい説明を聞きました。 (oldi-sotdi haqida batafsil tushuntirish eshitdik.)
N2 語彙 (文字・語彙・文法),夜半,やはん,yahan',yarim kecha,,夜半についての詳しい説明を聞きました。 (yarim kecha haqida batafsil tushuntirish eshitdik.)
N2 語彙 (文字・語彙・文法),夜行,やこう,yakou,tungi qatnov,,夜行についての詳しい説明を聞きました。 (tungi qatnov haqida batafsil tushuntirish eshitdik.)
N2 語彙 (文字・語彙・文法),大会,たいかい,taikai,"katta musobaqa, qurultoy",,大会についての詳しい説明を聞きました。 (katta musobaqa haqida batafsil tushuntirish eshitdik.)
N2 語彙 (文字・語彙・文法),大学,だいがく,daigaku,universitet,,大学についての詳しい説明を聞きました。 (universitet haqida batafsil tushuntirish eshitdik.)
N2 語彙 (文字・語彙・文法),大盛,おおもり,oomori,katta porsiya,,大盛についての詳しい説明を聞きました。 (katta porsiya haqida batafsil tushuntirish eshitdik.)
N2 語彙 (文字・語彙・文法),天気予報,てんきよほう,tenkiyohou,ob-havo prognozi,,天気予報についての詳しい説明を聞きました。 (ob-havo prognozi haqida batafsil tushuntirish eshitdik.)
N2 語彙 (文字・語彙・文法),失意,しつい,shitsui,"umidsizlik, tushkunlik",,失意についての詳しい説明を聞きました。 (umidsizlik haqida batafsil tushuntirish eshitdik.)
N2 語彙 (文字・語彙・文法),失敗,しっぱい,shippai,"muvaffaqiyatsizlik, xato",,失敗を未然に防ぐ対策を立てました。 (muvaffaqiyatsizlikning oldini olish choralarini tuzdik.)
N2 語彙 (文字・語彙・文法),失業,しつぎょう,shitsugyou,ishsizlik,,失業についての詳しい説明を聞きました。 (ishsizlik haqida batafsil tushuntirish eshitdik.)
N2 語彙 (文字・語彙・文法),始末,しまつ,shimatsu,"yakun, oqibat; tozalash",,始末についての詳しい説明を聞きました。 (yakun haqida batafsil tushuntirish eshitdik.)
N2 語彙 (文字・語彙・文法),売店,ばいてん,baiten',"do'koncha, kiosk",,売店についての詳しい説明を聞きました。 (do'koncha haqida batafsil tushuntirish eshitdik.)
N2 語彙 (文字・語彙・文法),布地,ぬのじ,nunoji,matoning sifati/turi,,布地についての詳しい説明を聞きました。 (matoning sifati/turi haqida batafsil tushuntirish eshitdik.)
N2 語彙 (文字・語彙・文法),希望,きぼう,kibou,"umid, istak",,希望についての詳しい説明を聞きました。 (umid haqida batafsil tushuntirish eshitdik.)
N2 語彙 (文字・語彙・文法),平均,へいきん,heikin',o'rtacha,,平均についての詳しい説明を聞きました。 (o'rtacha haqida batafsil tushuntirish eshitdik.)
N2 語彙 (文字・語彙・文法),平日,へいじつ,heijitsu,"ish kuni, oddiy kun",,平日についての詳しい説明を聞きました。 (ish kuni haqida batafsil tushuntirish eshitdik.)
N2 語彙 (文字・語彙・文法),平穏,へいおん,heion',"tinch, osoyishta",,平穏についての詳しい説明を聞きました。 (tinch haqida batafsil tushuntirish eshitdik.)
N2 語彙 (文字・語彙・文法),平等,びょうどう,byoudou,tenglik,,平等についての詳しい説明を聞きました。 (tenglik haqida batafsil tushuntirish eshitdik.)
N2 語彙 (文字・語彙・文法),平野,へいや,heiya,"tekislik, dala",,平野についての詳しい説明を聞きました。 (tekislik haqida batafsil tushuntirish eshitdik.)
N2 語彙 (文字・語彙・文法),幸福,こうふく,koufuku,"baxt, saodat",,幸福についての詳しい説明を聞きました。 (baxt haqida batafsil tushuntirish eshitdik.)
N2 語彙 (文字・語彙・文法),延長,えんちょう,enchou,"uzaytirish, cho'zish",,延長についての詳しい説明を聞きました。 (uzaytirish haqida batafsil tushuntirish eshitdik.)
N2 語彙 (文字・語彙・文法),建造,けんぞう,kenzou,qurish (kema/bino),,その建造の環境はとても快適です。 (Ushbu qurishning muhiti juda qulay.)
N2 語彙 (文字・語彙・文法),引き出す,ひきだす,hikidasu,tortib chiqarmoq; chiqarib olmoq,,計画通りに引き出すを進めていきます。 (Rejaga muvofiq tortib chiqarmoqni davom ettiramiz.)
N2 語彙 (文字・語彙・文法),引き受ける,ひきうける,hikiukeru,"zimmaga olmoq, qabul qilmoq",,計画通りに引き受けるを進めていきます。 (Rejaga muvofiq zimmaga olmoqni davom ettiramiz.)
N2 語彙 (文字・語彙・文法),強力,きょうりょく,kyouryoku,"kuchli, qudratli",,強力についての詳しい説明を聞きました。 (kuchli haqida batafsil tushuntirish eshitdik.)
N2 語彙 (文字・語彙・文法),強化,きょうか,kyouka,kuchaytirish,,強化についての詳しい説明を聞きました。 (kuchaytirish haqida batafsil tushuntirish eshitdik.)
N2 語彙 (文字・語彙・文法),当然,とうぜん,touzen',"tabiiy, o'z-o'zidan",,当然についての詳しい説明を聞きました。 (tabiiy haqida batafsil tushuntirish eshitdik.)
N2 語彙 (文字・語彙・文法),役人,やくにん,yakunin',"amaldor, davlat xizmatchisi",,役人についての詳しい説明を聞きました。 (amaldor haqida batafsil tushuntirish eshitdik.)
N2 語彙 (文字・語彙・文法),役割,やくわり,yakuwari,"rol, vazifa",,役割についての詳しい説明を聞きました。 (rol haqida batafsil tushuntirish eshitdik.)
N2 語彙 (文字・語彙・文法),得意,とくい,tokui,biror ishni yaxshi qiladigan; o'ziga xos,,技術の得意によって生活が便利になりました。 (Texnologiyaning biror ishni yaxshi qiladigani tufayli hayot qulaylashdi.)
N2 語彙 (文字・語彙・文法),快晴,かいせい,kaisei,"ochiq, tiniq havo",,快晴についての詳しい説明を聞きました。 (ochiq haqida batafsil tushuntirish eshitdik.)
N2 語彙 (文字・語彙・文法),性質,せいしつ,seishitsu,"xususiyat, tabiat",,性質についての詳しい説明を聞きました。 (xususiyat haqida batafsil tushuntirish eshitdik.)
N2 語彙 (文字・語彙・文法),意外,いがい,igai,"kutilmagan, ajablanarli",,意外についての詳しい説明を聞きました。 (kutilmagan haqida batafsil tushuntirish eshitdik.)
N2 語彙 (文字・語彙・文法),意識,いしき,ishiki,"ong, ongli fikr; xabardorlik",,意識についての詳しい説明を聞きました。 (ong haqida batafsil tushuntirish eshitdik.)
N2 語彙 (文字・語彙・文法),感情,かんじょう,kanjou,"hissiyot, tuyg'u",,感情についての詳しい説明を聞きました。 (hissiyot haqida batafsil tushuntirish eshitdik.)
N2 語彙 (文字・語彙・文法),態度,たいど,taido,"munosabat, xatti-harakat",,態度についての詳しい説明を聞きました。 (munosabat haqida batafsil tushuntirish eshitdik.)
N2 語彙 (文字・語彙・文法),憲法,けんぽう,kenpou,konstitutsiya,,憲法についての詳しい説明を聞きました。 (konstitutsiya haqida batafsil tushuntirish eshitdik.)
N2 語彙 (文字・語彙・文法),成立,せいりつ,seiritsu,"tashkil topish, qabul qilinish",,成立についての詳しい説明を聞きました。 (tashkil topish haqida batafsil tushuntirish eshitdik.)
N2 語彙 (文字・語彙・文法),所在,しょざい,shozai,"joylashgan joy, manzil",,その所在の環境はとても快適です。 (Ushbu joylashgan joyning muhiti juda qulay.)
N2 語彙 (文字・語彙・文法),手段,しゅだん,shudan',"chora, vosita, usul",,手段についての詳しい説明を聞きました。 (chora haqida batafsil tushuntirish eshitdik.)
N2 語彙 (文字・語彙・文法),批評,ひひょう,hihyou,"tanqid, tahliliy baho",,批評についての詳しい説明を聞きました。 (tanqid haqida batafsil tushuntirish eshitdik.)
N2 語彙 (文字・語彙・文法),承知,しょうち,shouchi,"bilish, xabardor bo'lish; rozilik",,承知についての詳しい説明を聞きました。 (bilish haqida batafsil tushuntirish eshitdik.)
N2 語彙 (文字・語彙・文法),技術,ぎじゅつ,gijutsu,"texnika, texnologiya",,技術についての詳しい説明を聞きました。 (texnika haqida batafsil tushuntirish eshitdik.)
N2 語彙 (文字・語彙・文法),技術者,ぎじゅつしゃ,gijutsusha,"muhandis, texnik mutaxassis",,技術者についての詳しい説明を聞きました。 (muhandis haqida batafsil tushuntirish eshitdik.)
N2 語彙 (文字・語彙・文法),投書,とうしょ,tousho,xat/murojaat yozib yuborish,,投書についての詳しい説明を聞きました。 (xat/murojaat yozib yuborish haqida batafsil tushuntirish eshitdik.)
N2 語彙 (文字・語彙・文法),押す,おす,osu,"bosmoq, itarmoq",,計画通りに押すを進めていきます。 (Rejaga muvofiq bosmoqni davom ettiramiz.)
N2 語彙 (文字・語彙・文法),持参,じさん,jisan',o'zi bilan olib kelish,,持参についての詳しい説明を聞きました。 (o'zi bilan olib kelish haqida batafsil tushuntirish eshitdik.)
N2 語彙 (文字・語彙・文法),持ち直す,もちなおす,mochinaosu,"tiklanmoq, yaxshilanmoq",,技術の持ち直すによって生活が便利になりました。 (Texnologiyaning tiklanmoqi tufayli hayot qulaylashdi.)
N2 語彙 (文字・語彙・文法),指定,してい,shitei,"belgilash, tayinlash",,指定についての詳しい説明を聞きました。 (belgilash haqida batafsil tushuntirish eshitdik.)
N2 語彙 (文字・語彙・文法),採点,さいてん,saiten',"ball qo'yish, baholash",,採点についての詳しい説明を聞きました。 (ball qo'yish haqida batafsil tushuntirish eshitdik.)
N2 語彙 (文字・語彙・文法),接続,せつぞく,setsuzoku,"ulanish, biriktirish",,接続についての詳しい説明を聞きました。 (ulanish haqida batafsil tushuntirish eshitdik.)
N2 語彙 (文字・語彙・文法),接近,せっきん,sekkin',yaqinlashish,,接近についての詳しい説明を聞きました。 (yaqinlashish haqida batafsil tushuntirish eshitdik.)
N2 語彙 (文字・語彙・文法),換気,かんき,kanki,"havoni almashtirish, ventilyatsiya",,換気についての詳しい説明を聞きました。 (havoni almashtirish haqida batafsil tushuntirish eshitdik.)
N2 語彙 (文字・語彙・文法),損得,そんとく,sontoku,zarar va foyda,,損得を未然に防ぐ対策を立てました。 (zarar va foydaning oldini olish choralarini tuzdik.)
N2 語彙 (文字・語彙・文法),操作,そうさ,sousa,"boshqarish, ishlatish",,操作についての詳しい説明を聞きました。 (boshqarish haqida batafsil tushuntirish eshitdik.)
N2 語彙 (文字・語彙・文法),操縦,そうじゅう,soujuu,boshqarish (transport),,操縦についての詳しい説明を聞きました。 (boshqarish haqida batafsil tushuntirish eshitdik.)
N2 語彙 (文字・語彙・文法),支配,しはい,shihai,"hukmronlik, boshqaruv",,支配についての詳しい説明を聞きました。 (hukmronlik haqida batafsil tushuntirish eshitdik.)
N2 語彙 (文字・語彙・文法),収益,しゅうえき,shuueki,"daromad, foyda",,技術の収益によって生活が便利になりました。 (Texnologiyaning daromadi tufayli hayot qulaylashdi.)
N2 語彙 (文字・語彙・文法),改札,かいさつ,kaisatsu,chiptani tekshirish (bekatda),,改札についての詳しい説明を聞きました。 (chiptani tekshirish haqida batafsil tushuntirish eshitdik.)
N2 語彙 (文字・語彙・文法),改造,かいぞう,kaizou,"qayta qurish, o'zgartirish",,改造についての詳しい説明を聞きました。 (qayta qurish haqida batafsil tushuntirish eshitdik.)
N2 語彙 (文字・語彙・文法),政党,せいとう,seitou,siyosiy partiya,,政党についての詳しい説明を聞きました。 (siyosiy partiya haqida batafsil tushuntirish eshitdik.)
N2 語彙 (文字・語彙・文法),政治,せいじ,seiji,siyosat,,政治についての詳しい説明を聞きました。 (siyosat haqida batafsil tushuntirish eshitdik.)
N2 語彙 (文字・語彙・文法),効果,こうか,kouka,"samara, ta'sir",,効果についての詳しい説明を聞きました。 (samara haqida batafsil tushuntirish eshitdik.)
N2 語彙 (文字・語彙・文法),救助,きゅうじょ,kyuujo,"qutqarish, yordam",,救助についての詳しい説明を聞きました。 (qutqarish haqida batafsil tushuntirish eshitdik.)
N2 語彙 (文字・語彙・文法),教授,きょうじゅ,kyouju,professor; o'qitish,,教授についての詳しい説明を聞きました。 (professor haqida batafsil tushuntirish eshitdik.)
N2 語彙 (文字・語彙・文法),数冊,すうさつ,suusatsu,bir necha kitob/dona,,数冊についての詳しい説明を聞きました。 (bir necha kitob/dona haqida batafsil tushuntirish eshitdik.)
N2 語彙 (文字・語彙・文法),数字,すうじ,suuji,raqam,,数字についての詳しい説明を聞きました。 (raqam haqida batafsil tushuntirish eshitdik.)
N2 語彙 (文字・語彙・文法),文明,ぶんめい,bunmei,"tsivilizatsiya, madaniyat",,文明についての詳しい説明を聞きました。 (tsivilizatsiya haqida batafsil tushuntirish eshitdik.)
N2 語彙 (文字・語彙・文法),文法,ぶんぽう,bunpou,grammatika,,文法についての詳しい説明を聞きました。 (grammatika haqida batafsil tushuntirish eshitdik.)
N2 語彙 (文字・語彙・文法),文芸,ぶんげい,bungei,adabiyot va san'at,,文芸についての詳しい説明を聞きました。 (adabiyot va san'at haqida batafsil tushuntirish eshitdik.)
N2 語彙 (文字・語彙・文法),方針,ほうしん,houshin',"yo'nalish, siyosat kursi",,方針についての詳しい説明を聞きました。 (yo'nalish haqida batafsil tushuntirish eshitdik.)
N2 語彙 (文字・語彙・文法),日本語,にほんご,nihongo,yapon tili,,日本語についての詳しい説明を聞きました。 (yapon tili haqida batafsil tushuntirish eshitdik.)
N2 語彙 (文字・語彙・文法),日課,にっか,nikka,kundalik mashg'ulot/odat,,日課についての詳しい説明を聞きました。 (kundalik mashg'ulot/odat haqida batafsil tushuntirish eshitdik.)
N2 語彙 (文字・語彙・文法),映画,えいが,eiga,"kino, film",,映画についての詳しい説明を聞きました。 (kino haqida batafsil tushuntirish eshitdik.)
N2 語彙 (文字・語彙・文法),暴発,ぼうはつ,bouhatsu,o'zboshimchalik bilan otilish/portlash,,暴発についての詳しい説明を聞きました。 (o'zboshimchalik bilan otilish/portlash haqida batafsil tushuntirish eshitdik.)
N2 語彙 (文字・語彙・文法),書物,しょもつ,shomotsu,"kitob, asar",,書物についての詳しい説明を聞きました。 (kitob haqida batafsil tushuntirish eshitdik.)
N2 語彙 (文字・語彙・文法),書類,しょるい,shorui,hujjatlar,,書類についての詳しい説明を聞きました。 (hujjatlar haqida batafsil tushuntirish eshitdik.)
N2 語彙 (文字・語彙・文法),最初,さいしょ,saisho,"birinchi, eng avval",,最初についての詳しい説明を聞きました。 (birinchi haqida batafsil tushuntirish eshitdik.)
N2 語彙 (文字・語彙・文法),最後,さいご,saigo,"oxirgi, eng so'nggi",,最後についての詳しい説明を聞きました。 (oxirgi haqida batafsil tushuntirish eshitdik.)
N2 語彙 (文字・語彙・文法),本部,ほんぶ,honbu,"bosh idora, markaz",,本部についての詳しい説明を聞きました。 (bosh idora haqida batafsil tushuntirish eshitdik.)
N2 語彙 (文字・語彙・文法),条件,じょうけん,jouken',"shart, sharoit",,条件についての詳しい説明を聞きました。 (shart haqida batafsil tushuntirish eshitdik.)
N2 語彙 (文字・語彙・文法),枝木,えだき,edaki,"shox-shabba, novda",,枝木についての詳しい説明を聞きました。 (shox-shabba haqida batafsil tushuntirish eshitdik.)
N2 語彙 (文字・語彙・文法),案内,あんない,annai,"yo'l ko'rsatish, tanishtirish",,案内についての詳しい説明を聞きました。 (yo'l ko'rsatish haqida batafsil tushuntirish eshitdik.)
N2 語彙 (文字・語彙・文法),森林,しんりん,shinrin',o'rmon,,森林についての詳しい説明を聞きました。 (o'rmon haqida batafsil tushuntirish eshitdik.)
N2 語彙 (文字・語彙・文法),植木,うえき,ueki,"manzarali o'simlik, ko'chat",,植木についての詳しい説明を聞きました。 (manzarali o'simlik haqida batafsil tushuntirish eshitdik.)
N2 語彙 (文字・語彙・文法),植物,しょくぶつ,shokubutsu,o'simlik,,植物についての詳しい説明を聞きました。 (o'simlik haqida batafsil tushuntirish eshitdik.)
N2 語彙 (文字・語彙・文法),楽器,がっき,gakki,musiqa asbobi,,楽器についての詳しい説明を聞きました。 (musiqa asbobi haqida batafsil tushuntirish eshitdik.)
N2 語彙 (文字・語彙・文法),構成,こうせい,kousei,"tuzilish, tarkib",,構成についての詳しい説明を聞きました。 (tuzilish haqida batafsil tushuntirish eshitdik.)
N2 語彙 (文字・語彙・文法),機能,きのう,kinou,"funksiya, vazifa",,機能についての詳しい説明を聞きました。 (funksiya haqida batafsil tushuntirish eshitdik.)
N2 語彙 (文字・語彙・文法),正確,せいかく,seikaku,"aniq, to'g'ri",,正確についての詳しい説明を聞きました。 (aniq haqida batafsil tushuntirish eshitdik.)
N2 語彙 (文字・語彙・文法),正面,しょうめん,shoumen',"old tomon, yuz",,正面についての詳しい説明を聞きました。 (old tomon haqida batafsil tushuntirish eshitdik.)
N2 語彙 (文字・語彙・文法),歩道,ほどう,hodou,piyodalar yo'li,,歩道についての詳しい説明を聞きました。 (piyodalar yo'li haqida batafsil tushuntirish eshitdik.)
N2 語彙 (文字・語彙・文法),死人,しにん,shinin',"o'lik, marhum",,死人についての詳しい説明を聞きました。 (o'lik haqida batafsil tushuntirish eshitdik.)
N2 語彙 (文字・語彙・文法),死体,したい,shitai,jasad,,死体についての詳しい説明を聞きました。 (jasad haqida batafsil tushuntirish eshitdik.)
N2 語彙 (文字・語彙・文法),殺人,さつじん,satsujin',qotillik,,殺人についての詳しい説明を聞きました。 (qotillik haqida batafsil tushuntirish eshitdik.)
N2 語彙 (文字・語彙・文法),毎日,まいにち,mainichi,har kuni,,毎日についての詳しい説明を聞きました。 (har kuni haqida batafsil tushuntirish eshitdik.)
N2 語彙 (文字・語彙・文法),比較,ひかく,hikaku,"qiyoslash, solishtirish",,比較についての詳しい説明を聞きました。 (qiyoslash haqida batafsil tushuntirish eshitdik.)
N2 語彙 (文字・語彙・文法),民主,みんしゅ,minshu,demokratik,,民主についての詳しい説明を聞きました。 (demokratik haqida batafsil tushuntirish eshitdik.)
N2 語彙 (文字・語彙・文法),気温,きおん,kion',havo harorati,,気温についての詳しい説明を聞きました。 (havo harorati haqida batafsil tushuntirish eshitdik.)
N2 語彙 (文字・語彙・文法),気候,きこう,kikou,iqlim,,気候についての詳しい説明を聞きました。 (iqlim haqida batafsil tushuntirish eshitdik.)
N2 語彙 (文字・語彙・文法),水分,すいぶん,suibun',"namlik, suv miqdori",,水分についての詳しい説明を聞きました。 (namlik haqida batafsil tushuntirish eshitdik.)
N2 語彙 (文字・語彙・文法),水準,すいじゅん,suijun',"daraja, saviya",,水準についての詳しい説明を聞きました。 (daraja haqida batafsil tushuntirish eshitdik.)
N2 語彙 (文字・語彙・文法),永久,えいきゅう,eikyuu,"abadiy, doimiy",,永久についての詳しい説明を聞きました。 (abadiy haqida batafsil tushuntirish eshitdik.)
N2 語彙 (文字・語彙・文法),決定,けってい,kettei,"qaror, hal qilish",,計画通りに決定を進めていきます。 (Rejaga muvofiq qarorni davom ettiramiz.)
N2 語彙 (文字・語彙・文法),沈没,ちんぼつ,chinbotsu,cho'kish (kema),,沈没についての詳しい説明を聞きました。 (cho'kish haqida batafsil tushuntirish eshitdik.)
N2 語彙 (文字・語彙・文法),法定,ほうてい,houtei,qonuniy belgilangan,,社会の法定をしっかりと守ります。 (Jamiyatning qonuniy belgilanganiga qat'iy amal qilamiz.)
N2 語彙 (文字・語彙・文法),注目,ちゅうもく,chuumoku,"diqqat, e'tibor",,注目についての詳しい説明を聞きました。 (diqqat haqida batafsil tushuntirish eshitdik.)
N2 語彙 (文字・語彙・文法),治療,ちりょう,chiryou,davolash,,治療についての詳しい説明を聞きました。 (davolash haqida batafsil tushuntirish eshitdik.)
N2 語彙 (文字・語彙・文法),深刻,しんこく,shinkoku,"jiddiy, og'ir",,深刻についての詳しい説明を聞きました。 (jiddiy haqida batafsil tushuntirish eshitdik.)
N2 語彙 (文字・語彙・文法),清潔,せいけつ,seiketsu,"toza, pokiza",,清潔についての詳しい説明を聞きました。 (toza haqida batafsil tushuntirish eshitdik.)
N2 語彙 (文字・語彙・文法),演説,えんぜつ,enzetsu,"nutq, ma'ruza",,演説についての詳しい説明を聞きました。 (nutq haqida batafsil tushuntirish eshitdik.)
N2 語彙 (文字・語彙・文法),火災,かさい,kasai,yong'in (falokat),,火災についての詳しい説明を聞きました。 (yong'in haqida batafsil tushuntirish eshitdik.)
N2 語彙 (文字・語彙・文法),無料,むりょう,muryou,bepul,,無料についての詳しい説明を聞きました。 (bepul haqida batafsil tushuntirish eshitdik.)
N2 語彙 (文字・語彙・文法),無駄,むだ,muda,"befoyda, zoye",,技術の無駄によって生活が便利になりました。 (Texnologiyaning befoydai tufayli hayot qulaylashdi.)
N2 語彙 (文字・語彙・文法),熱心,ねっしん,nesshin',"g'ayratli, astoydil",,熱心についての詳しい説明を聞きました。 (g'ayratli haqida batafsil tushuntirish eshitdik.)
N2 語彙 (文字・語彙・文法),犯人,はんにん,hannin',"jinoyatchi, ayblanuvchi",,犯人についての詳しい説明を聞きました。 (jinoyatchi haqida batafsil tushuntirish eshitdik.)
N2 語彙 (文字・語彙・文法),犯罪,はんざい,hanzai,jinoyat,,犯罪についての詳しい説明を聞きました。 (jinoyat haqida batafsil tushuntirish eshitdik.)
N2 語彙 (文字・語彙・文法),現金,げんきん,genkin',naqd pul,,現金についての詳しい説明を聞きました。 (naqd pul haqida batafsil tushuntirish eshitdik.)
N2 語彙 (文字・語彙・文法),現象,げんしょう,genshou,"hodisa, fenomen",,現象についての詳しい説明を聞きました。 (hodisa haqida batafsil tushuntirish eshitdik.)
N2 語彙 (文字・語彙・文法),理由,りゆう,riyuu,"sabab, vaj",,理由についての詳しい説明を聞きました。 (sabab haqida batafsil tushuntirish eshitdik.)
N2 語彙 (文字・語彙・文法),生活費,せいかつひ,seikatsuhi,turmush xarajati,,生活費についての詳しい説明を聞きました。 (turmush xarajati haqida batafsil tushuntirish eshitdik.)
N2 語彙 (文字・語彙・文法),生じる,しょうじる,shoujiru,yuzaga kelmoq,,計画通りに生じるを進めていきます。 (Rejaga muvofiq yuzaga kelmoqni davom ettiramiz.)
N2 語彙 (文字・語彙・文法),生徒,せいと,seito,o'quvchi,,生徒についての詳しい説明を聞きました。 (o'quvchi haqida batafsil tushuntirish eshitdik.)
N2 語彙 (文字・語彙・文法),田舎,いなか,inaka,"qishloq, chekka joy",,その田舎の環境はとても快適です。 (Ushbu qishloqning muhiti juda qulay.)
N2 語彙 (文字・語彙・文法),目的地,もくてきち,mokutekichi,boriladigan manzil,,目的地についての詳しい説明を聞きました。 (boriladigan manzil haqida batafsil tushuntirish eshitdik.)
N2 語彙 (文字・語彙・文法),相手,あいて,aite,"suhbatdosh, hamkor, raqib",,相手についての詳しい説明を聞きました。 (suhbatdosh haqida batafsil tushuntirish eshitdik.)
N2 語彙 (文字・語彙・文法),相互,そうご,sougo,o'zaro,,相互についての詳しい説明を聞きました。 (o'zaro haqida batafsil tushuntirish eshitdik.)
N2 語彙 (文字・語彙・文法),研究者,けんきゅうしゃ,kenkyuusha,tadqiqotchi,,研究者についての詳しい説明を聞きました。 (tadqiqotchi haqida batafsil tushuntirish eshitdik.)
N2 語彙 (文字・語彙・文法),矛盾,むじゅん,mujun',"ziddiyat, qarama-qarshilik",,矛盾についての詳しい説明を聞きました。 (ziddiyat haqida batafsil tushuntirish eshitdik.)
N2 語彙 (文字・語彙・文法),石炭,せきたん,sekitan',ko'mir,,石炭についての詳しい説明を聞きました。 (ko'mir haqida batafsil tushuntirish eshitdik.)
N2 語彙 (文字・語彙・文法),破壊,はかい,hakai,"buzish, vayron qilish",,計画通りに破壊を進めていきます。 (Rejaga muvofiq buzishni davom ettiramiz.)
N2 語彙 (文字・語彙・文法),確認,かくにん,kakunin',tekshirib tasdiqlash,,確認についての詳しい説明を聞きました。 (tekshirib tasdiqlash haqida batafsil tushuntirish eshitdik.)
N2 語彙 (文字・語彙・文法),礼儀,れいぎ,reigi,"odob, xushmuomalalik",,礼儀についての詳しい説明を聞きました。 (odob haqida batafsil tushuntirish eshitdik.)
N2 語彙 (文字・語彙・文法),社会,しゃかい,shakai,jamiyat,,社会についての詳しい説明を聞きました。 (jamiyat haqida batafsil tushuntirish eshitdik.)
N2 語彙 (文字・語彙・文法),神社,じんじゃ,jinja,sintoizm ibodatxonasi,,神社についての詳しい説明を聞きました。 (sintoizm ibodatxonasi haqida batafsil tushuntirish eshitdik.)
N2 語彙 (文字・語彙・文法),禁止事項,きんしじこう,kinshijikou,taqiqlangan narsalar,,禁止事項についての詳しい説明を聞きました。 (taqiqlangan narsalar haqida batafsil tushuntirish eshitdik.)
N2 語彙 (文字・語彙・文法),科学,かがく,kagaku,fan (tabiiy),,科学についての詳しい説明を聞きました。 (fan haqida batafsil tushuntirish eshitdik.)
N2 語彙 (文字・語彙・文法),積極的,せっきょくてき,sekkyokuteki,"faol, tashabbuskor",,積極的についての詳しい説明を聞きました。 (faol haqida batafsil tushuntirish eshitdik.)
N2 語彙 (文字・語彙・文法),移民,いみん,imin',"muhojir, immigrant",,移民についての詳しい説明を聞きました。 (muhojir haqida batafsil tushuntirish eshitdik.)
N2 語彙 (文字・語彙・文法),程度,ていど,teido,"daraja, me'yor",,程度についての詳しい説明を聞きました。 (daraja haqida batafsil tushuntirish eshitdik.)
N2 語彙 (文字・語彙・文法),積む,つむ,tsumu,"to'plamoq, terib qo'ymoq",,計画通りに積むを進めていきます。 (Rejaga muvofiq to'plamoqni davom ettiramiz.)
N2 語彙 (文字・語彙・文法),空港,くうこう,kuukou,aeroport,,空港についての詳しい説明を聞きました。 (aeroport haqida batafsil tushuntirish eshitdik.)
N2 語彙 (文字・語彙・文法),突然,とつぜん,totsuzen',"to'satdan, birdan",,突然についての詳しい説明を聞きました。 (to'satdan haqida batafsil tushuntirish eshitdik.)
N2 語彙 (文字・語彙・文法),競争,きょうそう,kyousou,raqobat,,競争についての詳しい説明を聞きました。 (raqobat haqida batafsil tushuntirish eshitdik.)
N2 語彙 (文字・語彙・文法),笑顔,えがお,egao,tabassum,,笑顔についての詳しい説明を聞きました。 (tabassum haqida batafsil tushuntirish eshitdik.)
N2 語彙 (文字・語彙・文法),答案,とうあん,touan',javoblar varaqasi,,答案についての詳しい説明を聞きました。 (javoblar varaqasi haqida batafsil tushuntirish eshitdik.)
N2 語彙 (文字・語彙・文法),筋道,すじみち,sujimichi,"mantiqiy yo'l, ketma-ketlik",,筋道についての詳しい説明を聞きました。 (mantiqiy yo'l haqida batafsil tushuntirish eshitdik.)
N2 語彙 (文字・語彙・文法),管理,かんり,kanri,"boshqarish, nazorat",,管理についての詳しい説明を聞きました。 (boshqarish haqida batafsil tushuntirish eshitdik.)
N2 語彙 (文字・語彙・文法),精一杯,せいいっぱい,seiippai,bor kuchi bilan,,精一杯についての詳しい説明を聞きました。 (bor kuchi bilan haqida batafsil tushuntirish eshitdik.)
N2 語彙 (文字・語彙・文法),結果,けっか,kekka,natija,,結果についての詳しい説明を聞きました。 (natija haqida batafsil tushuntirish eshitdik.)
N2 語彙 (文字・語彙・文法),総額,そうがく,sougaku,umumiy summa,,総額についての詳しい説明を聞きました。 (umumiy summa haqida batafsil tushuntirish eshitdik.)
N2 語彙 (文字・語彙・文法),経済,けいざい,keizai,iqtisodiyot,,経済についての詳しい説明を聞きました。 (iqtisodiyot haqida batafsil tushuntirish eshitdik.)
N2 語彙 (文字・語彙・文法),練習問題,れんしゅうもんだい,renshuumondai,mashq masalasi,,練習問題についての詳しい説明を聞きました。 (mashq masalasi haqida batafsil tushuntirish eshitdik.)
N2 語彙 (文字・語彙・文法),罪,つみ,tsumi,"jinoyat, ayb",,罪についての詳しい説明を聞きました。 (jinoyat haqida batafsil tushuntirish eshitdik.)
N2 語彙 (文字・語彙・文法),美しい,うつくしい,utsukushii,"chiroyli, go'zal",,美しいについての詳しい説明を聞きました。 (chiroyli haqida batafsil tushuntirish eshitdik.)
N2 語彙 (文字・語彙・文法),義務,ぎむ,gimu,"majburiyat, burch",,義務についての詳しい説明を聞きました。 (majburiyat haqida batafsil tushuntirish eshitdik.)
N2 語彙 (文字・語彙・文法),老人,ろうじん,roujin',"qariya, keksa kishi",,老人についての詳しい説明を聞きました。 (qariya haqida batafsil tushuntirish eshitdik.)
N2 語彙 (文字・語彙・文法),背景,はいけい,haikei,"fon, zamin; sharoit",,背景についての詳しい説明を聞きました。 (fon haqida batafsil tushuntirish eshitdik.)
N2 語彙 (文字・語彙・文法),自信,じしん,jishin',o'ziga ishonch,,自信についての詳しい説明を聞きました。 (o'ziga ishonch haqida batafsil tushuntirish eshitdik.)
N2 語彙 (文字・語彙・文法),興味,きょうみ,kyoumi,qiziqish,,興味についての詳しい説明を聞きました。 (qiziqish haqida batafsil tushuntirish eshitdik.)
N2 語彙 (文字・語彙・文法),苦手,にがて,nigate,"yoqtirmaydigan, qiyinlik qiladigan",,苦手についての詳しい説明を聞きました。 (yoqtirmaydigan haqida batafsil tushuntirish eshitdik.)
N2 語彙 (文字・語彙・文法),英会話,えいかいわ,eikaiwa,ingliz tilida suhbat,,英会話についての詳しい説明を聞きました。 (ingliz tilida suhbat haqida batafsil tushuntirish eshitdik.)
N2 語彙 (文字・語彙・文法),茶色,ちゃいろ,chairo,jigarrang,,茶色についての詳しい説明を聞きました。 (jigarrang haqida batafsil tushuntirish eshitdik.)
N2 語彙 (文字・語彙・文法),荷物,にもつ,nimotsu,"yuk, bagaj",,荷物についての詳しい説明を聞きました。 (yuk haqida batafsil tushuntirish eshitdik.)
N2 語彙 (文字・語彙・文法),獲得,かくとく,kakutoku,qo'lga kiritish,,獲得についての詳しい説明を聞きました。 (qo'lga kiritish haqida batafsil tushuntirish eshitdik.)
N2 語彙 (文字・語彙・文法),発表会,はっぴょうかい,happyoukai,taqdimot tadbiri,,発表会についての詳しい説明を聞きました。 (taqdimot tadbiri haqida batafsil tushuntirish eshitdik.)
N2 語彙 (文字・語彙・文法),表情,ひょうじょう,hyoujou,yuz ifodasi,,表情についての詳しい説明を聞きました。 (yuz ifodasi haqida batafsil tushuntirish eshitdik.)
N2 語彙 (文字・語彙・文法),裁判,さいばん,saiban',"sud, sud jarayoni",,裁判についての詳しい説明を聞きました。 (sud haqida batafsil tushuntirish eshitdik.)
N2 語彙 (文字・語彙・文法),要旨,ようし,youshi,"asosiy mazmun, xulosa",,要旨についての詳しい説明を聞きました。 (asosiy mazmun haqida batafsil tushuntirish eshitdik.)
N2 語彙 (文字・語彙・文法),要望,ようぼう,youbou,"talab, istak",,要望についての詳しい説明を聞きました。 (talab haqida batafsil tushuntirish eshitdik.)
N2 語彙 (文字・語彙・文法),見事,みごと,migoto,"ajoyib, zo'r",,その見事の環境はとても快適です。 (Ushbu ajoyibning muhiti juda qulay.)
N2 語彙 (文字・語彙・文法),調査,ちょうさ,chousa,"tadqiqot, tekshiruv",,調査についての詳しい説明を聞きました。 (tadqiqot haqida batafsil tushuntirish eshitdik.)
N2 語彙 (文字・語彙・文法),説明,せつめい,setsumei,"tushuntirish, izoh",,説明についての詳しい説明を聞きました。 (tushuntirish haqida batafsil tushuntirish eshitdik.)
N2 語彙 (文字・語彙・文法),調整,ちょうせい,chousei,"moslash, tartibga solish",,社会の調整をしっかりと守ります。 (Jamiyatning moslashiga qat'iy amal qilamiz.)
N2 語彙 (文字・語彙・文法),象徴,しょうちょう,shouchou,"ramz, timsol",,象徴についての詳しい説明を聞きました。 (ramz haqida batafsil tushuntirish eshitdik.)
N2 語彙 (文字・語彙・文法),豪華,ごうか,gouka,"hashamatli, dabdabali",,豪華についての詳しい説明を聞きました。 (hashamatli haqida batafsil tushuntirish eshitdik.)
N2 語彙 (文字・語彙・文法),貝,かい,kai,"chig'anoq, qisqichbaqasimon",,貝についての詳しい説明を聞きました。 (chig'anoq haqida batafsil tushuntirish eshitdik.)
N2 語彙 (文字・語彙・文法),貧しい,まずしい,mazushii,kambag'al,,貧しいについての詳しい説明を聞きました。 (kambag'al haqida batafsil tushuntirish eshitdik.)
N2 語彙 (文字・語彙・文法),貿易,ぼうえき,boueki,tashqi savdo,,貿易についての詳しい説明を聞きました。 (tashqi savdo haqida batafsil tushuntirish eshitdik.)
N2 語彙 (文字・語彙・文法),身分,みぶん,mibun',"ijtimoiy mavqe, holat",,身分についての詳しい説明を聞きました。 (ijtimoiy mavqe haqida batafsil tushuntirish eshitdik.)
N2 語彙 (文字・語彙・文法),軸,じく,jiku,"o'q, val",,軸についての詳しい説明を聞きました。 (o'q haqida batafsil tushuntirish eshitdik.)
N2 語彙 (文字・語彙・文法),道徳,どうとく,doutoku,"axloq, odob",,道徳についての詳しい説明を聞きました。 (axloq haqida batafsil tushuntirish eshitdik.)
N2 語彙 (文字・語彙・文法),適切,てきせつ,tekisetsu,"mos, o'rinli",,適切についての詳しい説明を聞きました。 (mos haqida batafsil tushuntirish eshitdik.)
N2 語彙 (文字・語彙・文法),遺産,いさん,isan',meros,,遺産についての詳しい説明を聞きました。 (meros haqida batafsil tushuntirish eshitdik.)
N2 語彙 (文字・語彙・文法),都市,とし,toshi,shahar,,都市についての詳しい説明を聞きました。 (shahar haqida batafsil tushuntirish eshitdik.)
N2 語彙 (文字・語彙・文法),重役,じゅうやく,juuyaku,"rahbariyat a'zosi, direktor",,重役についての詳しい説明を聞きました。 (rahbariyat a'zosi haqida batafsil tushuntirish eshitdik.)
N2 語彙 (文字・語彙・文法),金額表示,きんがくひょうじ,kingakuhyouji,summani ko'rsatish,,金額表示についての詳しい説明を聞きました。 (summani ko'rsatish haqida batafsil tushuntirish eshitdik.)
N2 語彙 (文字・語彙・文法),鉄道,てつどう,tetsudou,temir yo'l,,鉄道についての詳しい説明を聞きました。 (temir yo'l haqida batafsil tushuntirish eshitdik.)
N2 語彙 (文字・語彙・文法),関連,かんれん,kanren',"aloqadorlik, bog'liqlik",,関連についての詳しい説明を聞きました。 (aloqadorlik haqida batafsil tushuntirish eshitdik.)
N2 語彙 (文字・語彙・文法),関心,かんしん,kanshin',"qiziqish, e'tibor",,関心についての詳しい説明を聞きました。 (qiziqish haqida batafsil tushuntirish eshitdik.)
N2 語彙 (文字・語彙・文法),限る,かぎる,kagiru,"cheklanmoq, ... bilan chegaralanmoq",,計画通りに限るを進めていきます。 (Rejaga muvofiq cheklanmoqni davom ettiramiz.)
N2 語彙 (文字・語彙・文法),难度,なんど,nando,qiyinlik darajasi,,难度についての詳しい説明を聞きました。 (qiyinlik darajasi haqida batafsil tushuntirish eshitdik.)
N2 語彙 (文字・語彙・文法),青年,せいねん,seinen',"yigit, yosh yigit",,青年についての詳しい説明を聞きました。 (yigit haqida batafsil tushuntirish eshitdik.)
N2 語彙 (文字・語彙・文法),静か,しずか,shizuka,"jim, sokin",,静かについての詳しい説明を聞きました。 (jim haqida batafsil tushuntirish eshitdik.)
N2 語彙 (文字・語彙・文法),面積,めんせき,menseki,"maydon, yuza",,その面積の環境はとても快適です。 (Ushbu maydonning muhiti juda qulay.)
N2 語彙 (文字・語彙・文法),順調,じゅんちょう,junchou,"yaxshi ketayotgan, ravon",,技術の順調によって生活が便利になりました。 (Texnologiyaning yaxshi ketayotgani tufayli hayot qulaylashdi.)
N2 語彙 (文字・語彙・文法),予測,よそく,yosoku,"oldindan aytish, prognoz",,予測についての詳しい説明を聞きました。 (oldindan aytish haqida batafsil tushuntirish eshitdik.)
N2 語彙 (文字・語彙・文法),食料,しょくりょう,shokuryou,"oziq-ovqat, oziq",,食料についての詳しい説明を聞きました。 (oziq-ovqat haqida batafsil tushuntirish eshitdik.)
N2 語彙 (文字・語彙・文法),駅前,えきまえ,ekimae,bekat oldi,,駅前についての詳しい説明を聞きました。 (bekat oldi haqida batafsil tushuntirish eshitdik.)
N2 語彙 (文字・語彙・文法),高価,こうか,kouka,qimmat,,高価についての詳しい説明を聞きました。 (qimmat haqida batafsil tushuntirish eshitdik.)
N2 語彙 (文字・語彙・文法),鮮やか,あざやか,azayaka,"yorqin, ravshan",,鮮やかについての詳しい説明を聞きました。 (yorqin haqida batafsil tushuntirish eshitdik.)
N2 語彙 (文字・語彙・文法),黄身,きみ,kimi,tuxum sarig'i,,黄身についての詳しい説明を聞きました。 (tuxum sarig'i haqida batafsil tushuntirish eshitdik.)
N2 語彙 (文字・語彙・文法),水滴,すいてき,suiteki,suv tomchisi,,水滴についての詳しい説明を聞きました。 (suv tomchisi haqida batafsil tushuntirish eshitdik.)
N2 語彙 (文字・語彙・文法),水着,みずぎ,mizugi,cho'milish kiyimi,,水着についての詳しい説明を聞きました。 (cho'milish kiyimi haqida batafsil tushuntirish eshitdik.)
N2 語彙 (文字・語彙・文法),水道,すいどう,suidou,"suv quvuri, suv ta'minoti",,水道についての詳しい説明を聞きました。 (suv quvuri haqida batafsil tushuntirish eshitdik.)
N2 語彙 (文字・語彙・文法),水産,すいさん,suisan',baliqchilik va dengiz mahsulotlari,,水産についての詳しい説明を聞きました。 (baliqchilik va dengiz mahsulotlari haqida batafsil tushuntirish eshitdik.)
N2 語彙 (文字・語彙・文法),注射,ちゅうしゃ,chuusha,"in'ektsiya, ukol",,注射についての詳しい説明を聞きました。 (in'ektsiya haqida batafsil tushuntirish eshitdik.)
N2 語彙 (文字・語彙・文法),活用,かつよう,katsuyou,unumli foydalanish,,技術の活用によって生活が便利になりました。 (Texnologiyaning unumli foydalanishi tufayli hayot qulaylashdi.)
N2 語彙 (文字・語彙・文法),流行,りゅうこう,ryuukou,"moda, ommalashuv",,流行についての詳しい説明を聞きました。 (moda haqida batafsil tushuntirish eshitdik.)
N2 語彙 (文字・語彙・文法),海外,かいがい,kaigai,"xorij, chet el",,海外についての詳しい説明を聞きました。 (xorij haqida batafsil tushuntirish eshitdik.)
N2 語彙 (文字・語彙・文法),海洋,かいよう,kaiyou,"okean, dengiz",,海洋についての詳しい説明を聞きました。 (okean haqida batafsil tushuntirish eshitdik.)
N2 語彙 (文字・語彙・文法),消化,しょうか,shouka,hazm qilish; o'zlashtirish,,計画通りに消化を進めていきます。 (Rejaga muvofiq hazm qilishni davom ettiramiz.)
N2 語彙 (文字・語彙・文法),消極的,しょうきょくてき,shoukyokuteki,"sust, passiv",,消極的についての詳しい説明を聞きました。 (sust haqida batafsil tushuntirish eshitdik.)
N2 語彙 (文字・語彙・文法),深夜,しんや,shin'ya,yarim tundan keyingi vaqt,,深夜についての詳しい説明を聞きました。 (yarim tundan keyingi vaqt haqida batafsil tushuntirish eshitdik.)
N2 語彙 (文字・語彙・文法),混雑,こんざつ,konzatsu,"tirbandlik, gavjumlik",,混雑についての詳しい説明を聞きました。 (tirbandlik haqida batafsil tushuntirish eshitdik.)
N2 語彙 (文字・語彙・文法),温度,おんど,ondo,harorat,,温度についての詳しい説明を聞きました。 (harorat haqida batafsil tushuntirish eshitdik.)
N2 語彙 (文字・語彙・文法),温暖,おんだん,ondan',"iliq, mo''tadil",,温暖についての詳しい説明を聞きました。 (iliq haqida batafsil tushuntirish eshitdik.)
N2 語彙 (文字・語彙・文法),測量,そくりょう,sokuryou,o'lchash (yer),,測量についての詳しい説明を聞きました。 (o'lchash haqida batafsil tushuntirish eshitdik.)
N2 語彙 (文字・語彙・文法),準備,じゅんび,junbi,tayyorgarlik,,準備についての詳しい説明を聞きました。 (tayyorgarlik haqida batafsil tushuntirish eshitdik.)
N2 語彙 (文字・語彙・文法),漁業,ぎょぎょう,gyogyou,baliqchilik,,漁業についての詳しい説明を聞きました。 (baliqchilik haqida batafsil tushuntirish eshitdik.)
N2 語彙 (文字・語彙・文法),演劇,えんげき,engeki,"teatr san'ati, drama",,演劇についての詳しい説明を聞きました。 (teatr san'ati haqida batafsil tushuntirish eshitdik.)
N2 語彙 (文字・語彙・文法),演奏,えんそう,ensou,ijro (musiqa),,演奏についての詳しい説明を聞きました。 (ijro haqida batafsil tushuntirish eshitdik.)
N2 語彙 (文字・語彙・文法),演習,えんしゅう,enshuu,"mashq, amaliy seminar",,演習についての詳しい説明を聞きました。 (mashq haqida batafsil tushuntirish eshitdik.)
N2 語彙 (文字・語彙・文法),火山,かざん,kazan',vulqon,,火山についての詳しい説明を聞きました。 (vulqon haqida batafsil tushuntirish eshitdik.)
N2 語彙 (文字・語彙・文法),火薬,かやく,kayaku,porox,,火薬についての詳しい説明を聞きました。 (porox haqida batafsil tushuntirish eshitdik.)
N2 語彙 (文字・語彙・文法),物質,ぶっしつ,busshitsu,modda,,物質についての詳しい説明を聞きました。 (modda haqida batafsil tushuntirish eshitdik.)
N2 語彙 (文字・語彙・文法),特定,とくてい,tokutei,"aniq belgilangan, muayyan",,特定についての詳しい説明を聞きました。 (aniq belgilangan haqida batafsil tushuntirish eshitdik.)
N2 語彙 (文字・語彙・文法),状態,じょうたい,joutai,"holat, ahvol",,状態についての詳しい説明を聞きました。 (holat haqida batafsil tushuntirish eshitdik.)
N2 語彙 (文字・語彙・文法),独立,どくりつ,dokuritsu,"mustaqillik, mustaqil",,独立についての詳しい説明を聞きました。 (mustaqillik haqida batafsil tushuntirish eshitdik.)
N2 語彙 (文字・語彙・文法),理性,りせい,risei,"aql, ong",,理性についての詳しい説明を聞きました。 (aql haqida batafsil tushuntirish eshitdik.)
N2 語彙 (文字・語彙・文法),理想,りそう,risou,"ideal, orzu",,理想についての詳しい説明を聞きました。 (ideal haqida batafsil tushuntirish eshitdik.)
N2 語彙 (文字・語彙・文法),理解,りかい,rikai,"tushunish, idrok",,理解についての詳しい説明を聞きました。 (tushunish haqida batafsil tushuntirish eshitdik.)
N2 語彙 (文字・語彙・文法),生命,せいめい,seimei,"hayot, jon",,生命についての詳しい説明を聞きました。 (hayot haqida batafsil tushuntirish eshitdik.)
N2 語彙 (文字・語彙・文法),生存,せいぞん,seizon',"yashab qolish, mavjudlik",,生存についての詳しい説明を聞きました。 (yashab qolish haqida batafsil tushuntirish eshitdik.)
N2 語彙 (文字・語彙・文法),生意気,なまいき,namaiki,"takabbur, o'zini katta oluvchi",,生意気についての詳しい説明を聞きました。 (takabbur haqida batafsil tushuntirish eshitdik.)
N2 語彙 (文字・語彙・文法),産地,さんち,sanchi,ishlab chiqarilgan hudud,,その産地の環境はとても快適です。 (Ushbu ishlab chiqarilgan hududning muhiti juda qulay.)
N2 語彙 (文字・語彙・文法),産業,さんぎょう,sangyou,sanoat tarmog'i,,産業についての詳しい説明を聞きました。 (sanoat tarmog'i haqida batafsil tushuntirish eshitdik.)
N2 語彙 (文字・語彙・文法),用語,ようご,yougo,"atama, termin",,用語についての詳しい説明を聞きました。 (atama haqida batafsil tushuntirish eshitdik.)
N2 語彙 (文字・語彙・文法),発行,はっこう,hakkou,"chiqarish, nashr etish",,計画通りに発行を進めていきます。 (Rejaga muvofiq chiqarishni davom ettiramiz.)
N2 語彙 (文字・語彙・文法),登場,とうじょう,toujou,"sahnaga chiqish, paydo bo'lish",,登場についての詳しい説明を聞きました。 (sahnaga chiqish haqida batafsil tushuntirish eshitdik.)
N2 語彙 (文字・語彙・文法),目的,もくてき,mokuteki,maqsad,,目的についての詳しい説明を聞きました。 (maqsad haqida batafsil tushuntirish eshitdik.)
N2 語彙 (文字・語彙・文法),目立つ,めだつ,medatsu,ko'zga tashlanmoq,,計画通りに目立つを進めていきます。 (Rejaga muvofiq ko'zga tashlanmoqni davom ettiramiz.)
N2 語彙 (文字・語彙・文法),直接,ちょくせつ,chokusetsu,"bevosita, to'g'ridan-to'g'ri",,直接についての詳しい説明を聞きました。 (bevosita haqida batafsil tushuntirish eshitdik.)
N2 語彙 (文字・語彙・文法),直線,ちょくせん,chokusen',to'g'ri chiziq,,直線についての詳しい説明を聞きました。 (to'g'ri chiziq haqida batafsil tushuntirish eshitdik.)
N2 語彙 (文字・語彙・文法),直角,ちょっかく,chokkaku,to'g'ri burchak,,直角についての詳しい説明を聞きました。 (to'g'ri burchak haqida batafsil tushuntirish eshitdik.)
N2 語彙 (文字・語彙・文法),直通,ちょくつう,chokutsuu,to'g'ridan-to'g'ri qatnov,,直通についての詳しい説明を聞きました。 (to'g'ridan-to'g'ri qatnov haqida batafsil tushuntirish eshitdik.)
N2 語彙 (文字・語彙・文法),相談,そうだん,soudan',maslahatlashish,,相談についての詳しい説明を聞きました。 (maslahatlashish haqida batafsil tushuntirish eshitdik.)
N2 語彙 (文字・語彙・文法),省略,しょうりゃく,shouryaku,"qisqartirish, tushirib qoldirish",,省略についての詳しい説明を聞きました。 (qisqartirish haqida batafsil tushuntirish eshitdik.)
N2 語彙 (文字・語彙・文法),真夜中,まよなか,mayonaka,yarim tun,,真夜中についての詳しい説明を聞きました。 (yarim tun haqida batafsil tushuntirish eshitdik.)
N2 語彙 (文字・語彙・文法),真理,しんり,shinri,"haqiqat, chin",,真理についての詳しい説明を聞きました。 (haqiqat haqida batafsil tushuntirish eshitdik.)
N2 語彙 (文字・語彙・文法),知識,ちしき,chishiki,bilim,,知識についての詳しい説明を聞きました。 (bilim haqida batafsil tushuntirish eshitdik.)
N2 語彙 (文字・語彙・文法),短縮,たんしゅく,tanshuku,qisqartirish,,短縮についての詳しい説明を聞きました。 (qisqartirish haqida batafsil tushuntirish eshitdik.)
N2 語彙 (文字・語彙・文法),確実,かくじつ,kakujitsu,"aniq, ishonchli",,確実についての詳しい説明を聞きました。 (aniq haqida batafsil tushuntirish eshitdik.)
N2 語彙 (文字・語彙・文法),社員,しゃいん,shain',kompaniya xodimi,,社員としての責任を持って行動します。 (kompaniya xodimi sifatidagi mas'uliyat bilan harakat qilamiz.)
N2 語彙 (文字・語彙・文法),祝賀,しゅくが,shukuga,"tabrik, bayram",,祝賀についての詳しい説明を聞きました。 (tabrik haqida batafsil tushuntirish eshitdik.)
N2 語彙 (文字・語彙・文法),空想,くうそう,kuusou,"xayol, fantaziya",,空想についての詳しい説明を聞きました。 (xayol haqida batafsil tushuntirish eshitdik.)
N2 語彙 (文字・語彙・文法),空気,くうき,kuuki,havo,,空気についての詳しい説明を聞きました。 (havo haqida batafsil tushuntirish eshitdik.)
N2 語彙 (文字・語彙・文法),空間,くうかん,kuukan',"bo'shliq, makon",,空間についての詳しい説明を聞きました。 (bo'shliq haqida batafsil tushuntirish eshitdik.)
N2 語彙 (文字・語彙・文法),競技,きょうぎ,kyougi,sport musobaqasi,,競技についての詳しい説明を聞きました。 (sport musobaqasi haqida batafsil tushuntirish eshitdik.)
N2 語彙 (文字・語彙・文法),等分,とうぶん,toubun',teng bo'laklarga bo'lish,,等分についての詳しい説明を聞きました。 (teng bo'laklarga bo'lish haqida batafsil tushuntirish eshitdik.)
N2 語彙 (文字・語彙・文法),算数,さんすう,sansuu,arifmetika,,算数についての詳しい説明を聞きました。 (arifmetika haqida batafsil tushuntirish eshitdik.)
N2 語彙 (文字・語彙・文法),精神,せいしん,seishin',"ruh, ruhiyat",,精神についての詳しい説明を聞きました。 (ruh haqida batafsil tushuntirish eshitdik.)
N2 語彙 (文字・語彙・文法),系統,けいとう,keitou,"tizim, shajara",,系統についての詳しい説明を聞きました。 (tizim haqida batafsil tushuntirish eshitdik.)
N2 語彙 (文字・語彙・文法),純情,じゅんじょう,junjou,"pokiza, sof qalbli",,純情についての詳しい説明を聞きました。 (pokiza haqida batafsil tushuntirish eshitdik.)
N2 語彙 (文字・語彙・文法),紹介,しょうかい,shoukai,"tanishtirish, tavsiya",,紹介についての詳しい説明を聞きました。 (tanishtirish haqida batafsil tushuntirish eshitdik.)
N2 語彙 (文字・語彙・文法),組織,そしき,soshiki,"tashkilot, tuzilma",,組織についての詳しい説明を聞きました。 (tashkilot haqida batafsil tushuntirish eshitdik.)
N2 語彙 (文字・語彙・文法),経由,けいゆ,keiyu,"... orqali, yo'l bilan",,経由についての詳しい説明を聞きました。 (... orqali haqida batafsil tushuntirish eshitdik.)
N2 語彙 (文字・語彙・文法),結婚,けっこん,kekkon',"turmush qurish, uylanish",,結婚についての詳しい説明を聞きました。 (turmush qurish haqida batafsil tushuntirish eshitdik.)
N2 語彙 (文字・語彙・文法),給料,きゅうりょう,kyuuryou,"maosh, oylik",,給料についての詳しい説明を聞きました。 (maosh haqida batafsil tushuntirish eshitdik.)
N2 語彙 (文字・語彙・文法),絹地,きぬじ,kinuji,ipak mato,,絹地についての詳しい説明を聞きました。 (ipak mato haqida batafsil tushuntirish eshitdik.)
N2 語彙 (文字・語彙・文法),線路,せんろ,senro,temir yo'l,,線路についての詳しい説明を聞きました。 (temir yo'l haqida batafsil tushuntirish eshitdik.)
N2 語彙 (文字・語彙・文法),編物,あみもの,amimono,"to'qilgan buyum, to'qish",,編物についての詳しい説明を聞きました。 (to'qilgan buyum haqida batafsil tushuntirish eshitdik.)
N2 語彙 (文字・語彙・文法),緩和,かんわ,kanwa,"yumshatish, yengillatish",,緩和についての詳しい説明を聞きました。 (yumshatish haqida batafsil tushuntirish eshitdik.)
N2 語彙 (文字・語彙・文法),絵本,えほん,ehon',rasmli kitob,,絵本についての詳しい説明を聞きました。 (rasmli kitob haqida batafsil tushuntirish eshitdik.)
N2 語彙 (文字・語彙・文法),育児,いくじ,ikuji,bola tarbiyasi,,育児についての詳しい説明を聞きました。 (bola tarbiyasi haqida batafsil tushuntirish eshitdik.)
N2 語彙 (文字・語彙・文法),脚本,きゃくほん,kyakuhon',"ssenariy, pyesa matni",,脚本についての詳しい説明を聞きました。 (ssenariy haqida batafsil tushuntirish eshitdik.)
N2 語彙 (文字・語彙・文法),膨大,ぼうだい,boudai,"juda katta, ulkan",,膨大についての詳しい説明を聞きました。 (juda katta haqida batafsil tushuntirish eshitdik.)
N2 語彙 (文字・語彙・文法),臨時,りんじ,rinji,"vaqtinchalik, favqulodda",,臨時についての詳しい説明を聞きました。 (vaqtinchalik haqida batafsil tushuntirish eshitdik.)
N2 語彙 (文字・語彙・文法),自然,しぜん,shizen',tabiat; tabiiy,,自然についての詳しい説明を聞きました。 (tabiat haqida batafsil tushuntirish eshitdik.)
N2 語彙 (文字・語彙・文法),至急,しきゅう,shikyuu,zudlik bilan,,至急についての詳しい説明を聞きました。 (zudlik bilan haqida batafsil tushuntirish eshitdik.)
N2 語彙 (文字・語彙・文法),舞台,ぶたい,butai,sahna,,舞台についての詳しい説明を聞きました。 (sahna haqida batafsil tushuntirish eshitdik.)
N2 語彙 (文字・語彙・文法),航空,こうくう,koukuu,"aviatsiya, havo qatnovi",,航空についての詳しい説明を聞きました。 (aviatsiya haqida batafsil tushuntirish eshitdik.)
N2 語彙 (文字・語彙・文法),若者,わかもの,wakamono,"yosh, yigit-qiz",,若者についての詳しい説明を聞きました。 (yosh haqida batafsil tushuntirish eshitdik.)
N2 語彙 (文字・語彙・文法),苦情,くじょう,kujou,"shikoyat, norozilik",,苦情についての詳しい説明を聞きました。 (shikoyat haqida batafsil tushuntirish eshitdik.)
N2 語彙 (文字・語彙・文法),苦痛,くつう,kutsuu,"azob, og'riq",,苦痛についての詳しい説明を聞きました。 (azob haqida batafsil tushuntirish eshitdik.)
N2 語彙 (文字・語彙・文法),薬品,やくひん,yakuhin',"dori-darmon, kimyoviy modda",,薬品についての詳しい説明を聞きました。 (dori-darmon haqida batafsil tushuntirish eshitdik.)
N2 語彙 (文字・語彙・文法),行方,ゆくえ,yukue,"qayerda ekani, taqdiri",,行方についての詳しい説明を聞きました。 (qayerda ekani haqida batafsil tushuntirish eshitdik.)
N2 語彙 (文字・語彙・文法),衣服,いふく,ifuku,kiyim-kechak,,衣服についての詳しい説明を聞きました。 (kiyim-kechak haqida batafsil tushuntirish eshitdik.)
N2 語彙 (文字・語彙・文法),装置,そうち,souchi,"qurilma, uskuna",,装置についての詳しい説明を聞きました。 (qurilma haqida batafsil tushuntirish eshitdik.)
N2 語彙 (文字・語彙・文法),製品,せいひん,seihin',"mahsulot, tayyor mahsulot",,製品についての詳しい説明を聞きました。 (mahsulot haqida batafsil tushuntirish eshitdik.)
N2 語彙 (文字・語彙・文法),見学,けんがく,kengaku,"borib ko'rish, kuzatish",,見学についての詳しい説明を聞きました。 (borib ko'rish haqida batafsil tushuntirish eshitdik.)
N2 語彙 (文字・語彙・文法),見物,けんぶつ,kenbutsu,"tomosha qilish, sayr",,計画通りに見物を進めていきます。 (Rejaga muvofiq tomosha qilishni davom ettiramiz.)
N2 語彙 (文字・語彙・文法),規則,きそく,kisoku,"qoida, tartib",,社会の規則をしっかりと守ります。 (Jamiyatning qoidaiga qat'iy amal qilamiz.)
N2 語彙 (文字・語彙・文法),親族,しんぞく,shinzoku,qarindoshlar,,親族についての詳しい説明を聞きました。 (qarindoshlar haqida batafsil tushuntirish eshitdik.)
N2 語彙 (文字・語彙・文法),観測,かんそく,kansoku,"kuzatish, o'lchash",,観測についての詳しい説明を聞きました。 (kuzatish haqida batafsil tushuntirish eshitdik.)
N2 語彙 (文字・語彙・文法),解放,かいほう,kaihou,"ozod qilish, erkin qoldirish",,計画通りに解放を進めていきます。 (Rejaga muvofiq ozod qilishni davom ettiramiz.)
N2 語彙 (文字・語彙・文法),解散,かいさん,kaisan',"tarqatib yuborish, tarqalish",,解散についての詳しい説明を聞きました。 (tarqatib yuborish haqida batafsil tushuntirish eshitdik.)
N2 語彙 (文字・語彙・文法),記事,きじ,kiji,"maqola, xabar",,記事についての詳しい説明を聞きました。 (maqola haqida batafsil tushuntirish eshitdik.)
N2 語彙 (文字・語彙・文法),記念,きねん,kinen',"xotira, yodgorlik",,記念についての詳しい説明を聞きました。 (xotira haqida batafsil tushuntirish eshitdik.)
N2 語彙 (文字・語彙・文法),記者,きしゃ,kisha,"jurnalist, muxbir",,記者についての詳しい説明を聞きました。 (jurnalist haqida batafsil tushuntirish eshitdik.)
N2 語彙 (文字・語彙・文法),訪問,ほうもん,houmon',"tashrif, ziyorat",,訪問についての詳しい説明を聞きました。 (tashrif haqida batafsil tushuntirish eshitdik.)
N2 語彙 (文字・語彙・文法),設計,せっけい,sekkei,"loyihalash, dizayn",,設計についての詳しい説明を聞きました。 (loyihalash haqida batafsil tushuntirish eshitdik.)
N2 語彙 (文字・語彙・文法),診察,しんさつ,shinsatsu,tibbiy ko'rik,,診察についての詳しい説明を聞きました。 (tibbiy ko'rik haqida batafsil tushuntirish eshitdik.)
N2 語彙 (文字・語彙・文法),評論,ひょうろん,hyouron',"tanqidiy maqola, sharh",,評論についての詳しい説明を聞きました。 (tanqidiy maqola haqida batafsil tushuntirish eshitdik.)
N2 語彙 (文字・語彙・文法),説明書,せつめいしょ,setsumeisho,"qo'llanma, izohli hujjat",,説明書についての詳しい説明を聞きました。 (qo'llanma haqida batafsil tushuntirish eshitdik.)
N2 語彙 (文字・語彙・文法),調子,ちょうし,choushi,"holat, ahvol; ohang",,調子についての詳しい説明を聞きました。 (holat haqida batafsil tushuntirish eshitdik.)
N2 語彙 (文字・語彙・文法),講堂,こうどう,koudou,ma'ruzalar zali,,講堂についての詳しい説明を聞きました。 (ma'ruzalar zali haqida batafsil tushuntirish eshitdik.)
N2 語彙 (文字・語彙・文法),講演,こうえん,kouen',"ma'ruza, nutq",,講演についての詳しい説明を聞きました。 (ma'ruza haqida batafsil tushuntirish eshitdik.)
N2 語彙 (文字・語彙・文法),警察,けいさつ,keisatsu,politsiya,,警察についての詳しい説明を聞きました。 (politsiya haqida batafsil tushuntirish eshitdik.)
N2 語彙 (文字・語彙・文法),議員,ぎいん,giin',"deputat, parlament a'zosi",,議員についての詳しい説明を聞きました。 (deputat haqida batafsil tushuntirish eshitdik.)
N2 語彙 (文字・語彙・文法),豊富,ほうふ,houfu,"mo'l-ko'l, boy",,豊富についての詳しい説明を聞きました。 (mo'l-ko'l haqida batafsil tushuntirish eshitdik.)
N2 語彙 (文字・語彙・文法),財産,ざいさん,zaisan',"mulk, boylik",,財産についての詳しい説明を聞きました。 (mulk haqida batafsil tushuntirish eshitdik.)
N2 語彙 (文字・語彙・文法),貨物,かもつ,kamotsu,"yuk, yuk tashish",,貨物についての詳しい説明を聞きました。 (yuk haqida batafsil tushuntirish eshitdik.)
N2 語彙 (文字・語彙・文法),販売,はんばい,hanbai,"sotish, savdo",,販売についての詳しい説明を聞きました。 (sotish haqida batafsil tushuntirish eshitdik.)
N2 語彙 (文字・語彙・文法),貯金,ちょきん,chokin',"jamg'arma, pul yig'ish",,貯金についての詳しい説明を聞きました。 (jamg'arma haqida batafsil tushuntirish eshitdik.)
N2 語彙 (文字・語彙・文法),資料,しりょう,shiryou,"materiallar, ma'lumotnoma",,資料についての詳しい説明を聞きました。 (materiallar haqida batafsil tushuntirish eshitdik.)
N2 語彙 (文字・語彙・文法),資源,しげん,shigen',resurslar,,資源についての詳しい説明を聞きました。 (resurslar haqida batafsil tushuntirish eshitdik.)
N2 語彙 (文字・語彙・文法),賛成,さんせい,sansei,"ma'qullash, rozi bo'lish",,賛成についての詳しい説明を聞きました。 (ma'qullash haqida batafsil tushuntirish eshitdik.)
N2 語彙 (文字・語彙・文法),足元,あしもと,ashimoto,oyoq osti,,足元についての詳しい説明を聞きました。 (oyoq osti haqida batafsil tushuntirish eshitdik.)
N2 語彙 (文字・語彙・文法),身体,しんたい,shintai,"tana, jism",,身体についての詳しい説明を聞きました。 (tana haqida batafsil tushuntirish eshitdik.)
N2 語彙 (文字・語彙・文法),車体,しゃたい,shatai,transport korpusi,,車体についての詳しい説明を聞きました。 (transport korpusi haqida batafsil tushuntirish eshitdik.)
N2 語彙 (文字・語彙・文法),軍隊,ぐんたい,guntai,"armiya, qo'shin",,軍隊についての詳しい説明を聞きました。 (armiya haqida batafsil tushuntirish eshitdik.)
N2 語彙 (文字・語彙・文法),輸送,ゆそう,yusou,"tashish, transport",,輸送についての詳しい説明を聞きました。 (tashish haqida batafsil tushuntirish eshitdik.)
N2 語彙 (文字・語彙・文法),農家,のうか,nouka,dehqon xo'jaligi,,農家についての詳しい説明を聞きました。 (dehqon xo'jaligi haqida batafsil tushuntirish eshitdik.)
N2 語彙 (文字・語彙・文法),農村,のうそん,nouson',"qishloq, dehqon qishlog'i",,農村についての詳しい説明を聞きました。 (qishloq haqida batafsil tushuntirish eshitdik.)
N2 語彙 (文字・語彙・文法),農業,のうぎょう,nougyou,dehqonchilik,,農業についての詳しい説明を聞きました。 (dehqonchilik haqida batafsil tushuntirish eshitdik.)
N2 語彙 (文字・語彙・文法),迷惑,めいわく,meiwaku,"bezovta, noqulaylik",,迷惑についての詳しい説明を聞きました。 (bezovta haqida batafsil tushuntirish eshitdik.)
N2 語彙 (文字・語彙・文法),送料,そうりょう,souryou,yetkazib berish narxi,,送料についての詳しい説明を聞きました。 (yetkazib berish narxi haqida batafsil tushuntirish eshitdik.)
N2 語彙 (文字・語彙・文法),透明,とうめい,toumei,"shaffof, tiniq",,透明についての詳しい説明を聞きました。 (shaffof haqida batafsil tushuntirish eshitdik.)
N2 語彙 (文字・語彙・文法),途中,とちゅう,tochuu,"yo'lda, o'rtasida",,途中についての詳しい説明を聞きました。 (yo'lda haqida batafsil tushuntirish eshitdik.)
N2 語彙 (文字・語彙・文法),速度,そくど,sokudo,tezlik,,速度についての詳しい説明を聞きました。 (tezlik haqida batafsil tushuntirish eshitdik.)
N2 語彙 (文字・語彙・文法),連敗,れんぱい,renpai,ketma-ket mag'lubiyat,,連敗についての詳しい説明を聞きました。 (ketma-ket mag'lubiyat haqida batafsil tushuntirish eshitdik.)
N2 語彙 (文字・語彙・文法),連絡,れんらく,renraku,"aloqa, xabar berish",,連絡についての詳しい説明を聞きました。 (aloqa haqida batafsil tushuntirish eshitdik.)
N2 語彙 (文字・語彙・文法),進歩,しんぽ,shinpo,"taraqqiyot, rivojlanish",,技術の進歩によって生活が便利になりました。 (Texnologiyaning taraqqiyoti tufayli hayot qulaylashdi.)
N2 語彙 (文字・語彙・文法),進行,しんこう,shinkou,"borish, rivojlanish",,技術の進行によって生活が便利になりました。 (Texnologiyaning borishi tufayli hayot qulaylashdi.)
N2 語彙 (文字・語彙・文法),運動,うんどう,undou,"harakat, sport",,運動についての詳しい説明を聞きました。 (harakat haqida batafsil tushuntirish eshitdik.)
N2 語彙 (文字・語彙・文法),過剰,かじょう,kajou,"ortiqcha, haddan ziyod",,過剰についての詳しい説明を聞きました。 (ortiqcha haqida batafsil tushuntirish eshitdik.)
N2 語彙 (文字・語彙・文法),過大,かだい,kadai,"haddan ortiq, katta",,過大についての詳しい説明を聞きました。 (haddan ortiq haqida batafsil tushuntirish eshitdik.)
N2 語彙 (文字・語彙・文法),道具,どうぐ,dougu,"asbob, anjom",,道具についての詳しい説明を聞きました。 (asbob haqida batafsil tushuntirish eshitdik.)
N2 語彙 (文字・語彙・文法),違反,いはん,ihan',"qoidabuzarlik, buzish",,社会の違反をしっかりと守ります。 (Jamiyatning qoidabuzarlikiga qat'iy amal qilamiz.)
N2 語彙 (文字・語彙・文法),遠足,えんそく,ensoku,"ekskursiya, sayohat",,遠足についての詳しい説明を聞きました。 (ekskursiya haqida batafsil tushuntirish eshitdik.)
N2 語彙 (文字・語彙・文法),遅刻,ちこく,chikoku,kechikish,,遅刻についての詳しい説明を聞きました。 (kechikish haqida batafsil tushuntirish eshitdik.)
N2 語彙 (文字・語彙・文法),配分,はいぶん,haibun',taqsimlash,,配分についての詳しい説明を聞きました。 (taqsimlash haqida batafsil tushuntirish eshitdik.)
N2 語彙 (文字・語彙・文法),酸素,さんそ,sanso,kislorod,,酸素についての詳しい説明を聞きました。 (kislorod haqida batafsil tushuntirish eshitdik.)
N2 語彙 (文字・語彙・文法),野菜,やさい,yasai,sabzavot,,野菜についての詳しい説明を聞きました。 (sabzavot haqida batafsil tushuntirish eshitdik.)
N2 語彙 (文字・語彙・文法),金属,きんぞく,kinzoku,metall,,金属についての詳しい説明を聞きました。 (metall haqida batafsil tushuntirish eshitdik.)
N2 語彙 (文字・語彙・文法),金融,きんゆう,kin'yuu,"moliya, bank ishi",,金融についての詳しい説明を聞きました。 (moliya haqida batafsil tushuntirish eshitdik.)
N2 語彙 (文字・語彙・文法),銀行,ぎんこう,ginkou,bank,,銀行についての詳しい説明を聞きました。 (bank haqida batafsil tushuntirish eshitdik.)
N2 語彙 (文字・語彙・文法),長期,ちょうき,chouki,uzoq muddat,,長期についての詳しい説明を聞きました。 (uzoq muddat haqida batafsil tushuntirish eshitdik.)
N2 語彙 (文字・語彙・文法),開発,かいはつ,kaihatsu,"ishlab chiqish, o'zlashtirish",,開発についての詳しい説明を聞きました。 (ishlab chiqish haqida batafsil tushuntirish eshitdik.)
N2 語彙 (文字・語彙・文法),防御,ぼうぎょ,bougyo,"mudofaa, himoya",,防御についての詳しい説明を聞きました。 (mudofaa haqida batafsil tushuntirish eshitdik.)
N2 語彙 (文字・語彙・文法),防犯,ぼうはん,bouhan',jinoyatning oldini olish,,防犯についての詳しい説明を聞きました。 (jinoyatning oldini olish haqida batafsil tushuntirish eshitdik.)
N2 語彙 (文字・語彙・文法),防衛,ぼうえい,bouei,mudofaa qilish,,計画通りに防衛を進めていきます。 (Rejaga muvofiq mudofaa qilishni davom ettiramiz.)
N2 語彙 (文字・語彙・文法),限度,げんど,gendo,"chegara, had",,限度についての詳しい説明を聞きました。 (chegara haqida batafsil tushuntirish eshitdik.)
N2 語彙 (文字・語彙・文法),階段,かいだん,kaidan',zinapoya,,階段についての詳しい説明を聞きました。 (zinapoya haqida batafsil tushuntirish eshitdik.)
N2 語彙 (文字・語彙・文法),集会,しゅうかい,shuukai,"yig'ilish, miting",,集会についての詳しい説明を聞きました。 (yig'ilish haqida batafsil tushuntirish eshitdik.)
N2 語彙 (文字・語彙・文法),集団,しゅうだん,shuudan',"guruh, jamoa",,集団についての詳しい説明を聞きました。 (guruh haqida batafsil tushuntirish eshitdik.)
N2 語彙 (文字・語彙・文法),青春時代,せいしゅんじだい,seishunjidai,yoshlik davri,,青春時代についての詳しい説明を聞きました。 (yoshlik davri haqida batafsil tushuntirish eshitdik.)
N2 語彙 (文字・語彙・文法),面倒,めんどう,mendou,"mashaqqat, ovora; g'amxo'rlik",,面倒についての詳しい説明を聞きました。 (mashaqqat haqida batafsil tushuntirish eshitdik.)
N2 語彙 (文字・語彙・文法),頑張る,がんばる,ganbaru,astoydil harakat qilish,,計画通りに頑張るを進めていきます。 (Rejaga muvofiq astoydil harakat qilishni davom ettiramiz.)
N2 語彙 (文字・語彙・文法),領事,りょうじ,ryouji,konsul,,領事についての詳しい説明を聞きました。 (konsul haqida batafsil tushuntirish eshitdik.)
N2 語彙 (文字・語彙・文法),頭脳,ずのう,zunou,"aql, miya",,頭脳についての詳しい説明を聞きました。 (aql haqida batafsil tushuntirish eshitdik.)
N2 語彙 (文字・語彙・文法),食品,しょくひん,shokuhin',oziq-ovqat mahsuloti,,食品についての詳しい説明を聞きました。 (oziq-ovqat mahsuloti haqida batafsil tushuntirish eshitdik.)
N2 語彙 (文字・語彙・文法),首相,しゅしょう,shushou,bosh vazir,,首相についての詳しい説明を聞きました。 (bosh vazir haqida batafsil tushuntirish eshitdik.)
N2 語彙 (文字・語彙・文法),首都,しゅと,shuto,poytaxt,,首都についての詳しい説明を聞きました。 (poytaxt haqida batafsil tushuntirish eshitdik.)
N2 語彙 (文字・語彙・文法),高層,こうそう,kousou,baland qavatli,,高層についての詳しい説明を聞きました。 (baland qavatli haqida batafsil tushuntirish eshitdik.)
N2 語彙 (文字・語彙・文法),高温,こうおん,kouon',yuqori harorat,,高温についての詳しい説明を聞きました。 (yuqori harorat haqida batafsil tushuntirish eshitdik.)
N2 語彙 (文字・語彙・文法),温暖化,おんだんか,ondanka,global isish,,温暖化についての詳しい説明を聞きました。 (global isish haqida batafsil tushuntirish eshitdik.)
N2 語彙 (文字・語彙・文法),住宅街,じゅうたくがい,juutakugai,turar-joy hududi,,その住宅街の環境はとても快適です。 (Ushbu turar-joy hududining muhiti juda qulay.)
N2 語彙 (文字・語彙・文法),日付,ひづけ,hizuke,sana,,日付についての詳しい説明を聞きました。 (sana haqida batafsil tushuntirish eshitdik.)
N2 語彙 (文字・語彙・文法),昨年,さくねん,sakunen',o'tgan yil,,昨年についての詳しい説明を聞きました。 (o'tgan yil haqida batafsil tushuntirish eshitdik.)
N2 語彙 (文字・語彙・文法),景気,けいき,keiki,"iqtisodiy holat, kon'yunktura",,景気についての詳しい説明を聞きました。 (iqtisodiy holat haqida batafsil tushuntirish eshitdik.)
N2 語彙 (文字・語彙・文法),服装,ふくそう,fukusou,"kiyim-bosh, libos",,服装についての詳しい説明を聞きました。 (kiyim-bosh haqida batafsil tushuntirish eshitdik.)
N2 語彙 (文字・語彙・文法),拘束,こうそく,kousoku,"cheklash, majburlash",,拘束についての詳しい説明を聞きました。 (cheklash haqida batafsil tushuntirish eshitdik.)
N2 語彙 (文字・語彙・文法),撤去,てっきょ,tekkyo,"olib tashlash, buzib tashlash",,撤去についての詳しい説明を聞きました。 (olib tashlash haqida batafsil tushuntirish eshitdik.)
N2 語彙 (文字・語彙・文法),方々,かたがた,katagata,turli tomonlar; odamlar (hurmat),,方々としての責任を持って行動します。 (turli tomonlar sifatidagi mas'uliyat bilan harakat qilamiz.)
N2 語彙 (文字・語彙・文法),旅先,たびさき,tabisaki,sayohat manzili,,旅先についての詳しい説明を聞きました。 (sayohat manzili haqida batafsil tushuntirish eshitdik.)
N2 語彙 (文字・語彙・文法),昇進,しょうしん,shoushin',lavozim ko'tarilishi,,昇進についての詳しい説明を聞きました。 (lavozim ko'tarilishi haqida batafsil tushuntirish eshitdik.)
N2 語彙 (文字・語彙・文法),明確,めいかく,meikaku,"aniq, ravshan",,明確についての詳しい説明を聞きました。 (aniq haqida batafsil tushuntirish eshitdik.)
N2 語彙 (文字・語彙・文法),暗示,あんじ,anji,"ishora, shama",,暗示についての詳しい説明を聞きました。 (ishora haqida batafsil tushuntirish eshitdik.)
N2 語彙 (文字・語彙・文法),木造,もくぞう,mokuzou,yog'ochdan qurilgan,,木造についての詳しい説明を聞きました。 (yog'ochdan qurilgan haqida batafsil tushuntirish eshitdik.)
N2 語彙 (文字・語彙・文法),本能,ほんのう,honnou,"instinkt, tug'ma his",,本能についての詳しい説明を聞きました。 (instinkt haqida batafsil tushuntirish eshitdik.)
N2 語彙 (文字・語彙・文法),機関,きかん,kikan',"muassasa, organ; mexanizm",,機関についての詳しい説明を聞きました。 (muassasa haqida batafsil tushuntirish eshitdik.)
N2 語彙 (文字・語彙・文法),正確さ,せいかくさ,seikakusa,aniqlik,,正確さについての詳しい説明を聞きました。 (aniqlik haqida batafsil tushuntirish eshitdik.)
N2 語彙 (文字・語彙・文法),決心,けっしん,kesshin',qat'iy qaror,,決心についての詳しい説明を聞きました。 (qat'iy qaror haqida batafsil tushuntirish eshitdik.)
N2 語彙 (文字・語彙・文法),洗剤,せんざい,senzai,yuvish vositasi,,洗剤についての詳しい説明を聞きました。 (yuvish vositasi haqida batafsil tushuntirish eshitdik.)
N2 語彙 (文字・語彙・文法),海流,かいりゅう,kairyuu,dengiz oqimi,,海流についての詳しい説明を聞きました。 (dengiz oqimi haqida batafsil tushuntirish eshitdik.)
N2 語彙 (文字・語彙・文法),深刻化,しんこくか,shinkokuka,jiddiylashuv,,深刻化についての詳しい説明を聞きました。 (jiddiylashuv haqida batafsil tushuntirish eshitdik.)
N2 語彙 (文字・語彙・文法),無意識,むいしき,muishiki,"ongsiz, beixtiyor",,無意識についての詳しい説明を聞きました。 (ongsiz haqida batafsil tushuntirish eshitdik.)
N2 語彙 (文字・語彙・文法),特産,とくさん,tokusan',o'ziga xos mahalliy mahsulot,,特産についての詳しい説明を聞きました。 (o'ziga xos mahalliy mahsulot haqida batafsil tushuntirish eshitdik.)
N2 語彙 (文字・語彙・文法),発展,はってん,hatten',"rivojlanish, taraqqiyot",,技術の発展によって生活が便利になりました。 (Texnologiyaning rivojlanishi tufayli hayot qulaylashdi.)
N2 語彙 (文字・語彙・文法),相互理解,そうごりかい,sougorikai,o'zaro tushunish,,相互理解についての詳しい説明を聞きました。 (o'zaro tushunish haqida batafsil tushuntirish eshitdik.)
N2 語彙 (文字・語彙・文法),省く,はぶく,habuku,"qisqartirish, tejash",,省くについての詳しい説明を聞きました。 (qisqartirish haqida batafsil tushuntirish eshitdik.)
N2 語彙 (文字・語彙・文法),石鹸,せっけん,sekken',sovun,,石鹸についての詳しい説明を聞きました。 (sovun haqida batafsil tushuntirish eshitdik.)
N2 語彙 (文字・語彙・文法),確認事項,かくにんじこう,kakuninjikou,tekshirilishi lozim bandlar,,確認事項についての詳しい説明を聞きました。 (tekshirilishi lozim bandlar haqida batafsil tushuntirish eshitdik.)
N2 語彙 (文字・語彙・文法),積極性,せっきょくせい,sekkyokusei,"faollik, tashabbuskorlik",,積極性についての詳しい説明を聞きました。 (faollik haqida batafsil tushuntirish eshitdik.)
N2 語彙 (文字・語彙・文法),空欄,くうらん,kuuran',"bo'sh joy, bo'sh katak",,その空欄の環境はとても快適です。 (Ushbu bo'sh joyning muhiti juda qulay.)
N2 語彙 (文字・語彙・文法),統合,とうごう,tougou,"birlashtirish, integratsiya",,統合についての詳しい説明を聞きました。 (birlashtirish haqida batafsil tushuntirish eshitdik.)
N2 語彙 (文字・語彙・文法),編集者,へんしゅうしゃ,henshuusha,muharrir,,編集者についての詳しい説明を聞きました。 (muharrir haqida batafsil tushuntirish eshitdik.)
N2 語彙 (文字・語彙・文法),肥満,ひまん,himan',semizlik,,肥満についての詳しい説明を聞きました。 (semizlik haqida batafsil tushuntirish eshitdik.)
N2 語彙 (文字・語彙・文法),自宅,じたく,jitaku,o'z uyi,,自宅についての詳しい説明を聞きました。 (o'z uyi haqida batafsil tushuntirish eshitdik.)
N2 語彙 (文字・語彙・文法),花火,はなび,hanabi,"mushak, feyerverk",,花火についての詳しい説明を聞きました。 (mushak haqida batafsil tushuntirish eshitdik.)
N2 語彙 (文字・語彙・文法),落語,らくご,rakugo,rakugo (yapon hazil monologi),,落語についての詳しい説明を聞きました。 (rakugo haqida batafsil tushuntirish eshitdik.)
N2 語彙 (文字・語彙・文法),血液型,けつえきがた,ketsuekigata,qon guruhi,,血液型についての詳しい説明を聞きました。 (qon guruhi haqida batafsil tushuntirish eshitdik.)
N2 語彙 (文字・語彙・文法),訪日,ほうにち,hounichi,Yaponiyaga tashrif,,訪日についての詳しい説明を聞きました。 (Yaponiyaga tashrif haqida batafsil tushuntirish eshitdik.)
N2 語彙 (文字・語彙・文法),調節,ちょうせつ,chousetsu,"sozlash, rostlash",,調節についての詳しい説明を聞きました。 (sozlash haqida batafsil tushuntirish eshitdik.)
N2 語彙 (文字・語彙・文法),退職,たいしょく,taishoku,"ishdan bo'shash, nafaqaga chiqish",,退職についての詳しい説明を聞きました。 (ishdan bo'shash haqida batafsil tushuntirish eshitdik.)
N2 語彙 (文字・語彙・文法),遠慮,えんりょ,enryo,"tortinish, ehtiyot bo'lish",,遠慮についての詳しい説明を聞きました。 (tortinish haqida batafsil tushuntirish eshitdik.)
N2 語彙 (文字・語彙・文法),郵便,ゆうびん,yuubin',pochta,,郵便についての詳しい説明を聞きました。 (pochta haqida batafsil tushuntirish eshitdik.)
N2 語彙 (文字・語彙・文法),金銭,きんせん,kinsen',"pul, mablag'",,金銭についての詳しい説明を聞きました。 (pul haqida batafsil tushuntirish eshitdik.)
N2 語彙 (文字・語彙・文法),陸上,りくじょう,rikujou,yengil atletika; quruqlik,,陸上についての詳しい説明を聞きました。 (yengil atletika haqida batafsil tushuntirish eshitdik.)
N2 語彙 (文字・語彙・文法),静止,せいし,seishi,harakatsiz holat,,静止についての詳しい説明を聞きました。 (harakatsiz holat haqida batafsil tushuntirish eshitdik.)
N2 語彙 (文字・語彙・文法),実測,じっそく,jissoku,haqiqiy o'lchov,,実測についての詳しい説明を聞きました。 (haqiqiy o'lchov haqida batafsil tushuntirish eshitdik.)
N2 語彙 (文字・語彙・文法),夜型,よるがた,yorugata,tungi hayot tarzi,,夜型についての詳しい説明を聞きました。 (tungi hayot tarzi haqida batafsil tushuntirish eshitdik.)
N2 語彙 (文字・語彙・文法),一台,いちだい,ichidai,bitta mashina/qurilma,,一台についての詳しい説明を聞きました。 (bitta mashina/qurilma haqida batafsil tushuntirish eshitdik.)
N2 語彙 (文字・語彙・文法),一家,いっか,ikka,"butun oila, xonadon",,一家についての詳しい説明を聞きました。 (butun oila haqida batafsil tushuntirish eshitdik.)
N2 語彙 (文字・語彙・文法),一对,いっつい,ittsui,bir juft,,一对についての詳しい説明を聞きました。 (bir juft haqida batafsil tushuntirish eshitdik.)
N2 語彙 (文字・語彙・文法),不満,ふまん,fuman',"norozi, qoniqmaslik",,不満についての詳しい説明を聞きました。 (norozi haqida batafsil tushuntirish eshitdik.)
N2 語彙 (文字・語彙・文法),予想外,よそうがい,yosougai,kutilmagan,,予想外についての詳しい説明を聞きました。 (kutilmagan haqida batafsil tushuntirish eshitdik.)
N2 語彙 (文字・語彙・文法),入浴,にゅうよく,nyuuyoku,"hammomga tushish, cho'milish",,入浴についての詳しい説明を聞きました。 (hammomga tushish haqida batafsil tushuntirish eshitdik.)
N2 語彙 (文字・語彙・文法),体系,たいけい,taikei,"tizim, tuzilma",,体系についての詳しい説明を聞きました。 (tizim haqida batafsil tushuntirish eshitdik.)
N2 語彙 (文字・語彙・文法),体調,たいちょう,taichou,sog'liq holati,,体調についての詳しい説明を聞きました。 (sog'liq holati haqida batafsil tushuntirish eshitdik.)
N2 語彙 (文字・語彙・文法),何度,なんど,nando,necha marta,,何度についての詳しい説明を聞きました。 (necha marta haqida batafsil tushuntirish eshitdik.)
N2 語彙 (文字・語彙・文法),価値,かち,kachi,"qadr-qimmat, qiymat",,価値についての詳しい説明を聞きました。 (qadr-qimmat haqida batafsil tushuntirish eshitdik.)
N2 語彙 (文字・語彙・文法),価格,かかく,kakaku,narx,,価格についての詳しい説明を聞きました。 (narx haqida batafsil tushuntirish eshitdik.)
N2 語彙 (文字・語彙・文法),一台当たり,いちだいあたり,ichidaiatari,bir donaga to'g'ri keladigan,,一台当たりについての詳しい説明を聞きました。 (bir donaga to'g'ri keladigan haqida batafsil tushuntirish eshitdik.)
N2 語彙 (文字・語彙・文法),余裕,よゆう,yoyuu,bo'sh vaqt; ortiqcha imkoniyat,,余裕についての詳しい説明を聞きました。 (bo'sh vaqt haqida batafsil tushuntirish eshitdik.)
N2 語彙 (文字・語彙・文法),供給,きょうきゅう,kyoukyuu,"ta'minot, yetkazib berish",,供給についての詳しい説明を聞きました。 (ta'minot haqida batafsil tushuntirish eshitdik.)
N2 語彙 (文字・語彙・文法),促進,そくしん,sokushin',"jadallashtirish, rag'batlantirish",,促進についての詳しい説明を聞きました。 (jadallashtirish haqida batafsil tushuntirish eshitdik.)
N2 語彙 (文字・語彙・文法),保存食,ほぞんしょく,hozonshoku,saqlanadigan oziq-ovqat,,保存食についての詳しい説明を聞きました。 (saqlanadigan oziq-ovqat haqida batafsil tushuntirish eshitdik.)
N2 語彙 (文字・語彙・文法),修正案,しゅうせいあん,shuuseian',tuzatilgan taklif,,修正案についての詳しい説明を聞きました。 (tuzatilgan taklif haqida batafsil tushuntirish eshitdik.)
N2 語彙 (文字・語彙・文法),備蓄,びちく,bichiku,zaxira to'plash,,備蓄についての詳しい説明を聞きました。 (zaxira to'plash haqida batafsil tushuntirish eshitdik.)
N2 語彙 (文字・語彙・文法),光景,こうけい,koukei,"manzara, ko'rinish",,光景についての詳しい説明を聞きました。 (manzara haqida batafsil tushuntirish eshitdik.)
N2 語彙 (文字・語彙・文法),克服,こくふく,kokufuku,"yengish, bartaraf etish",,計画通りに克服を進めていきます。 (Rejaga muvofiq yengishni davom ettiramiz.)
N2 語彙 (文字・語彙・文法),公募,こうぼ,koubo,"ochiq tanlov, e'lon",,公募についての詳しい説明を聞きました。 (ochiq tanlov haqida batafsil tushuntirish eshitdik.)
N2 語彙 (文字・語彙・文法),再建,さいけん,saiken',"qayta qurish, tiklash",,再建についての詳しい説明を聞きました。 (qayta qurish haqida batafsil tushuntirish eshitdik.)
N2 語彙 (文字・語彙・文法),再発,さいはつ,saihatsu,qaytalanish,,再発についての詳しい説明を聞きました。 (qaytalanish haqida batafsil tushuntirish eshitdik.)
N2 語彙 (文字・語彙・文法),冷房,れいぼう,reibou,"konditsioner, sovutish",,冷房についての詳しい説明を聞きました。 (konditsioner haqida batafsil tushuntirish eshitdik.)
N2 語彙 (文字・語彙・文法),処分,しょぶん,shobun',"yo'q qilish, jazolash",,計画通りに処分を進めていきます。 (Rejaga muvofiq yo'q qilishni davom ettiramiz.)
N2 語彙 (文字・語彙・文法),創立,そうりつ,souritsu,"tashkil etish, asos solish",,計画通りに創立を進めていきます。 (Rejaga muvofiq tashkil etishni davom ettiramiz.)
N2 語彙 (文字・語彙・文法),努力家,どりょくか,doryokuka,"mehnatkash, tirishqoq",,努力家についての詳しい説明を聞きました。 (mehnatkash haqida batafsil tushuntirish eshitdik.)
N2 語彙 (文字・語彙・文法),効果的,こうかてき,koukateki,samarali,,効果的についての詳しい説明を聞きました。 (samarali haqida batafsil tushuntirish eshitdik.)
N2 語彙 (文字・語彙・文法),動機,どうき,douki,"motiv, turtki",,動機についての詳しい説明を聞きました。 (motiv haqida batafsil tushuntirish eshitdik.)
N2 語彙 (文字・語彙・文法),勝負,しょうぶ,shoubu,"kurash, bellashuv",,勝負についての詳しい説明を聞きました。 (kurash haqida batafsil tushuntirish eshitdik.)
N2 語彙 (文字・語彙・文法),募集要項,ぼしゅうようこう,boshuuyoukou,qabul shartlari hujjati,,募集要項についての詳しい説明を聞きました。 (qabul shartlari hujjati haqida batafsil tushuntirish eshitdik.)
N2 語彙 (文字・語彙・文法),協力,きょうりょく,kyouryoku,"hamkorlik, yordam",,協力についての詳しい説明を聞きました。 (hamkorlik haqida batafsil tushuntirish eshitdik.)
N2 語彙 (文字・語彙・文法),印刷物,いんさつぶつ,insatsubutsu,bosma mahsulot,,印刷物についての詳しい説明を聞きました。 (bosma mahsulot haqida batafsil tushuntirish eshitdik.)
N2 語彙 (文字・語彙・文法),危害,きがい,kigai,"zarar, xavf",,危害を未然に防ぐ対策を立てました。 (zararning oldini olish choralarini tuzdik.)
N2 語彙 (文字・語彙・文法),反則,はんそく,hansoku,qoidabuzarlik,,社会の反則をしっかりと守ります。 (Jamiyatning qoidabuzarlikiga qat'iy amal qilamiz.)
N2 語彙 (文字・語彙・文法),取り扱い,とりあつかい,toriatsukai,"muomala, ishlatish",,取り扱いについての詳しい説明を聞きました。 (muomala haqida batafsil tushuntirish eshitdik.)
N2 語彙 (文字・語彙・文法),受け入れ,うけいれ,ukeire,qabul qilish,,計画通りに受け入れを進めていきます。 (Rejaga muvofiq qabul qilishni davom ettiramiz.)
N2 語彙 (文字・語彙・文法),口実,こうじつ,koujitsu,bahona,,口実についての詳しい説明を聞きました。 (bahona haqida batafsil tushuntirish eshitdik.)
N2 語彙 (文字・語彙・文法),合併,がっぺい,gappei,"qo'shilish, birlashish",,合併についての詳しい説明を聞きました。 (qo'shilish haqida batafsil tushuntirish eshitdik.)
N2 語彙 (文字・語彙・文法),同意,どうい,doui,"rozilik, kelishuv",,同意についての詳しい説明を聞きました。 (rozilik haqida batafsil tushuntirish eshitdik.)
N2 語彙 (文字・語彙・文法),名所,めいしょ,meisho,mashhur joy,,その名所の環境はとても快適です。 (Ushbu mashhur joyning muhiti juda qulay.)
N2 語彙 (文字・語彙・文法),告訴,こくそ,kokuso,sudga shikoyat qilish,,計画通りに告訴を進めていきます。 (Rejaga muvofiq sudga shikoyat qilishni davom ettiramiz.)
N2 語彙 (文字・語彙・文法),問い合わせ,といあわせ,toiawase,"so'rov, murojaat",,問い合わせについての詳しい説明を聞きました。 (so'rov haqida batafsil tushuntirish eshitdik.)
N2 語彙 (文字・語彙・文法),商品券,しょうひんけん,shouhinken',sovg'a taloni,,商品券についての詳しい説明を聞きました。 (sovg'a taloni haqida batafsil tushuntirish eshitdik.)
N2 語彙 (文字・語彙・文法),喜び,よろこび,yorokobi,"quvonch, xursandchilik",,喜びについての詳しい説明を聞きました。 (quvonch haqida batafsil tushuntirish eshitdik.)
N2 語彙 (文字・語彙・文法),営む,いとなむ,itonamu,"yuritmoq, boshqarmoq (ish)",,計画通りに営むを進めていきます。 (Rejaga muvofiq yuritmoqni davom ettiramiz.)
N2 語彙 (文字・語彙・文法),図々しい,ずうずうしい,zuuzuushii,"uyatsiz, beor",,図々しいについての詳しい説明を聞きました。 (uyatsiz haqida batafsil tushuntirish eshitdik.)
N2 語彙 (文字・語彙・文法),土地柄,とちがら,tochigara,joyning o'ziga xosligi,,その土地柄の環境はとても快適です。 (Ushbu joyning o'ziga xosligining muhiti juda qulay.)
N2 語彙 (文字・語彙・文法),在庫,ざいこ,zaiko,"zaxira, ombordagi mahsulot",,在庫についての詳しい説明を聞きました。 (zaxira haqida batafsil tushuntirish eshitdik.)
N2 語彙 (文字・語彙・文法),型,かた,kata,"shakl, qolip; uslub",,型についての詳しい説明を聞きました。 (shakl haqida batafsil tushuntirish eshitdik.)
N2 語彙 (文字・語彙・文法),埋める,うめる,umeru,"ko'mmoq, to'ldirmoq",,計画通りに埋めるを進めていきます。 (Rejaga muvofiq ko'mmoqni davom ettiramiz.)
N2 語彙 (文字・語彙・文法),増減,ぞうげん,zougen',ko'payish va kamayish,,増減についての詳しい説明を聞きました。 (ko'payish va kamayish haqida batafsil tushuntirish eshitdik.)
N2 語彙 (文字・語彙・文法),外国人登録,がいこくじんとうろく,gaikokujintouroku,chet ellikni ro'yxatga olish,,外国人登録についての詳しい説明を聞きました。 (chet ellikni ro'yxatga olish haqida batafsil tushuntirish eshitdik.)
N2 語彙 (文字・語彙・文法),大工,だいく,daiku,"duradgor, yog'och ustasi",,大工についての詳しい説明を聞きました。 (duradgor haqida batafsil tushuntirish eshitdik.)
N2 語彙 (文字・語彙・文法),天候,てんこう,tenkou,ob-havo,,天候についての詳しい説明を聞きました。 (ob-havo haqida batafsil tushuntirish eshitdik.)
N2 語彙 (文字・語彙・文法),失礼,しつれい,shitsurei,odobsizlik; kechirasiz,,失礼についての詳しい説明を聞きました。 (odobsizlik haqida batafsil tushuntirish eshitdik.)
N2 語彙 (文字・語彙・文法),好調,こうちょう,kouchou,"yaxshi holatda, muvaffaqiyatli",,技術の好調によって生活が便利になりました。 (Texnologiyaning yaxshi holatdai tufayli hayot qulaylashdi.)
N2 語彙 (文字・語彙・文法),存じる,ぞんじる,zonjiru,bilmoq (kamtarona),,計画通りに存じるを進めていきます。 (Rejaga muvofiq bilmoqni davom ettiramiz.)
N2 語彙 (文字・語彙・文法),存在感,そんざいかん,sonzaikan',"mavjudlik hissi, salmoq",,計画通りに存在感を進めていきます。 (Rejaga muvofiq mavjudlik hissini davom ettiramiz.)
N2 語彙 (文字・語彙・文法),学問,がくもん,gakumon',"ilm, fan",,学問についての詳しい説明を聞きました。 (ilm haqida batafsil tushuntirish eshitdik.)
N2 語彙 (文字・語彙・文法),実家,じっか,jikka,ota-ona uyi,,実家についての詳しい説明を聞きました。 (ota-ona uyi haqida batafsil tushuntirish eshitdik.)
N2 語彙 (文字・語彙・文法),実験,じっけん,jikken',"tajriba, eksperiment",,実験についての詳しい説明を聞きました。 (tajriba haqida batafsil tushuntirish eshitdik.)
N2 語彙 (文字・語彙・文法),専用,せんよう,sen'you,"maxsus, faqat shu maqsadga",,専用についての詳しい説明を聞きました。 (maxsus haqida batafsil tushuntirish eshitdik.)
N2 語彙 (文字・語彙・文法),居住,きょじゅう,kyojuu,"yashash, istiqomat",,居住についての詳しい説明を聞きました。 (yashash haqida batafsil tushuntirish eshitdik.)
N2 語彙 (文字・語彙・文法),展望,てんぼう,tenbou,"istiqbol, ko'rinish",,展望についての詳しい説明を聞きました。 (istiqbol haqida batafsil tushuntirish eshitdik.)
N2 語彙 (文字・語彙・文法),届け出,とどけで,todokede,"rasmiy xabar berish, ariza",,届け出についての詳しい説明を聞きました。 (rasmiy xabar berish haqida batafsil tushuntirish eshitdik.)
N2 語彙 (文字・語彙・文法),山道,やまみち,yamamichi,tog' yo'li,,山道についての詳しい説明を聞きました。 (tog' yo'li haqida batafsil tushuntirish eshitdik.)
N2 語彙 (文字・語彙・文法),岩,いわ,iwa,"qoya, tosh",,岩についての詳しい説明を聞きました。 (qoya haqida batafsil tushuntirish eshitdik.)
N2 語彙 (文字・語彙・文法),工事,こうじ,kouji,qurilish ishlari,,工事についての詳しい説明を聞きました。 (qurilish ishlari haqida batafsil tushuntirish eshitdik.)
N2 語彙 (文字・語彙・文法),市場調査,しじょうちょうさ,shijouchousa,bozor tadqiqoti,,市場調査についての詳しい説明を聞きました。 (bozor tadqiqoti haqida batafsil tushuntirish eshitdik.)
N2 語彙 (文字・語彙・文法),希望者,きぼうしゃ,kibousha,"xohlovchi, istagan kishi",,希望者についての詳しい説明を聞きました。 (xohlovchi haqida batafsil tushuntirish eshitdik.)
N2 語彙 (文字・語彙・文法),帰宅,きたく,kitaku,uyga qaytish,,帰宅についての詳しい説明を聞きました。 (uyga qaytish haqida batafsil tushuntirish eshitdik.)
N2 語彙 (文字・語彙・文法),平均値,へいきんち,heikinchi,o'rtacha qiymat,,平均値についての詳しい説明を聞きました。 (o'rtacha qiymat haqida batafsil tushuntirish eshitdik.)
N2 語彙 (文字・語彙・文法),干ばつ,かんばつ,kanbatsu,qurg'oqchilik,,干ばつについての詳しい説明を聞きました。 (qurg'oqchilik haqida batafsil tushuntirish eshitdik.)
N2 語彙 (文字・語彙・文法),年齢,ねんれい,nenrei,yosh,,年齢についての詳しい説明を聞きました。 (yosh haqida batafsil tushuntirish eshitdik.)
N2 語彙 (文字・語彙・文法),幼い,おさない,osanai,"kichkina, yosh",,幼いについての詳しい説明を聞きました。 (kichkina haqida batafsil tushuntirish eshitdik.)
N2 語彙 (文字・語彙・文法),広告,こうこく,koukoku,"reklama, e'lon",,広告についての詳しい説明を聞きました。 (reklama haqida batafsil tushuntirish eshitdik.)
N2 語彙 (文字・語彙・文法),延期,えんき,enki,"kechiktirish, surish",,延期についての詳しい説明を聞きました。 (kechiktirish haqida batafsil tushuntirish eshitdik.)
N2 語彙 (文字・語彙・文法),廃棄,はいき,haiki,"tashlab yuborish, yo'q qilish",,計画通りに廃棄を進めていきます。 (Rejaga muvofiq tashlab yuborishni davom ettiramiz.)
N2 語彙 (文字・語彙・文法),引き出し,ひきだし,hikidashi,tortma; xulosa chiqarish,,引き出しについての詳しい説明を聞きました。 (tortma haqida batafsil tushuntirish eshitdik.)
N2 語彙 (文字・語彙・文法),当選,とうせん,tousen',"saylovda g'olib bo'lish, yutuq",,技術の当選によって生活が便利になりました。 (Texnologiyaning saylovda g'olib bo'lishi tufayli hayot qulaylashdi.)
N2 語彙 (文字・語彙・文法),役職,やくしょく,yakushoku,"lavozim, mansab",,役職についての詳しい説明を聞きました。 (lavozim haqida batafsil tushuntirish eshitdik.)
N2 語彙 (文字・語彙・文法),徹底,てってい,tettei,"to'liq, boshdan-oxir amalga oshirish",,徹底についての詳しい説明を聞きました。 (to'liq haqida batafsil tushuntirish eshitdik.)
N2 語彙 (文字・語彙・文法),心当たり,こころあたり,kokoroatari,"taxmin, gumon",,心当たりについての詳しい説明を聞きました。 (taxmin haqida batafsil tushuntirish eshitdik.)
N2 語彙 (文字・語彙・文法),必須,ひっす,hissu,"majburiy, shart",,必須についての詳しい説明を聞きました。 (majburiy haqida batafsil tushuntirish eshitdik.)
N2 語彙 (文字・語彙・文法),応用,おうよう,ouyou,"qo'llash, tatbiq etish",,計画通りに応用を進めていきます。 (Rejaga muvofiq qo'llashni davom ettiramiz.)
N2 語彙 (文字・語彙・文法),怠ける,なまける,namakeru,dangasalik qilish,,計画通りに怠けるを進めていきます。 (Rejaga muvofiq dangasalik qilishni davom ettiramiz.)
N2 語彙 (文字・語彙・文法),急激,きゅうげき,kyuugeki,"keskin, shiddatli",,急激についての詳しい説明を聞きました。 (keskin haqida batafsil tushuntirish eshitdik.)
N2 語彙 (文字・語彙・文法),悪影響,あくえいきょう,akueikyou,salbiy ta'sir,,悪影響についての詳しい説明を聞きました。 (salbiy ta'sir haqida batafsil tushuntirish eshitdik.)
N2 語彙 (文字・語彙・文法),想像,そうぞう,souzou,"tasavvur, xayol",,想像についての詳しい説明を聞きました。 (tasavvur haqida batafsil tushuntirish eshitdik.)
N2 語彙 (文字・語彙・文法),懐かしい,なつかしい,natsukashii,"sog'intiradigan, qadrdon",,懐かしいについての詳しい説明を聞きました。 (sog'intiradigan haqida batafsil tushuntirish eshitdik.)
N2 語彙 (文字・語彙・文法),成分,せいぶん,seibun',"tarkib, komponent",,成分についての詳しい説明を聞きました。 (tarkib haqida batafsil tushuntirish eshitdik.)
N2 語彙 (文字・語彙・文法),所属,しょぞく,shozoku,"mansublik, tegishlilik",,所属についての詳しい説明を聞きました。 (mansublik haqida batafsil tushuntirish eshitdik.)
N2 語彙 (文字・語彙・文法),手続き,てつづき,tetsuzuki,"rasmiyatchilik, jarayon",,手続きについての詳しい説明を聞きました。 (rasmiyatchilik haqida batafsil tushuntirish eshitdik.)
N2 語彙 (文字・語彙・文法),打ち合わせ,うちあわせ,uchiawase,"kelishuv, qisqa majlis",,打ち合わせについての詳しい説明を聞きました。 (kelishuv haqida batafsil tushuntirish eshitdik.)
N2 語彙 (文字・語彙・文法),批判,ひはん,hihan',tanqid,,批判についての詳しい説明を聞きました。 (tanqid haqida batafsil tushuntirish eshitdik.)
N2 語彙 (文字・語彙・文法),承諾,しょうだく,shoudaku,"rozilik, ruxsat",,承諾についての詳しい説明を聞きました。 (rozilik haqida batafsil tushuntirish eshitdik.)
N2 語彙 (文字・語彙・文法),技能,ぎのう,ginou,"ko'nikma, mahorat",,技能についての詳しい説明を聞きました。 (ko'nikma haqida batafsil tushuntirish eshitdik.)
N2 語彙 (文字・語彙・文法),投げ出す,なげだす,nagedasu,"tashlab ketmoq, voz kechmoq",,計画通りに投げ出すを進めていきます。 (Rejaga muvofiq tashlab ketmoqni davom ettiramiz.)
N2 語彙 (文字・語彙・文法),抽選,ちゅうせん,chuusen',qura tashlash,,抽選についての詳しい説明を聞きました。 (qura tashlash haqida batafsil tushuntirish eshitdik.)
N2 語彙 (文字・語彙・文法),担保,たんぽ,tanpo,"garov, kafolat",,担保についての詳しい説明を聞きました。 (garov haqida batafsil tushuntirish eshitdik.)
N2 語彙 (文字・語彙・文法),持ち物,もちもの,mochimono,olib yuriladigan narsalar,,持ち物についての詳しい説明を聞きました。 (olib yuriladigan narsalar haqida batafsil tushuntirish eshitdik.)
N2 語彙 (文字・語彙・文法),指摘,してき,shiteki,"ko'rsatib o'tish, e'tiroz",,指摘についての詳しい説明を聞きました。 (ko'rsatib o'tish haqida batafsil tushuntirish eshitdik.)
N2 語彙 (文字・語彙・文法),捜索,そうさく,sousaku,qidiruv (tergov),,捜索についての詳しい説明を聞きました。 (qidiruv haqida batafsil tushuntirish eshitdik.)
N2 語彙 (文字・語彙・文法),救助隊,きゅうじょたい,kyuujotai,qutqaruv guruhi,,救助隊についての詳しい説明を聞きました。 (qutqaruv guruhi haqida batafsil tushuntirish eshitdik.)
N2 語彙 (文字・語彙・文法),教科書,きょうかしょ,kyoukasho,darslik,,教科書についての詳しい説明を聞きました。 (darslik haqida batafsil tushuntirish eshitdik.)
N2 語彙 (文字・語彙・文法),敬語,けいご,keigo,hurmat tili (keigo),,敬語についての詳しい説明を聞きました。 (hurmat tili haqida batafsil tushuntirish eshitdik.)
N2 語彙 (文字・語彙・文法),数値,すうち,suuchi,raqamli qiymat,,数値についての詳しい説明を聞きました。 (raqamli qiymat haqida batafsil tushuntirish eshitdik.)
N2 語彙 (文字・語彙・文法),整備,せいび,seibi,"jihozlash, tartibga solish",,社会の整備をしっかりと守ります。 (Jamiyatning jihozlashiga qat'iy amal qilamiz.)
N2 語彙 (文字・語彙・文法),文書,ぶんしょ,bunsho,"hujjat, yozma xat",,文書についての詳しい説明を聞きました。 (hujjat haqida batafsil tushuntirish eshitdik.)
N2 語彙 (文字・語彙・文法),断水,だんすい,dansui,suv o'chirilishi,,断水についての詳しい説明を聞きました。 (suv o'chirilishi haqida batafsil tushuntirish eshitdik.)
N2 語彙 (文字・語彙・文法),断念,だんねん,dannen',"voz kechish, umidni uzish",,断念についての詳しい説明を聞きました。 (voz kechish haqida batafsil tushuntirish eshitdik.)
N2 語彙 (文字・語彙・文法),方向性,ほうこうせい,houkousei,"yo'nalish, rivojlanish kursi",,技術の方向性によって生活が便利になりました。 (Texnologiyaning yo'nalishi tufayli hayot qulaylashdi.)
N2 語彙 (文字・語彙・文法),日中,にっちゅう,nitchuu,kunduzi; Yaponiya va Xitoy,,日中についての詳しい説明を聞きました。 (kunduzi haqida batafsil tushuntirish eshitdik.)
N2 語彙 (文字・語彙・文法),旧式,きゅうしき,kyuushiki,"eski uslubdagi, eskirgan",,旧式についての詳しい説明を聞きました。 (eski uslubdagi haqida batafsil tushuntirish eshitdik.)
N2 語彙 (文字・語彙・文法),明らか,あきらか,akiraka,"aniq, ravshan",,明らかについての詳しい説明を聞きました。 (aniq haqida batafsil tushuntirish eshitdik.)
N2 語彙 (文字・語彙・文法),易しい,やさしい,yasashii,"oson, oson tushunarli",,易しいについての詳しい説明を聞きました。 (oson haqida batafsil tushuntirish eshitdik.)
N2 語彙 (文字・語彙・文法),景色,けしき,keshiki,manzara,,景色についての詳しい説明を聞きました。 (manzara haqida batafsil tushuntirish eshitdik.)
N2 語彙 (文字・語彙・文法),書店,しょてん,shoten',kitob do'koni,,書店についての詳しい説明を聞きました。 (kitob do'koni haqida batafsil tushuntirish eshitdik.)
N2 語彙 (文字・語彙・文法),最適,さいてき,saiteki,"eng mos, optimal",,最適についての詳しい説明を聞きました。 (eng mos haqida batafsil tushuntirish eshitdik.)
N2 語彙 (文字・語彙・文法),月給,げっきゅう,gekkyuu,oylik maosh,,月給についての詳しい説明を聞きました。 (oylik maosh haqida batafsil tushuntirish eshitdik.)
N2 語彙 (文字・語彙・文法),有効,ゆうこう,yuukou,"amal qiladi, samarali",,有効についての詳しい説明を聞きました。 (amal qiladi haqida batafsil tushuntirish eshitdik.)
N2 語彙 (文字・語彙・文法),服装規定,ふくそうきてい,fukusoukitei,kiyim-bosh qoidalari,,社会の服装規定をしっかりと守ります。 (Jamiyatning kiyim-bosh qoidalariiga qat'iy amal qilamiz.)
N2 語彙 (文字・語彙・文法),望ましい,のぞましい,nozomashii,"istalgan, maqsadga muvofiq",,望ましいについての詳しい説明を聞きました。 (istalgan haqida batafsil tushuntirish eshitdik.)
N2 語彙 (文字・語彙・文法),期日,きじつ,kijitsu,belgilangan muddat,,期日についての詳しい説明を聞きました。 (belgilangan muddat haqida batafsil tushuntirish eshitdik.)
N2 語彙 (文字・語彙・文法),木材,もくざい,mokuzai,yog'och material,,木材についての詳しい説明を聞きました。 (yog'och material haqida batafsil tushuntirish eshitdik.)
N2 語彙 (文字・語彙・文法),本格,ほんかく,honkaku,"jiddiy, chinakam",,本格についての詳しい説明を聞きました。 (jiddiy haqida batafsil tushuntirish eshitdik.)
N2 語彙 (文字・語彙・文法),条件付き,じょうけんつき,joukentsuki,"shartli, shart bilan",,条件付きについての詳しい説明を聞きました。 (shartli haqida batafsil tushuntirish eshitdik.)
N2 語彙 (文字・語彙・文法),条文,じょうぶん,joubun',"modda, band (qonun)",,社会の条文をしっかりと守ります。 (Jamiyatning moddaiga qat'iy amal qilamiz.)
N2 語彙 (文字・語彙・文法),極端,きょくたん,kyokutan',"haddan tashqari, ekstremal",,極端についての詳しい説明を聞きました。 (haddan tashqari haqida batafsil tushuntirish eshitdik.)
N2 語彙 (文字・語彙・文法),栄光,えいこう,eikou,shon-shuhrat,,栄光についての詳しい説明を聞きました。 (shon-shuhrat haqida batafsil tushuntirish eshitdik.)
N2 語彙 (文字・語彙・文法),検索エンジン,けんさくエンジン,kensakuenjin',qidiruv tizimi,,検索エンジンについての詳しい説明を聞きました。 (qidiruv tizimi haqida batafsil tushuntirish eshitdik.)
N2 語彙 (文字・語彙・文法),構成要素,こうせいようそ,kouseiyouso,tarkibiy elementlar,,構成要素についての詳しい説明を聞きました。 (tarkibiy elementlar haqida batafsil tushuntirish eshitdik.)
N2 語彙 (文字・語彙・文法),模様,もよう,moyou,"naqsh; holat, ko'rinish",,模様についての詳しい説明を聞きました。 (naqsh haqida batafsil tushuntirish eshitdik.)
N2 語彙 (文字・語彙・文法),横断,おうだん,oudan',kesib o'tish,,横断についての詳しい説明を聞きました。 (kesib o'tish haqida batafsil tushuntirish eshitdik.)
N2 語彙 (文字・語彙・文法),歓迎,かんげい,kangei,iliq kutib olish,,歓迎についての詳しい説明を聞きました。 (iliq kutib olish haqida batafsil tushuntirish eshitdik.)
N2 語彙 (文字・語彙・文法),段階,だんかい,dankai,bosqich,,段階についての詳しい説明を聞きました。 (bosqich haqida batafsil tushuntirish eshitdik.)
N2 語彙 (文字・語彙・文法),気配,けはい,kehai,"alomat, sezgi",,気配についての詳しい説明を聞きました。 (alomat haqida batafsil tushuntirish eshitdik.)
N2 語彙 (文字・語彙・文法),水分補給,すいぶんほきゅう,suibunhokyuu,"suv ichish, suv to'ldirish",,水分補給についての詳しい説明を聞きました。 (suv ichish haqida batafsil tushuntirish eshitdik.)
N2 語彙 (文字・語彙・文法),決算,けっさん,kessan',moliyaviy yakun,,決算についての詳しい説明を聞きました。 (moliyaviy yakun haqida batafsil tushuntirish eshitdik.)
N2 語彙 (文字・語彙・文法),法則性,ほうそくせい,housokusei,"qonuniyat, tartib",,社会の法則性をしっかりと守ります。 (Jamiyatning qonuniyatiga qat'iy amal qilamiz.)
N2 語彙 (文字・語彙・文法),流通,りゅうつう,ryuutsuu,"aylanma, taqsimot",,流通についての詳しい説明を聞きました。 (aylanma haqida batafsil tushuntirish eshitdik.)
N2 語彙 (文字・語彙・文法),消える,きえる,kieru,"yo'qolmoq, o'chmoq",,計画通りに消えるを進めていきます。 (Rejaga muvofiq yo'qolmoqni davom ettiramiz.)
N2 語彙 (文字・語彙・文法),添加物,てんかぶつ,tenkabutsu,qo'shimcha modda,,添加物についての詳しい説明を聞きました。 (qo'shimcha modda haqida batafsil tushuntirish eshitdik.)
N2 語彙 (文字・語彙・文法),温暖化防止,おんだんかぼうし,ondankaboushi,global isishning oldini olish,,温暖化防止についての詳しい説明を聞きました。 (global isishning oldini olish haqida batafsil tushuntirish eshitdik.)
N2 語彙 (文字・語彙・文法),満点,まんてん,manten',to'liq ball,,満点についての詳しい説明を聞きました。 (to'liq ball haqida batafsil tushuntirish eshitdik.)
N2 語彙 (文字・語彙・文法),火加減,ひかげん,hikagen',olov me'yori,,火加減についての詳しい説明を聞きました。 (olov me'yori haqida batafsil tushuntirish eshitdik.)
N2 語彙 (文字・語彙・文法),無関心,むかんしん,mukanshin',"befarq, qiziqmaydigan",,無関心についての詳しい説明を聞きました。 (befarq haqida batafsil tushuntirish eshitdik.)
N2 語彙 (文字・語彙・文法),特定の人,とくていのひと,tokuteinohito,muayyan shaxs,,特定の人としての責任を持って行動します。 (muayyan shaxs sifatidagi mas'uliyat bilan harakat qilamiz.)
N2 語彙 (文字・語彙・文法),理解度,りかいど,rikaido,tushunish darajasi,,理解度についての詳しい説明を聞きました。 (tushunish darajasi haqida batafsil tushuntirish eshitdik.)
N2 語彙 (文字・語彙・文法),用件,ようけん,youken',"ish, murojaat sababi",,用件についての詳しい説明を聞きました。 (ish haqida batafsil tushuntirish eshitdik.)
N2 語彙 (文字・語彙・文法),省略形,しょうりゃくけい,shouryakukei,qisqartirilgan shakl,,省略形についての詳しい説明を聞きました。 (qisqartirilgan shakl haqida batafsil tushuntirish eshitdik.)
N2 語彙 (文字・語彙・文法),相互関係,そうごかんけい,sougokankei,o'zaro munosabat,,相互関係についての詳しい説明を聞きました。 (o'zaro munosabat haqida batafsil tushuntirish eshitdik.)
N2 語彙 (文字・語彙・文法),真剣,しんけん,shinken',"jiddiy, astoydil",,真剣についての詳しい説明を聞きました。 (jiddiy haqida batafsil tushuntirish eshitdik.)
N2 語彙 (文字・語彙・文法),睡眠不足,すいみんぶそく,suiminbusoku,uyqu yetishmasligi,,計画通りに睡眠不足を進めていきます。 (Rejaga muvofiq uyqu yetishmasligini davom ettiramiz.)
N2 語彙 (文字・語彙・文法),社会人,しゃかいじん,shakaijin',ishlayotgan katta odam,,社会人としての責任を持って行動します。 (ishlayotgan katta odam sifatidagi mas'uliyat bilan harakat qilamiz.)
N2 語彙 (文字・語彙・文法),祝日,しゅくじつ,shukujitsu,dam olish kuni (bayram),,祝日についての詳しい説明を聞きました。 (dam olish kuni haqida batafsil tushuntirish eshitdik.)
N2 語彙 (文字・語彙・文法),神話,しんわ,shinwa,"mif, afsona",,神話についての詳しい説明を聞きました。 (mif haqida batafsil tushuntirish eshitdik.)
N2 語彙 (文字・語彙・文法),私用,しよう,shiyou,"shaxsiy ish, o'z ehtiyoji",,私用としての責任を持って行動します。 (shaxsiy ish sifatidagi mas'uliyat bilan harakat qilamiz.)
N2 語彙 (文字・語彙・文法),種別,しゅべつ,shubetsu,"turi, toifasi",,種別についての詳しい説明を聞きました。 (turi haqida batafsil tushuntirish eshitdik.)
N2 語彙 (文字・語彙・文法),積立,つみたて,tsumitate,"jamg'arish, to'plab borish",,積立についての詳しい説明を聞きました。 (jamg'arish haqida batafsil tushuntirish eshitdik.)
N2 語彙 (文字・語彙・文法),空気清浄機,くうきせいじょうき,kuukiseijouki,havo tozalagich,,空気清浄機についての詳しい説明を聞きました。 (havo tozalagich haqida batafsil tushuntirish eshitdik.)
N2 語彙 (文字・語彙・文法),考察,こうさつ,kousatsu,"tahlil, mulohaza",,考察についての詳しい説明を聞きました。 (tahlil haqida batafsil tushuntirish eshitdik.)
N2 語彙 (文字・語彙・文法),考慮,こうりょ,kouryo,"hisobga olish, e'tiborga olish",,考慮についての詳しい説明を聞きました。 (hisobga olish haqida batafsil tushuntirish eshitdik.)
N2 語彙 (文字・語彙・文法),肯定,こうてい,koutei,"tasdiqlash, ijobiy qabul",,肯定についての詳しい説明を聞きました。 (tasdiqlash haqida batafsil tushuntirish eshitdik.)
N2 語彙 (文字・語彙・文法),表情豊か,ひょうじょうゆたか,hyoujouyutaka,"ifodali, his-tuyg'uga boy",,表情豊かについての詳しい説明を聞きました。 (ifodali haqida batafsil tushuntirish eshitdik.)
N2 語彙 (文字・語彙・文法),裁量,さいりょう,sairyou,"mulohaza, ixtiyor",,裁量についての詳しい説明を聞きました。 (mulohaza haqida batafsil tushuntirish eshitdik.)
N2 語彙 (文字・語彙・文法),複数,ふくすう,fukusuu,bir nechta,,複数についての詳しい説明を聞きました。 (bir nechta haqida batafsil tushuntirish eshitdik.)
N2 語彙 (文字・語彙・文法),要因,よういん,youin',"omil, sabab",,要因についての詳しい説明を聞きました。 (omil haqida batafsil tushuntirish eshitdik.)
N2 語彙 (文字・語彙・文法),見失う,みうしなう,miushinau,"ko'zdan qochirmoq, yo'qotib qo'ymoq",,計画通りに見失うを進めていきます。 (Rejaga muvofiq ko'zdan qochirmoqni davom ettiramiz.)
N2 語彙 (文字・語彙・文法),解釈,かいしゃく,kaishaku,"talqin qilish, izohlash",,計画通りに解釈を進めていきます。 (Rejaga muvofiq talqin qilishni davom ettiramiz.)
N2 語彙 (文字・語彙・文法),言い訳,いいわけ,iiwake,"uzr, bahona",,言い訳についての詳しい説明を聞きました。 (uzr haqida batafsil tushuntirish eshitdik.)
N2 語彙 (文字・語彙・文法),記入,きにゅう,kinyuu,"yozib qo'yish, to'ldirish",,記入についての詳しい説明を聞きました。 (yozib qo'yish haqida batafsil tushuntirish eshitdik.)
N2 語彙 (文字・語彙・文法),試着,しちゃく,shichaku,kiyib ko'rish,,試着についての詳しい説明を聞きました。 (kiyib ko'rish haqida batafsil tushuntirish eshitdik.)
N2 語彙 (文字・語彙・文法),誠実,せいじつ,seijitsu,"halol, samimiy",,誠実についての詳しい説明を聞きました。 (halol haqida batafsil tushuntirish eshitdik.)
N2 語彙 (文字・語彙・文法),贈り物,おくりもの,okurimono,sovg'a,,贈り物についての詳しい説明を聞きました。 (sovg'a haqida batafsil tushuntirish eshitdik.)
N2 語彙 (文字・語彙・文法),踏切,ふみきり,fumikiri,temir yo'l kesishmasi,,踏切についての詳しい説明を聞きました。 (temir yo'l kesishmasi haqida batafsil tushuntirish eshitdik.)
N2 語彙 (文字・語彙・文法),農薬,のうやく,nouyaku,qishloq xo'jaligi zaharli kimyosi,,農薬についての詳しい説明を聞きました。 (qishloq xo'jaligi zaharli kimyosi haqida batafsil tushuntirish eshitdik.)
N2 語彙 (文字・語彙・文法),過疎,かそ,kaso,aholi kamayishi (hududda),,その過疎の環境はとても快適です。 (Ushbu aholi kamayishining muhiti juda qulay.)
N2 語彙 (文字・語彙・文法),適正,てきせい,tekisei,"to'g'ri, mos, munosib",,適正についての詳しい説明を聞きました。 (to'g'ri haqida batafsil tushuntirish eshitdik.)
N2 語彙 (文字・語彙・文法),郵送,ゆうそう,yuusou,pochta orqali yuborish,,郵送についての詳しい説明を聞きました。 (pochta orqali yuborish haqida batafsil tushuntirish eshitdik.)
N2 語彙 (文字・語彙・文法),都会,とかい,tokai,katta shahar,,都会についての詳しい説明を聞きました。 (katta shahar haqida batafsil tushuntirish eshitdik.)
N2 語彙 (文字・語彙・文法),閉鎖,へいさ,heisa,"yopilish, to'xtatilish",,閉鎖についての詳しい説明を聞きました。 (yopilish haqida batafsil tushuntirish eshitdik.)
N2 語彙 (文字・語彙・文法),集計,しゅうけい,shuukei,yakuniy hisoblash,,集計についての詳しい説明を聞きました。 (yakuniy hisoblash haqida batafsil tushuntirish eshitdik.)
N2 語彙 (文字・語彙・文法),需要,じゅよう,juyou,talab (iqtisodda),,需要についての詳しい説明を聞きました。 (talab haqida batafsil tushuntirish eshitdik.)
N2 語彙 (文字・語彙・文法),面接官,めんせつかん,mensetsukan',"suhbat oluvchi, intervyuer",,面接官についての詳しい説明を聞きました。 (suhbat oluvchi haqida batafsil tushuntirish eshitdik.)
N2 語彙 (文字・語彙・文法),順序,じゅんじょ,junjo,"tartib, ketma-ketlik",,社会の順序をしっかりと守ります。 (Jamiyatning tartibiga qat'iy amal qilamiz.)
N2 語彙 (文字・語彙・文法),頭痛,ずつう,zutsuu,bosh og'rig'i,,頭痛についての詳しい説明を聞きました。 (bosh og'rig'i haqida batafsil tushuntirish eshitdik.)
N2 語彙 (文字・語彙・文法),食生活,しょくせいかつ,shokuseikatsu,ovqatlanish tartibi,,社会の食生活をしっかりと守ります。 (Jamiyatning ovqatlanish tartibiiga qat'iy amal qilamiz.)
N2 語彙 (文字・語彙・文法),香り,かおり,kaori,xushbo'y hid,,香りについての詳しい説明を聞きました。 (xushbo'y hid haqida batafsil tushuntirish eshitdik.)
N2 語彙 (文字・語彙・文法),高齢,こうれい,kourei,keksa yosh,,高齢についての詳しい説明を聞きました。 (keksa yosh haqida batafsil tushuntirish eshitdik.)
N2 語彙 (文字・語彙・文法),一言,ひとこと,hitokoto,"bir og'iz so'z, qisqa gap",,一言についての詳しい説明を聞きました。 (bir og'iz so'z haqida batafsil tushuntirish eshitdik.)
N2 語彙 (文字・語彙・文法),上品,じょうひん,jouhin',"nafis, xushmuomala",,上品についての詳しい説明を聞きました。 (nafis haqida batafsil tushuntirish eshitdik.)
N2 語彙 (文字・語彙・文法),下品,げひん,gehin',"qo'pol, beadab",,下品についての詳しい説明を聞きました。 (qo'pol haqida batafsil tushuntirish eshitdik.)
N2 語彙 (文字・語彙・文法),不況,ふきょう,fukyou,"tanazzul, inqiroz",,不況についての詳しい説明を聞きました。 (tanazzul haqida batafsil tushuntirish eshitdik.)
N2 語彙 (文字・語彙・文法),予告,よこく,yokoku,oldindan xabar berish,,予告についての詳しい説明を聞きました。 (oldindan xabar berish haqida batafsil tushuntirish eshitdik.)
N2 語彙 (文字・語彙・文法),事故,じこ,jiko,"avariya, hodisa",,事故についての詳しい説明を聞きました。 (avariya haqida batafsil tushuntirish eshitdik.)
N2 語彙 (文字・語彙・文法),事業,じぎょう,jigyou,"biznes, loyiha, tadbirkorlik",,事業についての詳しい説明を聞きました。 (biznes haqida batafsil tushuntirish eshitdik.)
N2 語彙 (文字・語彙・文法),乾燥,かんそう,kansou,"quruq, quritish",,乾燥についての詳しい説明を聞きました。 (quruq haqida batafsil tushuntirish eshitdik.)
N2 語彙 (文字・語彙・文法),交渉,こうしょう,koushou,"muzokara, kelishuv",,交渉についての詳しい説明を聞きました。 (muzokara haqida batafsil tushuntirish eshitdik.)
N2 語彙 (文字・語彙・文法),休憩,きゅうけい,kyuukei,tanaffus,,休憩についての詳しい説明を聞きました。 (tanaffus haqida batafsil tushuntirish eshitdik.)
N2 語彙 (文字・語彙・文法),伝言,でんごん,dengon',"xabar, aytib qo'yish",,伝言についての詳しい説明を聞きました。 (xabar haqida batafsil tushuntirish eshitdik.)
N2 語彙 (文字・語彙・文法),位置,いち,ichi,"joylashuv, pozitsiya",,その位置の環境はとても快適です。 (Ushbu joylashuvning muhiti juda qulay.)
N2 語彙 (文字・語彙・文法),作品集,さくひんしゅう,sakuhinshuu,asarlar to'plami,,作品集についての詳しい説明を聞きました。 (asarlar to'plami haqida batafsil tushuntirish eshitdik.)
N2 語彙 (文字・語彙・文法),保護,ほご,hogo,"himoya, muhofaza",,保護についての詳しい説明を聞きました。 (himoya haqida batafsil tushuntirish eshitdik.)
N2 語彙 (文字・語彙・文法),信念,しんねん,shinnen',"e'tiqod, ishonch",,信念についての詳しい説明を聞きました。 (e'tiqod haqida batafsil tushuntirish eshitdik.)
N2 語彙 (文字・語彙・文法),候補,こうほ,kouho,"nomzod, kandidat",,候補についての詳しい説明を聞きました。 (nomzod haqida batafsil tushuntirish eshitdik.)
N2 語彙 (文字・語彙・文法),停止線,ていしせん,teishisen',to'xtash chizig'i,,停止線についての詳しい説明を聞きました。 (to'xtash chizig'i haqida batafsil tushuntirish eshitdik.)
N2 語彙 (文字・語彙・文法),優先,ゆうせん,yuusen',"ustuvorlik, birinchi navbat",,優先についての詳しい説明を聞きました。 (ustuvorlik haqida batafsil tushuntirish eshitdik.)
N2 語彙 (文字・語彙・文法),光熱費,こうねつひ,kounetsuhi,kommunal xarajatlar,,光熱費についての詳しい説明を聞きました。 (kommunal xarajatlar haqida batafsil tushuntirish eshitdik.)
N2 語彙 (文字・語彙・文法),入力,にゅうりょく,nyuuryoku,kiritish (ma'lumot),,入力についての詳しい説明を聞きました。 (kiritish haqida batafsil tushuntirish eshitdik.)
N2 語彙 (文字・語彙・文法),全面的,ぜんめんてき,zenmenteki,"har tomonlama, to'liq",,全面的についての詳しい説明を聞きました。 (har tomonlama haqida batafsil tushuntirish eshitdik.)
N2 語彙 (文字・語彙・文法),公開,こうかい,koukai,ommaga ochiq qilish,,計画通りに公開を進めていきます。 (Rejaga muvofiq ommaga ochiq qilishni davom ettiramiz.)
N2 語彙 (文字・語彙・文法),冷静さ,れいせいさ,reiseisa,sovuqqonlik,,冷静さについての詳しい説明を聞きました。 (sovuqqonlik haqida batafsil tushuntirish eshitdik.)
N2 語彙 (文字・語彙・文法),出題,しゅつだい,shutsudai,"savol berish, topshiriq chiqarish",,出題についての詳しい説明を聞きました。 (savol berish haqida batafsil tushuntirish eshitdik.)
N2 語彙 (文字・語彙・文法),分析,ぶんせき,bunseki,tahlil qilish,,計画通りに分析を進めていきます。 (Rejaga muvofiq tahlil qilishni davom ettiramiz.)
N2 語彙 (文字・語彙・文法),制度,せいど,seido,"tizim, tartib",,社会の制度をしっかりと守ります。 (Jamiyatning tizimiga qat'iy amal qilamiz.)
N2 語彙 (文字・語彙・文法),削減,さくげん,sakugen',"qisqartirish, kamaytirish",,削減についての詳しい説明を聞きました。 (qisqartirish haqida batafsil tushuntirish eshitdik.)
N2 語彙 (文字・語彙・文法),前提,ぜんてい,zentei,"shart, asos",,前提についての詳しい説明を聞きました。 (shart haqida batafsil tushuntirish eshitdik.)
N2 語彙 (文字・語彙・文法),募金,ぼきん,bokin',xayriya mablag' yig'ish,,募金についての詳しい説明を聞きました。 (xayriya mablag' yig'ish haqida batafsil tushuntirish eshitdik.)
N2 語彙 (文字・語彙・文法),励ます,はげます,hagemasu,"dalda bermoq, ruhlantirmoq",,計画通りに励ますを進めていきます。 (Rejaga muvofiq dalda bermoqni davom ettiramiz.)
N2 語彙 (文字・語彙・文法),勤勉,きんべん,kinben',"mehnatkash, tirishqoq",,勤勉についての詳しい説明を聞きました。 (mehnatkash haqida batafsil tushuntirish eshitdik.)
N2 語彙 (文字・語彙・文法),危害防止,きがいぼうし,kigaiboushi,zararning oldini olish,,危害防止を未然に防ぐ対策を立てました。 (zararning oldini olishning oldini olish choralarini tuzdik.)
N2 語彙 (文字・語彙・文法),反射,はんしゃ,hansha,refleks; aks etish,,計画通りに反射を進めていきます。 (Rejaga muvofiq refleksni davom ettiramiz.)
N2 語彙 (文字・語彙・文法),取り消し,とりけし,torikeshi,bekor qilish,,計画通りに取り消しを進めていきます。 (Rejaga muvofiq bekor qilishni davom ettiramiz.)
N2 語彙 (文字・語彙・文法),受け取り,うけとり,uketori,"olish, qabul qilish",,計画通りに受け取りを進めていきます。 (Rejaga muvofiq olishni davom ettiramiz.)
N2 語彙 (文字・語彙・文法),台風,たいふう,taifuu,tayfun,,台風についての詳しい説明を聞きました。 (tayfun haqida batafsil tushuntirish eshitdik.)
N2 語彙 (文字・語彙・文法),合図,あいず,aizu,"ishora, belgi",,合図についての詳しい説明を聞きました。 (ishora haqida batafsil tushuntirish eshitdik.)
N2 語彙 (文字・語彙・文法),同封,どうふう,doufuu,birga jo'natish (xat bilan),,同封についての詳しい説明を聞きました。 (birga jo'natish haqida batafsil tushuntirish eshitdik.)
N2 語彙 (文字・語彙・文法),名刺,めいし,meishi,"tashrif qog'ozi, vizitka",,名刺についての詳しい説明を聞きました。 (tashrif qog'ozi haqida batafsil tushuntirish eshitdik.)
N2 語彙 (文字・語彙・文法),吹雪,ふぶき,fubuki,"bo'ron, qor bo'roni",,吹雪についての詳しい説明を聞きました。 (bo'ron haqida batafsil tushuntirish eshitdik.)
N2 語彙 (文字・語彙・文法),味覚,みかく,mikaku,ta'm bilish qobiliyati,,味覚についての詳しい説明を聞きました。 (ta'm bilish qobiliyati haqida batafsil tushuntirish eshitdik.)
N2 語彙 (文字・語彙・文法),問題用紙,もんだいようし,mondaiyoushi,savollar varaqasi,,問題用紙についての詳しい説明を聞きました。 (savollar varaqasi haqida batafsil tushuntirish eshitdik.)
N2 語彙 (文字・語彙・文法),回復力,かいふくりょく,kaifukuryoku,tiklanish qobiliyati,,回復力についての詳しい説明を聞きました。 (tiklanish qobiliyati haqida batafsil tushuntirish eshitdik.)
N2 語彙 (文字・語彙・文法),報酬,ほうしゅう,houshuu,"haq, mukofot",,報酬についての詳しい説明を聞きました。 (haq haqida batafsil tushuntirish eshitdik.)
N2 語彙 (文字・語彙・文法),圧力,あつりょく,atsuryoku,bosim,,圧力についての詳しい説明を聞きました。 (bosim haqida batafsil tushuntirish eshitdik.)
N2 語彙 (文字・語彙・文法),基準,きじゅん,kijun',"mezon, standart",,社会の基準をしっかりと守ります。 (Jamiyatning mezoniga qat'iy amal qilamiz.)
N2 語彙 (文字・語彙・文法),増税,ぞうぜい,zouzei,soliq oshirilishi,,増税についての詳しい説明を聞きました。 (soliq oshirilishi haqida batafsil tushuntirish eshitdik.)
N2 語彙 (文字・語彙・文法),売上,うりあげ,uriage,savdo tushumi,,売上についての詳しい説明を聞きました。 (savdo tushumi haqida batafsil tushuntirish eshitdik.)
N2 語彙 (文字・語彙・文法),大ざっぱ,おおざっぱ,oozappa,"yuzaki, taxminiy",,大ざっぱについての詳しい説明を聞きました。 (yuzaki haqida batafsil tushuntirish eshitdik.)
N2 語彙 (文字・語彙・文法),延期届,えんきとどけ,enkitodoke,kechiktirish arizasi,,延期届についての詳しい説明を聞きました。 (kechiktirish arizasi haqida batafsil tushuntirish eshitdik.)
N2 語彙 (文字・語彙・文法),引っ越し,ひっこし,hikkoshi,ko'chish,,引っ越しについての詳しい説明を聞きました。 (ko'chish haqida batafsil tushuntirish eshitdik.)
N2 語彙 (文字・語彙・文法),採用試験,さいようしけん,saiyoushiken',ishga qabul imtihoni,,採用試験についての詳しい説明を聞きました。 (ishga qabul imtihoni haqida batafsil tushuntirish eshitdik.)
N2 語彙 (文字・語彙・文法),放送,ほうそう,housou,"eshittirish, translyatsiya",,放送についての詳しい説明を聞きました。 (eshittirish haqida batafsil tushuntirish eshitdik.)
N2 語彙 (文字・語彙・文法),教科,きょうか,kyouka,o'quv fani,,教科についての詳しい説明を聞きました。 (o'quv fani haqida batafsil tushuntirish eshitdik.)
N2 語彙 (文字・語彙・文法),文献,ぶんけん,bunken',"adabiyot, manba",,文献についての詳しい説明を聞きました。 (adabiyot haqida batafsil tushuntirish eshitdik.)
N2 語彙 (文字・語彙・文法),方向転換,ほうこうてんかん,houkoutenkan',yo'nalishni o'zgartirish,,方向転換についての詳しい説明を聞きました。 (yo'nalishni o'zgartirish haqida batafsil tushuntirish eshitdik.)
N2 語彙 (文字・語彙・文法),期限,きげん,kigen',"muddat, oxirgi muddat",,期限についての詳しい説明を聞きました。 (muddat haqida batafsil tushuntirish eshitdik.)
N2 語彙 (文字・語彙・文法),検討,けんとう,kentou,"ko'rib chiqish, muhokama",,検討についての詳しい説明を聞きました。 (ko'rib chiqish haqida batafsil tushuntirish eshitdik.)
N2 語彙 (文字・語彙・文法),極めて,きわめて,kiwamete,"nihoyatda, juda",,極めてについての詳しい説明を聞きました。 (nihoyatda haqida batafsil tushuntirish eshitdik.)
N2 語彙 (文字・語彙・文法),概念,がいねん,gainen',"tushuncha, konsepsiya",,概念についての詳しい説明を聞きました。 (tushuncha haqida batafsil tushuntirish eshitdik.)
N2 語彙 (文字・語彙・文法),権利,けんり,kenri,huquq,,権利についての詳しい説明を聞きました。 (huquq haqida batafsil tushuntirish eshitdik.)
N2 語彙 (文字・語彙・文法),正解,せいかい,seikai,to'g'ri javob,,正解についての詳しい説明を聞きました。 (to'g'ri javob haqida batafsil tushuntirish eshitdik.)
N2 語彙 (文字・語彙・文法),比例,ひれい,hirei,"mutanosiblik, proporsiya",,比例についての詳しい説明を聞きました。 (mutanosiblik haqida batafsil tushuntirish eshitdik.)
N2 語彙 (文字・語彙・文法),気づく,きづく,kizuku,"payqamoq, sezmoq",,計画通りに気づくを進めていきます。 (Rejaga muvofiq payqamoqni davom ettiramiz.)
N2 語彙 (文字・語彙・文法),決定事項,けっていじこう,ketteijikou,qaror qilingan bandlar,,決定事項についての詳しい説明を聞きました。 (qaror qilingan bandlar haqida batafsil tushuntirish eshitdik.)
N2 語彙 (文字・語彙・文法),沸騰,ふっとう,futtou,qaynash,,沸騰についての詳しい説明を聞きました。 (qaynash haqida batafsil tushuntirish eshitdik.)
N2 語彙 (文字・語彙・文法),法令,ほうれい,hourei,qonun va farmonlar,,社会の法令をしっかりと守ります。 (Jamiyatning qonun va farmonlariga qat'iy amal qilamiz.)
N2 語彙 (文字・語彙・文法),点数,てんすう,tensuu,"ball, baho",,点数についての詳しい説明を聞きました。 (ball haqida batafsil tushuntirish eshitdik.)
N2 語彙 (文字・語彙・文法),無理強い,むりじい,murijii,"zo'rlash, majburlash",,無理強いについての詳しい説明を聞きました。 (zo'rlash haqida batafsil tushuntirish eshitdik.)
N2 語彙 (文字・語彙・文法),照明,しょうめい,shoumei,"yoritish, chiroq",,照明についての詳しい説明を聞きました。 (yoritish haqida batafsil tushuntirish eshitdik.)
N2 語彙 (文字・語彙・文法),熱中,ねっちゅう,netchuu,"berilib ketish, qiziqib ketish",,計画通りに熱中を進めていきます。 (Rejaga muvofiq berilib ketishni davom ettiramiz.)
N2 語彙 (文字・語彙・文法),物体,ぶったい,buttai,"jism, obyekt",,物体についての詳しい説明を聞きました。 (jism haqida batafsil tushuntirish eshitdik.)
N2 語彙 (文字・語彙・文法),特急,とっきゅう,tokkyuu,tezyurar poyezd,,特急についての詳しい説明を聞きました。 (tezyurar poyezd haqida batafsil tushuntirish eshitdik.)
N2 語彙 (文字・語彙・文法),珍しい,めずらしい,mezurashii,"noyob, kam uchraydigan",,珍しいについての詳しい説明を聞きました。 (noyob haqida batafsil tushuntirish eshitdik.)
N2 語彙 (文字・語彙・文法),生存競争,せいぞんきょうそう,seizonkyousou,hayot uchun kurash,,生存競争についての詳しい説明を聞きました。 (hayot uchun kurash haqida batafsil tushuntirish eshitdik.)
N2 語彙 (文字・語彙・文法),発揮,はっき,hakki,namoyon qilish (qobiliyat),,計画通りに発揮を進めていきます。 (Rejaga muvofiq namoyon qilishni davom ettiramiz.)
N2 語彙 (文字・語彙・文法),相続,そうぞく,souzoku,meros olish,,相続についての詳しい説明を聞きました。 (meros olish haqida batafsil tushuntirish eshitdik.)
N2 語彙 (文字・語彙・文法),省エネ,しょうえね,shouene,energiya tejash,,省エネについての詳しい説明を聞きました。 (energiya tejash haqida batafsil tushuntirish eshitdik.)
N2 語彙 (文字・語彙・文法),知恵,ちえ,chie,"aql, donolik",,知恵についての詳しい説明を聞きました。 (aql haqida batafsil tushuntirish eshitdik.)
N2 語彙 (文字・語彙・文法),矛盾点,むじゅんてん,mujunten',ziddiyatli nuqta,,矛盾点についての詳しい説明を聞きました。 (ziddiyatli nuqta haqida batafsil tushuntirish eshitdik.)
N2 語彙 (文字・語彙・文法),禁止区域,きんしくいき,kinshikuiki,taqiqlangan hudud,,その禁止区域の環境はとても快適です。 (Ushbu taqiqlangan hududning muhiti juda qulay.)
N2 語彙 (文字・語彙・文法),給付,きゅうふ,kyuufu,"to'lov, nafaqa berish",,給付についての詳しい説明を聞きました。 (to'lov haqida batafsil tushuntirish eshitdik.)
N2 語彙 (文字・語彙・文法),総合,そうごう,sougou,"umumiy, kompleks",,総合についての詳しい説明を聞きました。 (umumiy haqida batafsil tushuntirish eshitdik.)
N2 語彙 (文字・語彙・文法),美術,びじゅつ,bijutsu,tasviriy san'at,,美術についての詳しい説明を聞きました。 (tasviriy san'at haqida batafsil tushuntirish eshitdik.)
N2 語彙 (文字・語彙・文法),老後,ろうご,rougo,"qarilik davri, keksalik",,老後についての詳しい説明を聞きました。 (qarilik davri haqida batafsil tushuntirish eshitdik.)
N2 語彙 (文字・語彙・文法),自覚,じかく,jikaku,o'zini anglash,,自覚についての詳しい説明を聞きました。 (o'zini anglash haqida batafsil tushuntirish eshitdik.)
N2 語彙 (文字・語彙・文法),苦しい,くるしい,kurushii,"og'ir, qiyin; azobli",,苦しいについての詳しい説明を聞きました。 (og'ir haqida batafsil tushuntirish eshitdik.)
N2 語彙 (文字・語彙・文法),蓄積,ちくせき,chikuseki,"to'plash, jamlash",,蓄積についての詳しい説明を聞きました。 (to'plash haqida batafsil tushuntirish eshitdik.)
N2 語彙 (文字・語彙・文法),見直し,みなおし,minaoshi,qayta ko'rib chiqish,,見直しについての詳しい説明を聞きました。 (qayta ko'rib chiqish haqida batafsil tushuntirish eshitdik.)
N2 語彙 (文字・語彙・文法),覚悟,かくご,kakugo,"tayyorlik, qat'iy qaror",,覚悟についての詳しい説明を聞きました。 (tayyorlik haqida batafsil tushuntirish eshitdik.)
N2 語彙 (文字・語彙・文法),試験官,しけんかん,shikenkan',imtihon oluvchi,,試験官についての詳しい説明を聞きました。 (imtihon oluvchi haqida batafsil tushuntirish eshitdik.)
N2 語彙 (文字・語彙・文法),説明会,せつめいかい,setsumeikai,tushuntirish yig'ilishi,,説明会についての詳しい説明を聞きました。 (tushuntirish yig'ilishi haqida batafsil tushuntirish eshitdik.)
N2 語彙 (文字・語彙・文法),調べ,しらべ,shirabe,"tekshiruv, tadqiqot",,調べについての詳しい説明を聞きました。 (tekshiruv haqida batafsil tushuntirish eshitdik.)
N2 語彙 (文字・語彙・文法),豊か,ゆたか,yutaka,"boy, to'kin",,豊かについての詳しい説明を聞きました。 (boy haqida batafsil tushuntirish eshitdik.)
N2 語彙 (文字・語彙・文法),買い物客,かいものきゃく,kaimonokyaku,"xaridor, mijoz",,買い物客についての詳しい説明を聞きました。 (xaridor haqida batafsil tushuntirish eshitdik.)
N2 語彙 (文字・語彙・文法),資源節約,しげんせつやく,shigensetsuyaku,resurslarni tejash,,資源節約についての詳しい説明を聞きました。 (resurslarni tejash haqida batafsil tushuntirish eshitdik.)
N2 語彙 (文字・語彙・文法),身近,みぢか,mijika,"yaqin, kundalik",,身近についての詳しい説明を聞きました。 (yaqin haqida batafsil tushuntirish eshitdik.)
N2 語彙 (文字・語彙・文法),農地,のうち,nouchi,qishloq xo'jaligi yeri,,農地についての詳しい説明を聞きました。 (qishloq xo'jaligi yeri haqida batafsil tushuntirish eshitdik.)
N2 語彙 (文字・語彙・文法),遠隔,えんかく,enkaku,"masofaviy, uzoqdan",,遠隔についての詳しい説明を聞きました。 (masofaviy haqida batafsil tushuntirish eshitdik.)
N2 語彙 (文字・語彙・文法),適応,てきおう,tekiou,"moslashish, adaptatsiya",,適応についての詳しい説明を聞きました。 (moslashish haqida batafsil tushuntirish eshitdik.)
N2 語彙 (文字・語彙・文法),遺跡,いせき,iseki,"xarobalar, qadimiy yodgorlik",,遺跡についての詳しい説明を聞きました。 (xarobalar haqida batafsil tushuntirish eshitdik.)
N2 語彙 (文字・語彙・文法),重複,ちょうふく,choufuku,takrorlanish,,重複についての詳しい説明を聞きました。 (takrorlanish haqida batafsil tushuntirish eshitdik.)
N2 語彙 (文字・語彙・文法),関与,かんよ,kan'yo,"ishtirok, aloqadorlik",,関与についての詳しい説明を聞きました。 (ishtirok haqida batafsil tushuntirish eshitdik.)
N2 語彙 (文字・語彙・文法),音楽会,おんがくかい,ongakukai,"musiqa kechasi, konsert",,音楽会についての詳しい説明を聞きました。 (musiqa kechasi haqida batafsil tushuntirish eshitdik.)
N2 語彙 (文字・語彙・文法),順番,じゅんばん,junban',"navbat, tartib",,社会の順番をしっかりと守ります。 (Jamiyatning navbatiga qat'iy amal qilamiz.)
N2 語彙 (文字・語彙・文法),頷く,うなずく,unazuku,bosh irg'ab tasdiqlamoq,,計画通りに頷くを進めていきます。 (Rejaga muvofiq bosh irg'ab tasdiqlamoqni davom ettiramiz.)
N2 語彙 (文字・語彙・文法),食費,しょくひ,shokuhi,ovqat xarajati,,食費についての詳しい説明を聞きました。 (ovqat xarajati haqida batafsil tushuntirish eshitdik.)
N2 語彙 (文字・語彙・文法),高まる,たかまる,takamaru,"ko'tarilmoq, ortmoq",,計画通りに高まるを進めていきます。 (Rejaga muvofiq ko'tarilmoqni davom ettiramiz.)
N2 語彙 (文字・語彙・文法),参考書,さんこうしょ,sankousho,qo'shimcha o'quv qo'llanma,,参考書についての詳しい説明を聞きました。 (qo'shimcha o'quv qo'llanma haqida batafsil tushuntirish eshitdik.)
N2 語彙 (文字・語彙・文法),処理能力,しょりのうりょく,shorinouryoku,ishlov berish qobiliyati,,処理能力についての詳しい説明を聞きました。 (ishlov berish qobiliyati haqida batafsil tushuntirish eshitdik.)
N2 語彙 (文字・語彙・文法),伝統,でんとう,dentou,"an'ana, urf-odat",,伝統についての詳しい説明を聞きました。 (an'ana haqida batafsil tushuntirish eshitdik.)
N2 語彙 (文字・語彙・文法),価値観,かちかん,kachikan',"qadriyatlar, dunyoqarash",,価値観についての詳しい説明を聞きました。 (qadriyatlar haqida batafsil tushuntirish eshitdik.)
N2 語彙 (文字・語彙・文法),全体,ぜんたい,zentai,"butun, umumiy",,全体についての詳しい説明を聞きました。 (butun haqida batafsil tushuntirish eshitdik.)
N2 語彙 (文字・語彙・文法),公害,こうがい,kougai,atrof-muhit ifloslanishi,,公害についての詳しい説明を聞きました。 (atrof-muhit ifloslanishi haqida batafsil tushuntirish eshitdik.)
N2 語彙 (文字・語彙・文法),兵庫,ひょうご,hyougo,Hyogo (prefektura),,兵庫についての詳しい説明を聞きました。 (Hyogo haqida batafsil tushuntirish eshitdik.)
N2 語彙 (文字・語彙・文法),再確認,さいかくにん,saikakunin',qayta tekshirish,,再確認についての詳しい説明を聞きました。 (qayta tekshirish haqida batafsil tushuntirish eshitdik.)
N2 語彙 (文字・語彙・文法),勉学,べんがく,bengaku,"o'qish, ilm olish",,勉学についての詳しい説明を聞きました。 (o'qish haqida batafsil tushuntirish eshitdik.)
N2 語彙 (文字・語彙・文法),取り組む,とりくむ,torikumu,"jiddiy shug'ullanmoq, kirishmoq",,計画通りに取り組むを進めていきます。 (Rejaga muvofiq jiddiy shug'ullanmoqni davom ettiramiz.)
N2 語彙 (文字・語彙・文法),定期券,ていきけん,teikiken',mavsumiy yo'l chiptasi,,定期券についての詳しい説明を聞きました。 (mavsumiy yo'l chiptasi haqida batafsil tushuntirish eshitdik.)
N2 語彙 (文字・語彙・文法),発想,はっそう,hassou,"g'oya, fikrlash tarzi",,発想についての詳しい説明を聞きました。 (g'oya haqida batafsil tushuntirish eshitdik.)
N2 語彙 (文字・語彙・文法),確認済み,かくにんずみ,kakuninzumi,"tekshirilgan, tasdiqlangan",,確認済みについての詳しい説明を聞きました。 (tekshirilgan haqida batafsil tushuntirish eshitdik.)
N2 語彙 (文字・語彙・文法),一律,いちりつ,ichiritsu,"bir xilda, hammaga birdek",,一律についての詳しい説明を聞きました。 (bir xilda haqida batafsil tushuntirish eshitdik.)
N2 語彙 (文字・語彙・文法),上昇,じょうしょう,joushou,"ko'tarilish, o'sish",,技術の上昇によって生活が便利になりました。 (Texnologiyaning ko'tarilishi tufayli hayot qulaylashdi.)
N2 語彙 (文字・語彙・文法),不可欠,ふかけつ,fukaketsu,"zarur, ajralmas",,不可欠についての詳しい説明を聞きました。 (zarur haqida batafsil tushuntirish eshitdik.)
N2 語彙 (文字・語彙・文法),人柄,ひとがら,hitogara,"xarakter, odamgarchilik",,人柄としての責任を持って行動します。 (xarakter sifatidagi mas'uliyat bilan harakat qilamiz.)
N2 語彙 (文字・語彙・文法),休業,きゅうぎょう,kyuugyou,faoliyatni to'xtatish,,休業についての詳しい説明を聞きました。 (faoliyatni to'xtatish haqida batafsil tushuntirish eshitdik.)
N2 語彙 (文字・語彙・文法),会場,かいじょう,kaijou,"tadbir joyi, zal",,その会場の環境はとても快適です。 (Ushbu tadbir joyining muhiti juda qulay.)
N2 語彙 (文字・語彙・文法),保護者,ほごしゃ,hogosha,"ota-ona, vasiy",,保護者についての詳しい説明を聞きました。 (ota-ona haqida batafsil tushuntirish eshitdik.)
N2 語彙 (文字・語彙・文法),公表,こうひょう,kouhyou,"e'lon qilish, oshkor qilish",,計画通りに公表を進めていきます。 (Rejaga muvofiq e'lon qilishni davom ettiramiz.)
N2 語彙 (文字・語彙・文法),冷凍,れいとう,reitou,muzlatish,,冷凍についての詳しい説明を聞きました。 (muzlatish haqida batafsil tushuntirish eshitdik.)
N2 語彙 (文字・語彙・文法),処置,しょち,shochi,"chora ko'rish, davolash",,処置についての詳しい説明を聞きました。 (chora ko'rish haqida batafsil tushuntirish eshitdik.)
N2 語彙 (文字・語彙・文法),創意,そうい,soui,"ijodkorlik, yangilik",,創意についての詳しい説明を聞きました。 (ijodkorlik haqida batafsil tushuntirish eshitdik.)
N2 語彙 (文字・語彙・文法),動向,どうこう,doukou,"tendensiya, yo'nalish",,動向についての詳しい説明を聞きました。 (tendensiya haqida batafsil tushuntirish eshitdik.)
N2 語彙 (文字・語彙・文法),協定,きょうてい,kyoutei,"kelishuv, bitim",,協定についての詳しい説明を聞きました。 (kelishuv haqida batafsil tushuntirish eshitdik.)
N2 語彙 (文字・語彙・文法),原稿,げんこう,genkou,"qo'lyozma, matn",,原稿についての詳しい説明を聞きました。 (qo'lyozma haqida batafsil tushuntirish eshitdik.)
N2 語彙 (文字・語彙・文法),味方,みかた,mikata,"tarafdor, yon bosuvchi",,味方についての詳しい説明を聞きました。 (tarafdor haqida batafsil tushuntirish eshitdik.)
N2 語彙 (文字・語彙・文法),回路,かいろ,kairo,"sxema, kontur",,回路についての詳しい説明を聞きました。 (sxema haqida batafsil tushuntirish eshitdik.)
N2 語彙 (文字・語彙・文法),図書,としょ,tosho,"kitoblar, nashrlar",,図書についての詳しい説明を聞きました。 (kitoblar haqida batafsil tushuntirish eshitdik.)
N2 語彙 (文字・語彙・文法),夜景,やけい,yakei,tungi manzara,,夜景についての詳しい説明を聞きました。 (tungi manzara haqida batafsil tushuntirish eshitdik.)
N2 語彙 (文字・語彙・文法),天井,てんじょう,tenjou,shift,,天井についての詳しい説明を聞きました。 (shift haqida batafsil tushuntirish eshitdik.)
N2 語彙 (文字・語彙・文法),専攻,せんこう,senkou,mutaxassislik,,専攻についての詳しい説明を聞きました。 (mutaxassislik haqida batafsil tushuntirish eshitdik.)
N2 語彙 (文字・語彙・文法),手順,てじゅん,tejun',"tartib, ketma-ketlik",,社会の手順をしっかりと守ります。 (Jamiyatning tartibiga qat'iy amal qilamiz.)
N2 語彙 (文字・語彙・文法),指標,しひょう,shihyou,"ko'rsatkich, indikator",,指標についての詳しい説明を聞きました。 (ko'rsatkich haqida batafsil tushuntirish eshitdik.)
N2 語彙 (文字・語彙・文法),携帯,けいたい,keitai,mobil telefon; olib yurish,,携帯についての詳しい説明を聞きました。 (mobil telefon haqida batafsil tushuntirish eshitdik.)
N2 語彙 (文字・語彙・文法),整然,せいぜん,seizen',"tartibli, ozoda",,社会の整然をしっかりと守ります。 (Jamiyatning tartibliiga qat'iy amal qilamiz.)
N2 語彙 (文字・語彙・文法),文脈,ぶんみゃく,bunmyaku,"kontekst, matn mazmuni",,文脈についての詳しい説明を聞きました。 (kontekst haqida batafsil tushuntirish eshitdik.)
N2 語彙 (文字・語彙・文法),朗報,ろうほう,rouhou,xushxabar,,朗報についての詳しい説明を聞きました。 (xushxabar haqida batafsil tushuntirish eshitdik.)
N2 語彙 (文字・語彙・文法),本部長,ほんぶちょう,honbuchou,bosh idora rahbari,,本部長についての詳しい説明を聞きました。 (bosh idora rahbari haqida batafsil tushuntirish eshitdik.)
N2 語彙 (文字・語彙・文法),概要,がいよう,gaiyou,"umumiy mazmun, qisqacha",,概要についての詳しい説明を聞きました。 (umumiy mazmun haqida batafsil tushuntirish eshitdik.)
N2 語彙 (文字・語彙・文法),民俗,みんぞく,minzoku,"xalq an'analari, etnografiya",,民俗についての詳しい説明を聞きました。 (xalq an'analari haqida batafsil tushuntirish eshitdik.)
N2 語彙 (文字・語彙・文法),澄む,すむ,sumu,"tiniq bo'lmoq, tinmoq",,計画通りに澄むを進めていきます。 (Rejaga muvofiq tiniq bo'lmoqni davom ettiramiz.)
N2 語彙 (文字・語彙・文法),物語,ものがたり,monogatari,"hikoya, qissa",,物語についての詳しい説明を聞きました。 (hikoya haqida batafsil tushuntirish eshitdik.)
N2 語彙 (文字・語彙・文法),看板,かんばん,kanban',"lavha, e'lon taxtasi",,看板についての詳しい説明を聞きました。 (lavha haqida batafsil tushuntirish eshitdik.)
N2 語彙 (文字・語彙・文法),節約,せつやく,setsuyaku,"tejash, tejamkorlik",,節約についての詳しい説明を聞きました。 (tejash haqida batafsil tushuntirish eshitdik.)
N2 語彙 (文字・語彙・文法),背負う,せおう,seou,"yelkaga olmoq, zimmaga olmoq",,計画通りに背負うを進めていきます。 (Rejaga muvofiq yelkaga olmoqni davom ettiramiz.)
N2 語彙 (文字・語彙・文法),自炊,じすい,jisui,o'zi ovqat pishirish,,自炊についての詳しい説明を聞きました。 (o'zi ovqat pishirish haqida batafsil tushuntirish eshitdik.)
N2 語彙 (文字・語彙・文法),複雑,ふくざつ,fukuzatsu,"murakkab, chalkash",,複雑についての詳しい説明を聞きました。 (murakkab haqida batafsil tushuntirish eshitdik.)
N2 語彙 (文字・語彙・文法),計画性,けいかくせい,keikakusei,rejali yondashuv,,計画性についての詳しい説明を聞きました。 (rejali yondashuv haqida batafsil tushuntirish eshitdik.)
N2 語彙 (文字・語彙・文法),議題,ぎだい,gidai,"muhokama mavzusi, kun tartibi",,社会の議題をしっかりと守ります。 (Jamiyatning muhokama mavzusiiga qat'iy amal qilamiz.)
