Bo'lim,Yaponcha,O'qilishi (kana),Romaji,O'zbekcha tarjima,English (manba),Misol gap
第１課 新しい一歩,いらっしゃいます,いらっしゃいます,irasshaimasu,bormoq/kelmoq/bo'lmoq (hurmat shakli),"go, come (respectful language fering re to someone else)",先生は研究室にいらっしゃいます。 (Ustoz tadqiqot xonasidalar.)
第１課 新しい一歩,お先に失礼します,おさきにしつれいします,osakinishitsureishimasu,sizdan oldin ketganim uchun kechirasiz,"""Excuse me for going ahead of you""",お先に失礼します。また明日。 (Sizdan oldin ketganim uchun kechirasiz. Ertagacha.)
第１課 新しい一歩,お年寄り,おとしより,otoshiyori,"keksa kishi, qariya",elderly person,電車でお年寄りに席を譲りました。 (Poyezdda keksaga joy berdim.)
第１課 新しい一歩,こちらへどうぞ,こちらへどうぞ,kochirahedouzo,bu yoqqa marhamat,"""Please come this way""","どうぞ、こちらへどうぞ。 (Marhamat, bu yoqqa o'ting.)"
第１課 新しい一歩,それでは,それでは,soredeha,"unda, shunday bo'lsa (gap boshida)","well, then (at beginning of a sentence)","それでは、会議を始めましょう。 (Unda, yig'ilishni boshlaymiz.)"
第１課 新しい一歩,つまらない,つまらない,tsumaranai,"zerikarli, qiziq emas",boring,この話は少しつまらないです。 (Bu hikoya biroz zerikarli.)
第１課 新しい一歩,では,では,deha,"u holda, unday bo'lsa","in that case, if so","では、また来週会いましょう。 (U holda, keyingi hafta ko'rishguncha.)"
第１課 新しい一歩,まず,まず,mazu,"avvalo, birinchi navbatda",at first (at beginning of a sentence),"まず、手を洗ってください。 (Avvalo, qo'lingizni yuving.)"
第１課 新しい一歩,よろしくお願いいたします,よろしくおねがいいたします,yoroshikuonegaiitashimasu,yaxshi hamkorlikka umid qilaman (juda rasmiy),"“I am looking forward to knowing you""",これからよろしくお願いいたします。 (Bundan buyon yaxshi hamkorlikka umid qilaman.)
第１課 新しい一歩,サイクリング・する,サイクリング・する,saikuringu-suru,velosiped uchmoq,do cycling,週末に公園でサイクリングします。 (Dam olish kuni bog'da velosiped uchaman.)
第１課 新しい一歩,チラシ,チラシ,chirashi,"reklama varaqasi, flayer","aflet, flyer",駅前で新しい店のチラシをもらいました。 (Bekat oldida yangi do'kon flayerini oldim.)
第１課 新しい一歩,ホームページ,ホームページ,hoomupeeji,"veb-sayt, bosh sahifa",website,大学のホームページで情報を確認しました。 (Universitet veb-saytida ma'lumotni tekshirdim.)
第１課 新しい一歩,入力・する,にゅうりょく・する,nyuuryoku-suru,kiritmoq (ma'lumot kiritish),input,パソコンに名前と住所を入力します。 (Kompyuterga ism va manzilni kiritaman.)
第１課 新しい一歩,募集・する,ぼしゅう・する,boshuu-suru,e'lon qilib yig'moq (ishga qabul e'lon qilmoq),"recruit, put out a call for",アルバイトを募集しています。 (Ishga qabul e'lon qilinmoqda.)
第１課 新しい一歩,半年,はんとし,hantoshi,yarim yil,half-year,日本に来てから半年が経ちました。 (Yaponiyaga kelganimga yarim yil bo'ldi.)
第１課 新しい一歩,参ります,まいります,mairimasu,"bormoq, kelmoq (kamtarona shakl)","go, come (humble language referring to oneself)",明日、１０時にそちらへ参ります。 (Ertaga soat 10 da u yerga boraman.)
第１課 新しい一歩,問い合わせ,といあわせ,toiawase,"so'rov, murojaat (ma'lumot so'rash)",inquiry,市役所に電話で問い合わせました。 (Shahar hokimiyatiga telefon qilib ma'lumot so'radim.)
第１課 新しい一歩,大好き（な）,だいすき（な）,daisukina,"juda yaxshi ko'radigan, sevimli",favorite,日本のアニメが大好きです。 (Yapon animesini juda yaxshi ko'raman.)
第１課 新しい一歩,失礼します,しつれいします,shitsureishimasu,kechirasiz (kirish/chiqishda aytiladi),"""Excuse me""","「失礼します」と言って部屋に入りました。 (""Kechirasiz"" deb xonaga kirdim.)"
第１課 新しい一歩,字幕,じまく,jimaku,subtitr (kinoda yozuv),subtitles,日本語の字幕を見ながら映画を見ます。 (Yaponcha subtitr bilan film ko'raman.)
第１課 新しい一歩,学生証,がくせいしょう,gakuseishou,talabalik guvohnomasi,student ID,図書館で学生証を見せました。 (Kutubxonada talabalik guvohnomasini ko'rsatdim.)
第１課 新しい一歩,少々お待ちください,少々おまちください,少々omachikudasai,biroz kutib turing (iltimos),"""Please wait a moment""",少々お待ちください。すぐ戻ります。 (Biroz kutib turing. Darhol qaytaman.)
第１課 新しい一歩,履歴書,りれきしょ,rirekisho,"rezyume, CV","resume, CV",会社に履歴書を送りました。 (Kompaniyaga rezyumeni jo'natdim.)
第１課 新しい一歩,希望・する,きぼう・する,kibou-suru,"xohlamoq, istamoq",desire,日本での就職を希望しています。 (Yaponiyada ishga joylashishni istayman.)
第１課 新しい一歩,建物,たてもの,tatemono,bino,building,あそこに高い建物が見えます。 (Aniq joyda baland bino ko'rinmoqda.)
第１課 新しい一歩,得意（な）,とくい（な）,tokuina,"biror ishni yaxshi qiladigan, usta",good at (something),彼女は料理が得意です。 (U ovqat pishirishga usta.)
第１課 新しい一歩,応援・する,おうえん・する,ouen-suru,"qo'llab-quvvatlamoq, dalda bermoq","encourage, cheer on",友達の試合をみんなで応援しました。 (Do'stimizning musobaqasini hamma qo'llab-quvvatladi.)
第１課 新しい一歩,思い出す,おもいだす,omoidasu,"eslamoq, yodga olmoq","remember, recall",子供のころの思い出を思い出しました。 (Bolalikdagi xotiralarni yodga oldim.)
第１課 新しい一歩,意見,いけん,iken',"fikr, mulohaza",opinion,自分の意見をはっきり言いました。 (O'z fikrimni aniq aytdim.)
第１課 新しい一歩,方,かた,kata,"kishi, inson (boshqa odamga nisbatan hurmat shakli)",person (respectful language referring to someone else),あの方はどちら様ですか。 (U kishi kimlar?)
第１課 新しい一歩,日常会話,にちじょうかいわ,nichijoukaiwa,"kundalik suhbat, kundalik so'zlashuv",daily conversation,日本語で日常会話ができるようになりたいです。 (Yapon tilida kundalik suhbat qila oladigan bo'lishni xohlayman.)
第１課 新しい一歩,朝早く,あさはやく,asahayaku,"erta tongda, saharda",early morning,毎朝早く起きて散歩をします。 (Har tong erta turib sayr qilaman.)
第１課 新しい一歩,楽器,がっき,gakki,musiqa asbobi,musical instrument,何か楽器を演奏できますか。 (Biror musiqa asbobini chala olasizmi?)
第１課 新しい一歩,歴史,れきし,rekishi,tarix,history,日本の古い歴史に興味があります。 (Yaponiyaning qadimiy tarixiga qiziqaman.)
第１課 新しい一歩,無理（な）,むり（な）,murina,"iloji yo'q, amalga oshirib bo'lmaydigan",unable to do (something),無理な計画は立てないほうがいいです。 (Amalga oshirib bo'lmaydigan reja tuzmagan ma'qul.)
第１課 新しい一歩,申します,もうします,moushimasu,...deb ataladi (o'z ismini aytishning kamtarona shakli),"call oneself (humble language), my name is",私はファルホドと申します。 (Mening ismim Farhod deb ataladi.)
第１課 新しい一歩,者,もの,mono,"kishi, shaxs (o'ziga nisbatan kamtarona shakl)",person (humble language referring to oneself),田中という者が参りました。 (Tanaka degan kishi yetib keldi.)
第１課 新しい一歩,聞き取る,ききとる,kikitoru,eshitib tushunmoq,hear and understand,先生の言葉をしっかり聞き取ります。 (Ustozning gaplarini yaxshilab eshitib tushunaman.)
第１課 新しい一歩,自分,じぶん,jibun',"o'zi, o'z-o'zidan",oneself,自分の力で問題を解決しました。 (O'z kuchim bilan muammoni hal qildim.)
第１課 新しい一歩,苦手（な）,にがて（な）,nigatena,"biror ishni yaxshi qila olmaydigan, noqulay",bad at (something),人前で話すのが苦手です。 (Odamlar oldida gapirishga qiynalaman.)
第１課 新しい一歩,覚える,おぼえる,oboeru,"eslab qolmoq, yodlamoq","remember, memorize",新しい単語をノートに書いて覚えます。 (Yangi so'zlarni daftarga yozib yodlayman.)
第１課 新しい一歩,言葉,ことば,kotoba,"so'z, til, ibora","words, language",丁寧な言葉を使って話しましょう。 (Muloyim so'zlarni ishlatib gaplashaylik.)
第１課 新しい一歩,話,はなし,hanashi,"suhbat, gap, hikoya",conversation,先生と将来の話をしました。 (Ustoz bilan kelajak haqida gaplashdim.)
第１課 新しい一歩,資格外活動許可書,しかくがいかつどうきょかしょ,shikakugaikatsudoukyokasho,viza maqomidan tashqari faoliyat uchun ruxsatnoma,permission for engaging in activity outside visa status,資格外活動許可書の大切さを改めて実感しました。 (viza maqomidan tashqari faoliyat uchun ruxsatnomaning muhimligini yana bir bor his qildim.)
第１課 新しい一歩,速い,はやい,hayai,"tez, jadal",fast,この電車はとても速いです。 (Bu poyezd juda tez.)
第１課 新しい一歩,遅い,おそい,osoi,sekin; kech,slow,足が遅いので走るのが嫌いです。 (Sekin yurganim uchun yugurishni yoqtirmayman.)
第１課 新しい一歩,野外ライブ,やがいライブ,yagairaibu,ochiq havoda jonli konsert,live outdoor concert,野外ライブの大切さを改めて実感しました。 (ochiq havoda jonli konsertning muhimligini yana bir bor his qildim.)
第１課 新しい一歩,面接,めんせつ,mensetsu,"suhbat, intervyu",interview,明日、アルバイトの面接があります。 (Ertaga yarim kunlik ish suhbati bor.)
第１課 新しい一歩,（お）刺身,（お）さしみ,osashimi,sashimi (xom baliq bo'laklari),"sashimi (thinly sliced, raw seafood)",新鮮な刺身を美味しくいただきました。 (Yangi sashimini mazza qilib tanovul qildik.)
第１課 新しい一歩,～個,～こ,~ko,dona (hisob so'zi),things (counter word),個と親しく話をしました。 (dona bilan yaqindan suhbatlashdim.)
第２課 楽しいショッピング,いかがですか,いかがですか,ikagadesuka,Qanday? (muloyim savol),"""How is it?""",いかがですかの大切さを改めて実感しました。 (Qanday?ning muhimligini yana bir bor his qildim.)
第２課 楽しいショッピング,うれしい,うれしい,ureshii,"xursand, quvnoq","happy, glad","とてもうれしいので、気をつけてください。 (Juda xursand bo'lgani uchun, ehtiyot bo'ling.)"
第２課 楽しいショッピング,おかわり,おかわり,okawari,yana bir marta (qo'shimcha porsiya),"refill, second helping",お気に入りのおかわりを身につけました。 (Sevimli yana bir martaimni kiyib (taqib) oldim.)
第２課 楽しいショッピング,かける,かける,kakeru,"osmoq, ilmoq","hang, attach",毎日しっかりとかけるように努力しています。 (Har kuni astoydil osmoqga intilaman.)
第２課 楽しいショッピング,かける,かける,kakeru,"qo'ymoq, solmoq (ustiga)",put on (something),毎日しっかりとかけるように努力しています。 (Har kuni astoydil qo'ymoqga intilaman.)
第２課 楽しいショッピング,かしこまりました,かしこまりました,kashikomarimashita,"tushundim, marhamat (kamtarona)","""I understand"" (humble language)",かしこまりましたと親しく話をしました。 (tushundim bilan yaqindan suhbatlashdim.)
第２課 楽しいショッピング,ちょうどいい,ちょうどいい,choudoii,"juda mos, ayni muddao",perfect,"とてもちょうどいいので、気をつけてください。 (Juda juda mos bo'lgani uchun, ehtiyot bo'ling.)"
第２課 楽しいショッピング,ちょっと,ちょっと,chotto,"bir oz, sal",a little,ちょっとの大切さを改めて実感しました。 (bir ozning muhimligini yana bir bor his qildim.)
第２課 楽しいショッピング,とんかつにソースをかける。,とんかつにソースをかける。,tonkatsunisoosuokakeru,Kotletga sous quyaman.,"""put sauce on pork cutlet""",とんかつにソースをかける。 (Kotletga sous quyaman.)
第２課 楽しいショッピング,どういう,どういう,douiu,"qanday, qanaqa",what kind of,毎日しっかりとどういうように努力しています。 (Har kuni astoydil qandayga intilaman.)
第２課 楽しいショッピング,もう,もう,mou,yana; allaqachon,another,毎日しっかりともうように努力しています。 (Har kuni astoydil yanaga intilaman.)
第２課 楽しいショッピング,もう一杯,もういっぱい,mouippai,yana bir piyola/peshta,another drink,もう一杯の大切さを改めて実感しました。 (yana bir piyola/peshtaning muhimligini yana bir bor his qildim.)
第２課 楽しいショッピング,もっと,もっと,motto,"yana, ko'proq",more,もっとの大切さを改めて実感しました。 (yananing muhimligini yana bir bor his qildim.)
第２課 楽しいショッピング,もっと大きいかばんがほしいです。,もっとおおきいかばんがほしいです。,mottoookiikabangahoshiidesu,Kattaroq sumka istayman.,"""I want a larger bag""",もっと大きいかばんがほしいです。 (Kattaroq sumka istayman.)
第２課 楽しいショッピング,カレンダー,カレンダー,karendaa,kalendar,calendar,カレンダーの大切さを改めて実感しました。 (kalendarning muhimligini yana bir bor his qildim.)
第２課 楽しいショッピング,カレンダーをかける。,カレンダーをかける。,karendaaokakeru,Kalendarni osaman.,hang up a calendar,カレンダーをかける。 (Kalendarni osaman.)
第２課 楽しいショッピング,コート,コート,kooto,palto,coat,コートの大切さを改めて実感しました。 (paltoning muhimligini yana bir bor his qildim.)
第２課 楽しいショッピング,サイズ,サイズ,saizu,"o'lcham, razmer",size,サイズの大切さを改めて実感しました。 (o'lchamning muhimligini yana bir bor his qildim.)
第２課 楽しいショッピング,サンドイッチ,サンドイッチ,sandoitchi,sendvich,Sandwich,サンドイッチの大切さを改めて実感しました。 (sendvichning muhimligini yana bir bor his qildim.)
第２課 楽しいショッピング,ジーンズ,ジーンズ,jiinzu,jinsi shim,jeans,お気に入りのジーンズを身につけました。 (Sevimli jinsi shimimni kiyib (taqib) oldim.)
第２課 楽しいショッピング,スーツケース,スーツケース,suutsukeesu,"jomadon, chamadon",suitcase,スーツケースの大切さを改めて実感しました。 (jomadonning muhimligini yana bir bor his qildim.)
第２課 楽しいショッピング,セット,セット,setto,"to'plam, set",set,セットの大切さを改めて実感しました。 (to'plamning muhimligini yana bir bor his qildim.)
第２課 楽しいショッピング,セーター,セーター,seetaa,sviter,sweater,セーターの大切さを改めて実感しました。 (sviterning muhimligini yana bir bor his qildim.)
第２課 楽しいショッピング,ソース,ソース,soosu,sous,Sauce,ソースの大切さを改めて実感しました。 (sousning muhimligini yana bir bor his qildim.)
第２課 楽しいショッピング,ソースをかける。,ソースをかける。,soosuokakeru,Sous quyaman.,put on sauce,ソースをかける。 (Sous quyaman.)
第２課 楽しいショッピング,タイムサービス,タイムサービス,taimusaabisu,vaqtinchalik aksiya (chegirma),limited time offer,タイムサービスの大切さを改めて実感しました。 (vaqtinchalik aksiyaning muhimligini yana bir bor his qildim.)
第２課 楽しいショッピング,デザート,デザート,dezaato,"desert, shirinlik",dessert,新鮮なデザートを美味しくいただきました。 (Yangi desertni mazza qilib tanovul qildik.)
第２課 楽しいショッピング,ヒール,ヒール,hiiru,(baland) poshnali tufli,(high) heels,ヒールの大切さを改めて実感しました。 (ning muhimligini yana bir bor his qildim.)
第２課 楽しいショッピング,フロアガイド,フロアガイド,furoagaido,qavatlar qo'llanmasi,floor guide,フロアガイドの大切さを改めて実感しました。 (qavatlar qo'llanmasining muhimligini yana bir bor his qildim.)
第２課 楽しいショッピング,ボタン,ボタン,botan',tugma,button,ボタンの大切さを改めて実感しました。 (tugmaning muhimligini yana bir bor his qildim.)
第２課 楽しいショッピング,レディースデー,レディースデー,rediisudee,ayollar kuni (chegirma kuni),Lady's Day,レディースデーの大切さを改めて実感しました。 (ayollar kunining muhimligini yana bir bor his qildim.)
第２課 楽しいショッピング,丈夫（な）,じょうぶ（な）,joubuna,"mustahkam, pishiq",sturdy,この方法はとても丈夫だと思います。 (Bu usul juda mustahkam deb hisoblayman.)
第２課 楽しいショッピング,世界地図,せかいちず,sekaichizu,dunyo xaritasi,world map,世界地図の大切さを改めて実感しました。 (dunyo xaritasining muhimligini yana bir bor his qildim.)
第２課 楽しいショッピング,両替・する,りょうがえ・する,ryougae-suru,mayda pulga almashtirmoq,exchange for small money,計画通りに両替を行いました。 (Rejaga muvofiq mayda pulga almashtirmoqni amalga oshirdik.)
第２課 楽しいショッピング,割引・する,わりびき・する,waribiki-suru,chegirma qilmoq,"discount tiempo limitado periodo limitado,",計画通りに割引を行いました。 (Rejaga muvofiq chegirma qilmoqni amalga oshirdik.)
第２課 楽しいショッピング,動く,うごく,ugoku,harakatlanmoq,move,毎日しっかりと動くように努力しています。 (Har kuni astoydil harakatlanmoqga intilaman.)
第２課 楽しいショッピング,半額,はんがく,hangaku,yarim narx,half-price,半額の大切さを改めて実感しました。 (yarim narxning muhimligini yana bir bor his qildim.)
第２課 楽しいショッピング,営業中,えいぎょうちゅう,eigyouchuu,ochiq (ishlayapti),open (for business),営業中の大切さを改めて実感しました。 (ochiqning muhimligini yana bir bor his qildim.)
第２課 楽しいショッピング,壁,かべ,kabe,devor,wall,壁の大切さを改めて実感しました。 (devorning muhimligini yana bir bor his qildim.)
第２課 楽しいショッピング,売り場,うりば,uriba,savdo bo'limi,sales section,売り場の大切さを改めて実感しました。 (savdo bo'limining muhimligini yana bir bor his qildim.)
第２課 楽しいショッピング,大変,たいへん,taihen',"juda, nihoyatda; qiyin",very,大変の大切さを改めて実感しました。 (judaning muhimligini yana bir bor his qildim.)
第２課 楽しいショッピング,大盛り,おおもり,oomori,katta porsiya,extra-large helping,大盛りの大切さを改めて実感しました。 (katta porsiyaning muhimligini yana bir bor his qildim.)
第２課 楽しいショッピング,定休日,ていきゅうび,teikyuubi,doimiy dam olish kuni,regular holiday,定休日の大切さを改めて実感しました。 (doimiy dam olish kunining muhimligini yana bir bor his qildim.)
第２課 楽しいショッピング,得（な）,とく（な）,tokuna,"foydali, tejamli","profitable, advantageous",この方法はとても得だと思います。 (Bu usul juda foydali deb hisoblayman.)
第２課 楽しいショッピング,恥ずかしい,はずかしい,hazukashii,"uyatli, xijolatli",embarrassing,"とても恥ずかしいので、気をつけてください。 (Juda uyatli bo'lgani uchun, ehtiyot bo'ling.)"
第２課 楽しいショッピング,意味,いみ,imi,ma'no,meaning,意味の大切さを改めて実感しました。 (ma'noning muhimligini yana bir bor his qildim.)
第２課 楽しいショッピング,指輪,ゆびわ,yubiwa,uzuk,ring,お気に入りの指輪を身につけました。 (Sevimli uzukimni kiyib (taqib) oldim.)
第２課 楽しいショッピング,数字,すうじ,suuji,raqam,number,数字の大切さを改めて実感しました。 (raqamning muhimligini yana bir bor his qildim.)
第２課 楽しいショッピング,最新,さいしん,saishin',"eng yangi, so'nggi","latest, newest",最新の大切さを改めて実感しました。 (eng yangining muhimligini yana bir bor his qildim.)
第２課 楽しいショッピング,期間限定,きかんげんてい,kikangentei,cheklangan muddatga,limited period,期間限定の大切さを改めて実感しました。 (cheklangan muddatganing muhimligini yana bir bor his qildim.)
第２課 楽しいショッピング,本日,ほんじつ,honjitsu,bugun (rasmiy),today,本日の大切さを改めて実感しました。 (bugunning muhimligini yana bir bor his qildim.)
第２課 楽しいショッピング,棚,たな,tana,"javon, polka",shelf,棚の大切さを改めて実感しました。 (javonning muhimligini yana bir bor his qildim.)
第２課 楽しいショッピング,注文・する,ちゅうもん・する,chuumon-suru,buyurtma bermoq,order,計画通りに注文を行いました。 (Rejaga muvofiq buyurtma bermoqni amalga oshirdik.)
第２課 楽しいショッピング,牛丼,ぎゅうどん,gyuudon',gyudon (mol go'shtli guruchli taom),gyu-don (bowl of rice topped with seasoned beef),新鮮な牛丼を美味しくいただきました。 (Yangi gyudonni mazza qilib tanovul qildik.)
第２課 楽しいショッピング,特別（な）,とくべつ（な）,tokubetsuna,"alohida, maxsus",Special,この方法はとても特別だと思います。 (Bu usul juda alohida deb hisoblayman.)
第２課 楽しいショッピング,腕時計,うでどけい,udedokei,qo'l soati,wristwatch,お気に入りの腕時計を身につけました。 (Sevimli qo'l soatiimni kiyib (taqib) oldim.)
第２課 楽しいショッピング,親子丼,おやこどん,oyakodon',oyakodon (tovuq va tuxum solingan guruchli taom),oyako-don (bowl of rice topped with boiled chicken and eggs),新鮮な親子丼を美味しくいただきました。 (Yangi oyakodonni mazza qilib tanovul qildik.)
第２課 楽しいショッピング,説明・する,せつめい・する,setsumei-suru,tushuntirmoq,explain,計画通りに説明を行いました。 (Rejaga muvofiq tushuntirmoqni amalga oshirdik.)
第２課 楽しいショッピング,貼る,はる,haru,yopishtirmoq,affix,毎日しっかりと貼るように努力しています。 (Har kuni astoydil yopishtirmoqga intilaman.)
第２課 楽しいショッピング,軽い,かるい,karui,yengil,light (weight),"とても軽いので、気をつけてください。 (Juda yengil bo'lgani uchun, ehtiyot bo'ling.)"
第２課 楽しいショッピング,送料,そうりょう,souryou,yetkazib berish narxi,shipping charges,送料の大切さを改めて実感しました。 (yetkazib berish narxining muhimligini yana bir bor his qildim.)
第２課 楽しいショッピング,配達・する,はいたつ・する,haitatsu-suru,yetkazib bermoq,deliver,計画通りに配達を行いました。 (Rejaga muvofiq yetkazib bermoqni amalga oshirdik.)
第２課 楽しいショッピング,重い,おもい,omoi,og'ir,heavy (weight),"とても重いので、気をつけてください。 (Juda og'ir bo'lgani uchun, ehtiyot bo'ling.)"
第２課 楽しいショッピング,量,りょう,ryou,miqdor,amount,量の大切さを改めて実感しました。 (miqdorning muhimligini yana bir bor his qildim.)
第２課 楽しいショッピング,飲み放題,のみほうだい,nomihoudai,cheksiz ichimlik,unlimited drinks,新鮮な飲み放題を美味しくいただきました。 (Yangi cheksiz ichimlikni mazza qilib tanovul qildik.)
第２課 楽しいショッピング,～券（例：割引券）,～けん（れい：わりびきけん,~kenrei：waribikiken',"talon, voucher (masalan: chegirma taloni)","ticket (example: discount ticket, coupon)",割引券を確認しました。 (割引券ni tekshirib tasdiqladim.)
第３課 私の目標,やめる,やめる,yameru,"to'xtatmoq, tashlab qo'ymoq",stop,毎日しっかりとやめるように努力しています。 (Har kuni astoydil to'xtatmoqga intilaman.)
第３課 私の目標,アクセサリー,アクセサリー,akusesarii,"aksessuar, taqinchoq",jewelry,お気に入りのアクセサリーを身につけました。 (Sevimli aksessuarimni kiyib (taqib) oldim.)
第３課 私の目標,カナダ,カナダ,kanada,Kanada,Canada,カナダの大切さを改めて実感しました。 (Kanadaning muhimligini yana bir bor his qildim.)
第３課 私の目標,サークル,サークル,saakuru,"to'garak, klub","club, group",サークルの大切さを改めて実感しました。 (to'garakning muhimligini yana bir bor his qildim.)
第３課 私の目標,スピーチ・する,スピーチ・する,supiichi-suru,nutq so'zlamoq,give a speech,計画通りにスピーチを行いました。 (Rejaga muvofiq nutq so'zlamoqni amalga oshirdik.)
第３課 私の目標,スーツ,スーツ,suutsu,kostyum,business suit,スーツの大切さを改めて実感しました。 (kostyumning muhimligini yana bir bor his qildim.)
第３課 私の目標,デザイナー,デザイナー,dezainaa,dizayner,designer,デザイナーの大切さを改めて実感しました。 (dizaynerning muhimligini yana bir bor his qildim.)
第３課 私の目標,デッサン・する,デッサン・する,dessan-suru,qoralama rasm chizmoq,produce a drawing,計画通りにデッサンを行いました。 (Rejaga muvofiq qoralama rasm chizmoqni amalga oshirdik.)
第３課 私の目標,パティシエ,パティシエ,patishie,qandolatchi,pastry baker (from the French word pâtissier,パティシエの大切さを改めて実感しました。 (qandolatchining muhimligini yana bir bor his qildim.)
第３課 私の目標,ビジネス,ビジネス,bijinesu,biznes,business,ビジネスの大切さを改めて実感しました。 (biznesning muhimligini yana bir bor his qildim.)
第３課 私の目標,一生懸命,いっしょうけんめい,isshoukenmei,"bor kuchi bilan, astoydil",(do) one's very best,一生懸命の大切さを改めて実感しました。 (bor kuchi bilanning muhimligini yana bir bor his qildim.)
第３課 私の目標,予習・する,よしゅう・する,yoshuu-suru,oldindan tayyorlanmoq (darsga),prepare for (a lesson),計画通りに予習を行いました。 (Rejaga muvofiq oldindan tayyorlanmoqni amalga oshirdik.)
第３課 私の目標,事務室,じむしつ,jimushitsu,"idora xonasi, ofis",office,質問があって事務室に行きました。 (Savolim borligi uchun idoraga bordim.)
第３課 私の目標,体験・する,たいけん・する,taiken-suru,"boshdan kechirmoq, sinab ko'rmoq",experience,計画通りに体験を行いました。 (Rejaga muvofiq boshdan kechirmoqni amalga oshirdik.)
第３課 私の目標,受ける,うける,ukeru,qabul qilib olmoq; imtihon topshirmoq,receive,毎日しっかりと受けるように努力しています。 (Har kuni astoydil qabul qilib olmoqga intilaman.)
第３課 私の目標,受験・する,じゅけん・する,juken-suru,imtihon topshirmoq,take an examination,計画通りに受験を行いました。 (Rejaga muvofiq imtihon topshirmoqni amalga oshirdik.)
第３課 私の目標,合格・する,ごうかく・する,goukaku-suru,imtihondan o'tmoq,pass (an examination),計画通りに合格を行いました。 (Rejaga muvofiq imtihondan o'tmoqni amalga oshirdik.)
第３課 私の目標,国へ帰るかどうか迷っている。,くにへかえるかどうかまよっている。,kunihekaerukadoukamayotteiru,Vatanimga qaytish-qaytmaslikni o'ylab ikkilanyapman.,"""wavering whether to return to my country or",国へ帰るかどうか迷っている。 (Vatanimga qaytish-qaytmaslikni o'ylab ikkilanyapman.)
第３課 私の目標,夢,ゆめ,yume,orzu; tush,dream,夢の大切さを改めて実感しました。 (orzuning muhimligini yana bir bor his qildim.)
第３課 私の目標,学部,がくぶ,gakubu,fakultet,academic department,学部の大切さを改めて実感しました。 (fakultetning muhimligini yana bir bor his qildim.)
第３課 私の目標,寮,りょう,ryou,yotoqxona,dormitory,大学の近くの学生寮に住んでいます。 (Universitet yaqinidagi talabalar yotoqxonasida yashayman.)
第３課 私の目標,専攻・する,せんこう・する,senkou-suru,mutaxassislik bo'yicha o'qimoq,"specialize in, major in",計画通りに専攻を行いました。 (Rejaga muvofiq mutaxassislik bo'yicha o'qimoqni amalga oshirdik.)
第３課 私の目標,専門学校,せんもんがっこう,senmongakkou,kasb-hunar kolleji,vocational school,専門学校の大切さを改めて実感しました。 (kasb-hunar kollejining muhimligini yana bir bor his qildim.)
第３課 私の目標,将来,しょうらい,shourai,kelajak,future,将来の大切さを改めて実感しました。 (kelajakning muhimligini yana bir bor his qildim.)
第３課 私の目標,就職・する,しゅうしょく・する,shuushoku-suru,ishga joylashmoq,find a job,就職の場所を地図で調べました。 (ishga joylashmoqning manzilini xaritadan qidirdim.)
第３課 私の目標,建築家,けんちくか,kenchikuka,"arxitektor, me'mor",architect,建築家の大切さを改めて実感しました。 (arxitektorning muhimligini yana bir bor his qildim.)
第３課 私の目標,復習・する,ふくしゅう・する,fukushuu-suru,takrorlamoq (o'tilgan darsni),review (a lesson),計画通りに復習を行いました。 (Rejaga muvofiq takrorlamoqni amalga oshirdik.)
第３課 私の目標,悩む,なやむ,nayamu,"qayg'urmoq, azoblanmoq","be troubled over, be worried about",毎日しっかりと悩むように努力しています。 (Har kuni astoydil qayg'urmoqga intilaman.)
第３課 私の目標,悲しい,かなしい,kanashii,"g'amgin, xafa",sad,"とても悲しいので、気をつけてください。 (Juda g'amgin bo'lgani uchun, ehtiyot bo'ling.)"
第３課 私の目標,日本語能力試験,にほんごのうりょくしけん,nihongonouryokushiken',Yapon tili malaka imtihoni (JLPT),Japanese Language Proficiency Test,日本語能力試験の大切さを改めて実感しました。 (Yapon tili malaka imtihonining muhimligini yana bir bor his qildim.)
第３課 私の目標,書類,しょるい,shorui,hujjatlar,documents,書類の大切さを改めて実感しました。 (hujjatlarning muhimligini yana bir bor his qildim.)
第３課 私の目標,案内・する,あんない・する,annai-suru,"yo'l ko'rsatmoq, tanishtirmoq",guide,計画通りに案内を行いました。 (Rejaga muvofiq yo'l ko'rsatmoqni amalga oshirdik.)
第３課 私の目標,正しい,ただしい,tadashii,"to'g'ri, xatosiz",correct,"とても正しいので、気をつけてください。 (Juda to'g'ri bo'lgani uchun, ehtiyot bo'ling.)"
第３課 私の目標,決める,きめる,kimeru,qaror qilmoq,decide,毎日しっかりと決めるように努力しています。 (Har kuni astoydil qaror qilmoqga intilaman.)
第３課 私の目標,法律,ほうりつ,houritsu,"huquq, qonun",law,法律の大切さを改めて実感しました。 (huquqning muhimligini yana bir bor his qildim.)
第３課 私の目標,留学・する,りゅうがく・する,ryuugaku-suru,chet elda o'qimoq,study abroad,計画通りに留学を行いました。 (Rejaga muvofiq chet elda o'qimoqni amalga oshirdik.)
第３課 私の目標,目標,もくひょう,mokuhyou,maqsad,"goal, target",目標の大切さを改めて実感しました。 (maqsadning muhimligini yana bir bor his qildim.)
第３課 私の目標,相談・する,そうだん・する,soudan-suru,maslahatlashmoq,"consult with, ask someone's advice",計画通りに相談を行いました。 (Rejaga muvofiq maslahatlashmoqni amalga oshirdik.)
第３課 私の目標,確認・する,かくにん・する,kakunin-suru,tekshirib tasdiqlamoq,"confirm, check",計画通りに確認を行いました。 (Rejaga muvofiq tekshirib tasdiqlamoqni amalga oshirdik.)
第３課 私の目標,笑顔,えがお,egao,"tabassum, kulib turish",smile,笑顔の大切さを改めて実感しました。 (tabassumning muhimligini yana bir bor his qildim.)
第３課 私の目標,答え,こたえ,kotae,javob,"answer, response",答えの大切さを改めて実感しました。 (javobning muhimligini yana bir bor his qildim.)
第３課 私の目標,経営・する,けいえい・する,keiei-suru,boshqarmoq (biznes),manage (a business),計画通りに経営を行いました。 (Rejaga muvofiq boshqarmoqni amalga oshirdik.)
第３課 私の目標,経済,けいざい,keizai,iqtisodiyot,"economics, economy",経済の大切さを改めて実感しました。 (iqtisodiyotning muhimligini yana bir bor his qildim.)
第３課 私の目標,給料,きゅうりょう,kyuuryou,"maosh, oylik",salary,給料の大切さを改めて実感しました。 (maoshning muhimligini yana bir bor his qildim.)
第３課 私の目標,続ける,つづける,tsuzukeru,davom ettirmoq,continue,毎日しっかりと続けるように努力しています。 (Har kuni astoydil davom ettirmoqga intilaman.)
第３課 私の目標,翻訳・する,ほんやく・する,hon'yaku-suru,tarjima qilmoq (yozma),translate,計画通りに翻訳を行いました。 (Rejaga muvofiq tarjima qilmoqni amalga oshirdik.)
第３課 私の目標,考える,かんがえる,kangaeru,"o'ylamoq, fikr yuritmoq",think about,毎日しっかりと考えるように努力しています。 (Har kuni astoydil o'ylamoqga intilaman.)
第３課 私の目標,聴解,ちょうかい,choukai,tinglab tushunish (tinglash mashqi),stening comprehension,聴解の大切さを改めて実感しました。 (tinglab tushunishning muhimligini yana bir bor his qildim.)
第３課 私の目標,自分の店を開く。,じぶんのみせをひらく。,jibunnomiseohiraku,O'z do'konini ochadi.,open your own store,自分の店を開く。 (O'z do'konini ochadi.)
第３課 私の目標,見学・する,けんがく・する,kengaku-suru,"borib ko'rmoq, kuzatmoq","tour, observe",計画通りに見学を行いました。 (Rejaga muvofiq borib ko'rmoqni amalga oshirdik.)
第３課 私の目標,見学会,けんがくかい,kengakukai,"tanishtiruv tashrifi, ochiq eshiklar kuni",observation tour,見学会の大切さを改めて実感しました。 (tanishtiruv tashrifining muhimligini yana bir bor his qildim.)
第３課 私の目標,試験,しけん,shiken',"imtihon, sinov",examination,試験の大切さを改めて実感しました。 (imtihonning muhimligini yana bir bor his qildim.)
第３課 私の目標,説明会,せつめいかい,setsumeikai,tushuntirish yig'ilishi (taqdimot),explanatory meeting,説明会の大切さを改めて実感しました。 (tushuntirish yig'ilishining muhimligini yana bir bor his qildim.)
第３課 私の目標,調べる,しらべる,shiraberu,"tekshirmoq, o'rganib chiqmoq",examine,毎日しっかりと調べるように努力しています。 (Har kuni astoydil tekshirmoqga intilaman.)
第３課 私の目標,貯金・する,ちょきん・する,chokin-suru,pul jamg'armoq,save up money,計画通りに貯金を行いました。 (Rejaga muvofiq pul jamg'armoqni amalga oshirdik.)
第３課 私の目標,迷う,まよう,mayou,"ikkilanmoq, adashmoq","waver, hesitate",毎日しっかりと迷うように努力しています。 (Har kuni astoydil ikkilanmoqga intilaman.)
第３課 私の目標,通学・する,つうがく・する,tsuugaku-suru,maktabga/universitetga qatnamoq,commute to school,通学の場所を地図で調べました。 (maktabga/universitetga qatnamoqning manzilini xaritadan qidirdim.)
第３課 私の目標,通訳,つうやく,tsuuyaku,og'zaki tarjimonlik,interpreting,通訳の大切さを改めて実感しました。 (og'zaki tarjimonlikning muhimligini yana bir bor his qildim.)
第３課 私の目標,進学・する,しんがく・する,shingaku-suru,o'qishni davom ettirmoq (keyingi bosqichga),proceed to higher education,計画通りに進学を行いました。 (Rejaga muvofiq o'qishni davom ettirmoqni amalga oshirdik.)
第３課 私の目標,選ぶ,えらぶ,erabu,tanlamoq,"select, choose",毎日しっかりと選ぶように努力しています。 (Har kuni astoydil tanlamoqga intilaman.)
第３課 私の目標,開く,ひらく,hiraku,ochmoq,open,毎日しっかりと開くように努力しています。 (Har kuni astoydil ochmoqga intilaman.)
第３課 私の目標,間違い,まちがい,machigai,"xato, yanglishish",mistake,"とても間違いので、気をつけてください。 (Juda xato bo'lgani uchun, ehtiyot bo'ling.)"
第３課 私の目標,頑張る,がんばる,ganbaru,astoydil harakat qilmoq,do one's best,毎日しっかりと頑張るように努力しています。 (Har kuni astoydil astoydil harakat qilmoqga intilaman.)
第３課 私の目標,願書,がんしょ,gansho,ariza (hujjat),application,願書の大切さを改めて実感しました。 (arizaning muhimligini yana bir bor his qildim.)
第３課 私の目標,～中（例：今日中）,～じゅう（れい：きょうじゅう,~juurei：kyoujuu,davomida (masalan: bugun ichida),during (a period) (example: during today),今日中を確認しました。 (今日中ni tekshirib tasdiqladim.)
第３課 私の目標,～料（例：授業料）,～りょう（れい：じゅぎょうりょう,~ryourei：jugyouryou,"to'lov, tarif (masalan: o'qish to'lovi)","charges, fees (example: tuition)",授業料を確認しました。 (授業料ni tekshirib tasdiqladim.)
第４課 住んでいる町で,かかる,かかる,kakaru,"(vaqt/pul) ketmoq, sarflanmoq",take,毎日しっかりとかかるように努力しています。 (Har kuni astoydil ga intilaman.)
第４課 住んでいる町で,たこ焼き,たこやき,takoyaki,takoyaki (sakkizoyoqli yumaloq yapon taomi),takoyaki (fried octopus dumpling balls),新鮮なたこ焼きを美味しくいただきました。 (Yangi takoyakini mazza qilib tanovul qildik.)
第４課 住んでいる町で,てんぷら,てんぷら,tenpura,tempura (xamirga o'ralgan qovurilgan sabzavot/baliq),tempura (battered and deep-fried vegetables and seafood),新鮮なてんぷらを美味しくいただきました。 (Yangi tempurani mazza qilib tanovul qildik.)
第４課 住んでいる町で,におい,におい,nioi,hid,smell,"とてもにおいので、気をつけてください。 (Juda hid bo'lgani uchun, ehtiyot bo'ling.)"
第４課 住んでいる町で,カット・する,カット・する,katto-suru,kesmoq (soch),cut,計画通りにカットを行いました。 (Rejaga muvofiq kesmoqni amalga oshirdik.)
第４課 住んでいる町で,センター,センター,sentaa,markaz,center,センターの場所を地図で調べました。 (markazning manzilini xaritadan qidirdim.)
第４課 住んでいる町で,タオル,タオル,taoru,sochiq,towel,タオルの大切さを改めて実感しました。 (sochiqning muhimligini yana bir bor his qildim.)
第４課 住んでいる町で,タコ,タコ,tako,sakkizoyoq,octopus,タコの大切さを改めて実感しました。 (sakkizoyoqning muhimligini yana bir bor his qildim.)
第４課 住んでいる町で,バスが出る。,バスがでる。,basugaderu,Avtobus qatnaydi.,(They) run a bus service.,バスが出る。 (Avtobus qatnaydi.)
第４課 住んでいる町で,メートル,メートル,meetoru,metr,meter (units of measurement),メートルの大切さを改めて実感しました。 (metrning muhimligini yana bir bor his qildim.)
第４課 住んでいる町で,三味線,しゃみせん,shamisen',shamisen (uch torli yapon musiqa asbobi),(three-stringed Japanese musical instrument),三味線の大切さを改めて実感しました。 (shamisenning muhimligini yana bir bor his qildim.)
第４課 住んでいる町で,上る,のぼる,noboru,yuqoriga chiqmoq,Shinjuku) move upward,毎日しっかりと上るように努力しています。 (Har kuni astoydil yuqoriga chiqmoqga intilaman.)
第４課 住んでいる町で,下りる,おりる,oriru,pastga tushmoq,move downward,毎日しっかりと下りるように努力しています。 (Har kuni astoydil pastga tushmoqga intilaman.)
第４課 住んでいる町で,不動産,ふどうさん,fudousan',ko'chmas mulk,real estate,不動産の大切さを改めて実感しました。 (ko'chmas mulkning muhimligini yana bir bor his qildim.)
第４課 住んでいる町で,中学校,ちゅうがっこう,chuugakkou,o'rta maktab,"middle school, junior high school",中学校の場所を地図で調べました。 (o'rta maktabning manzilini xaritadan qidirdim.)
第４課 住んでいる町で,丸い,まるい,marui,yumaloq,round,"とても丸いので、気をつけてください。 (Juda yumaloq bo'lgani uchun, ehtiyot bo'ling.)"
第４課 住んでいる町で,交流会,こうりゅうかい,kouryuukai,o'zaro tanishuv uchrashuvi,(cultural) exchange meeting,交流会の大切さを改めて実感しました。 (o'zaro tanishuv uchrashuvining muhimligini yana bir bor his qildim.)
第４課 住んでいる町で,似る,にる,niru,o'xshamoq,be similar to,毎日しっかりと似るように努力しています。 (Har kuni astoydil o'xshamoqga intilaman.)
第４課 住んでいる町で,修理・する,しゅうり・する,shuuri-suru,ta'mirlamoq,repair,計画通りに修理を行いました。 (Rejaga muvofiq ta'mirlamoqni amalga oshirdik.)
第４課 住んでいる町で,出る,でる,deru,"ishga tushmoq, chiqmoq",operate,毎日しっかりと出るように努力しています。 (Har kuni astoydil ishga tushmoqga intilaman.)
第４課 住んでいる町で,利用・する,りよう・する,riyou-suru,foydalanmoq,use,計画通りに利用を行いました。 (Rejaga muvofiq foydalanmoqni amalga oshirdik.)
第４課 住んでいる町で,味,あじ,aji,"ta'm, maza","taste, flavor",味の大切さを改めて実感しました。 (ta'mning muhimligini yana bir bor his qildim.)
第４課 住んでいる町で,坂,さか,saka,"qiyalik, tepalik","hill, slope",坂の大切さを改めて実感しました。 (qiyalikning muhimligini yana bir bor his qildim.)
第４課 住んでいる町で,場,じょう,jou,"joy, maydon",(example: soccer field),場の場所を地図で調べました。 (joyning manzilini xaritadan qidirdim.)
第４課 住んでいる町で,大使館,たいしかん,taishikan',elchixona,embassy,ビザの申請で大使館へ行きました。 (Viza arizasi uchun elchixonaga bordim.)
第４課 住んでいる町で,小さな,ちいさな,chiisana,kichkina,small,小さなの大切さを改めて実感しました。 (kichkinaning muhimligini yana bir bor his qildim.)
第４課 住んでいる町で,小学校,しょうがっこう,shougakkou,boshlang'ich maktab,elementary school,小学校の場所を地図で調べました。 (boshlang'ich maktabning manzilini xaritadan qidirdim.)
第４課 住んでいる町で,市役所,しやくしょ,shiyakusho,shahar hokimiyati,city hall,市役所に行って住民票を取りました。 (Shahar hokimiyatiga borib ma'lumotnoma oldim.)
第４課 住んでいる町で,市民,しみん,shimin',shahar fuqarosi,citizen s hamisen,多くの市民が祭りに参加しました。 (Ko'plab shahar fuqarolari bayramda qatnashdi.)
第４課 住んでいる町で,必要（な）,ひつよう（な）,hitsuyouna,"kerak, zarur","needed, necessary",この方法はとても必要だと思います。 (Bu usul juda kerak deb hisoblayman.)
第４課 住んでいる町で,情報,じょうほう,jouhou,"ma'lumot, axborot",information,情報の大切さを改めて実感しました。 (ma'lumotning muhimligini yana bir bor his qildim.)
第４課 住んでいる町で,次,つぎ,tsugi,keyingi,next,次の大切さを改めて実感しました。 (keyingining muhimligini yana bir bor his qildim.)
第４課 住んでいる町で,止まる,とまる,tomaru,to'xtamoq,stop,毎日しっかりと止まるように努力しています。 (Har kuni astoydil to'xtamoqga intilaman.)
第４課 住んでいる町で,歯科,しか,shika,stomatologiya,dentist,歯科の大切さを改めて実感しました。 (stomatologiyaning muhimligini yana bir bor his qildim.)
第４課 住んでいる町で,水が止まる。,みずがとまる。,mizugatomaru,Suv to'xtaydi.,the water has stopped running,水が止まる。 (Suv to'xtaydi.)
第４課 住んでいる町で,水道,すいどう,suidou,suv ta'minoti,water service,水道の大切さを改めて実感しました。 (suv ta'minotining muhimligini yana bir bor his qildim.)
第４課 住んでいる町で,着く,つく,tsuku,yetib kelmoq,arrive,毎日しっかりと着くように努力しています。 (Har kuni astoydil yetib kelmoqga intilaman.)
第４課 住んでいる町で,知らせる,しらせる,shiraseru,"xabar bermoq, bildirmoq","notify, inform",毎日しっかりと知らせるように努力しています。 (Har kuni astoydil xabar bermoqga intilaman.)
第４課 住んでいる町で,種類,しゅるい,shurui,"tur, xil",type,種類の大切さを改めて実感しました。 (turning muhimligini yana bir bor his qildim.)
第４課 住んでいる町で,空港,くうこう,kuukou,aeroport,airport,家族を見送りに空港へ行きました。 (Oilamni kuzatgani aeroportga bordim.)
第４課 住んでいる町で,紹介・する,しょうかい・する,shoukai-suru,tanishtirmoq,introduce,計画通りに紹介を行いました。 (Rejaga muvofiq tanishtirmoqni amalga oshirdik.)
第４課 住んでいる町で,美容院,びよういん,biyouin',sartaroshxona (ayollar uchun go'zallik saloni),beauty salon,週末に美容院で髪を切りました。 (Dam olish kuni go'zallik salonida soch kestirdim.)
第４課 住んでいる町で,茶道,さどう,sadou,sado (an'anaviy yapon choy marosimi),sado (traditional Japanese tea ceremony),新鮮な茶道を美味しくいただきました。 (Yangi sadoni mazza qilib tanovul qildik.)
第４課 住んでいる町で,質問・する,しつもん・する,shitsumon-suru,savol bermoq,ask a question,計画通りに質問を行いました。 (Rejaga muvofiq savol bermoqni amalga oshirdik.)
第４課 住んでいる町で,通る,とおる,tooru,"o'tmoq, o'tib ketmoq",pass through,毎日しっかりと通るように努力しています。 (Har kuni astoydil o'tmoqga intilaman.)
第４課 住んでいる町で,～がする,～がする,~gasuru,"(hid/tovush) chiqarmoq, sezilmoq","make a (noise, smell)",毎日しっかりと～がするように努力しています。 (Har kuni astoydil ga intilaman.)
第４課 住んでいる町で,～口（例：西口）,～くち（れい：にしぐち,~kuchirei：nishiguchi,kirish/chiqish (masalan: g'arbiy chiqish),"entrance, exit (example: west exit)",西口を確認しました。 (西口ni tekshirib tasdiqladim.)
第４課 住んでいる町で,～場（例：サッカー）,～じょう（れい：サッカー,~jourei：sakkaa,"joy, maydon (masalan: futbol maydoni)","place, location",サッカーを確認しました。 (サッカーni tekshirib tasdiqladim.)
第４課 住んでいる町で,～番線（例：３番線）,～ばんせん（れい：３ばんせん,~bansenrei：３bansen',~-raqamli yo'l (platforma),number ~ train/subway line (example: number 3 line),３番線を確認しました。 (３番線ni tekshirib tasdiqladim.)
第４課 住んでいる町で,～行き（例：新宿行き）,～ゆき（れい：しんじゅくき）,~yukirei：shinjukuki,~ga qatnovchi (masalan: Sindzyukuga),destination (example: train/subway heading to,新宿行きを確認しました。 (新宿行きni tekshirib tasdiqladim.)
第４課 住んでいる町で,～階建て（例：４階建て）,～かいだて（れい：４かいて）,~kaidaterei：４kaite,~ qavatli bino,building with ~ floors (example: 4-floor building),４階建てを確認しました。 (４階建てni tekshirib tasdiqladim.)
第５課 大変な１日,さっき,さっき,sakki,"hozirgina, birozdan oldin",a moment ago,さっきの大切さを改めて実感しました。 (hozirginaning muhimligini yana bir bor his qildim.)
第５課 大変な１日,しばらく,しばらく,shibaraku,"bir muddat, biroz vaqt",in a little while,毎日しっかりとしばらくように努力しています。 (Har kuni astoydil bir muddatga intilaman.)
第５課 大変な１日,すぐ,すぐ,sugu,darhol,immediately,毎日しっかりとすぐように努力しています。 (Har kuni astoydil darholga intilaman.)
第５課 大変な１日,それが……,それが……,sorega……,ammo... (gapni boshlash),That is ….,"「どうしたの？」「それが……道に迷ってしまったんです。」 (""Nima bo'ldi?"" ""Shu... yo'ldan adashib qoldim."")"
第５課 大変な１日,どうしよう,どうしよう,doushiyou,Nima qilaman endi?,What should I do?,毎日しっかりとどうしようように努力しています。 (Har kuni astoydil Nima qilaman endi?ga intilaman.)
第５課 大変な１日,なくなる,なくなる,nakunaru,yo'qolmoq (narsa),lose (something),毎日しっかりとなくなるように努力しています。 (Har kuni astoydil yo'qolmoqga intilaman.)
第５課 大変な１日,びっくり,びっくり,bikkuri,"hayron qolish, cho'chish",surprise,びっくりの大切さを改めて実感しました。 (hayron qolishning muhimligini yana bir bor his qildim.)
第５課 大変な１日,もう少し,もうすこし,mousukoshi,yana bir oz,a little more,もう少しの大切さを改めて実感しました。 (yana bir ozning muhimligini yana bir bor his qildim.)
第５課 大変な１日,ゆっくり,ゆっくり,yukkuri,"sekin, shoshilmasdan",slowly,ゆっくりの大切さを改めて実感しました。 (sekinning muhimligini yana bir bor his qildim.)
第５課 大変な１日,ゆっくり話してください。,ゆっくりはなしてください。,yukkurihanashitekudasai,"Iltimos, sekinroq gapiring.","""Please speak slowly.""","ゆっくり話してください。 (Iltimos, sekinroq gapiring.)"
第５課 大変な１日,アナウンス・する,アナウンス・する,anaunsu-suru,e'lon qilmoq (xabar berish),announce,計画通りにアナウンスを行いました。 (Rejaga muvofiq e'lon qilmoqni amalga oshirdik.)
第５課 大変な１日,カード,カード,kaado,karta,card,カードの大切さを改めて実感しました。 (kartaning muhimligini yana bir bor his qildim.)
第５課 大変な１日,ケース,ケース,keesu,"keys, quti",case,ケースの大切さを改めて実感しました。 (keysning muhimligini yana bir bor his qildim.)
第５課 大変な１日,コインロッカー,コインロッカー,koinrokkaa,tangali saqlash shkafi,coin locker,コインロッカーの大切さを改めて実感しました。 (tangali saqlash shkafining muhimligini yana bir bor his qildim.)
第５課 大変な１日,タクシー,タクシー,takushii,taksi,taxi,タクシーの大切さを改めて実感しました。 (taksining muhimligini yana bir bor his qildim.)
第５課 大変な１日,ハート,ハート,haato,yurak (shakl),heart,ハートの大切さを改めて実感しました。 (yurakning muhimligini yana bir bor his qildim.)
第５課 大変な１日,ピンク,ピンク,pinku,pushti rang,pink,ピンクの大切さを改めて実感しました。 (pushti rangning muhimligini yana bir bor his qildim.)
第５課 大変な１日,ポケットが付いています。,ポケットがついています。,pokettogatsuiteimasu,Cho'ntagi bor.,"""A pocket is attached.""",ポケットが付いています。 (Cho'ntagi bor.)
第５課 大変な１日,乗り換える,のりかえる,norikaeru,boshqa transportga o'tirmoq,"change (trains, planes)",毎日しっかりと乗り換えるように努力しています。 (Har kuni astoydil boshqa transportga o'tirmoqga intilaman.)
第５課 大変な１日,乗り過ごす,のりすごす,norisugosu,bekatni o'tkazib yubormoq,miss one's stop,毎日しっかりと乗り過ごすように努力しています。 (Har kuni astoydil bekatni o'tkazib yubormoqga intilaman.)
第５課 大変な１日,付く,つく,tsuku,biriktirilgan bo'lmoq,attach,毎日しっかりと付くように努力しています。 (Har kuni astoydil biriktirilgan bo'lmoqga intilaman.)
第５課 大変な１日,全部で,ぜんぶで,zenbude,"jami, hammasi bo'lib",altogether,全部での大切さを改めて実感しました。 (jamining muhimligini yana bir bor his qildim.)
第５課 大変な１日,出る,でる,deru,chiqib ketmoq,"go out, leave",毎日しっかりと出るように努力しています。 (Har kuni astoydil chiqib ketmoqga intilaman.)
第５課 大変な１日,切符,きっぷ,kippu,chipta,ticket,切符の大切さを改めて実感しました。 (chiptaning muhimligini yana bir bor his qildim.)
第５課 大変な１日,困る,こまる,komaru,"qiynalmoq, qiyinchilikka uchramoq",be in trouble,毎日しっかりと困るように努力しています。 (Har kuni astoydil qiynalmoqga intilaman.)
第５課 大変な１日,変える,かえる,kaeru,o'zgartirmoq,change,毎日しっかりと変えるように努力しています。 (Har kuni astoydil o'zgartirmoqga intilaman.)
第５課 大変な１日,大きさ,おおきさ,ookisa,"kattalik, o'lcham",size,大きさの大切さを改めて実感しました。 (kattalikning muhimligini yana bir bor his qildim.)
第５課 大変な１日,安心・する,あんしん・する,anshin-suru,"xotirjam bo'lmoq, tinchlanmoq","relieve (someone's fears), give peace of mind",計画通りに安心を行いました。 (Rejaga muvofiq xotirjam bo'lmoqni amalga oshirdik.)
第５課 大変な１日,定期券,ていきけん,teikiken',oylik yo'l chiptasi (abonement),commuter pass,定期券の大切さを改めて実感しました。 (oylik yo'l chiptasining muhimligini yana bir bor his qildim.)
第５課 大変な１日,寝坊・する,ねぼう・する,nebou-suru,uxlab qolmoq (vaqtida turmay),sleep late,計画通りに寝坊を行いました。 (Rejaga muvofiq uxlab qolmoqni amalga oshirdik.)
第５課 大変な１日,形,かたち,katachi,shakl,shape,形の大切さを改めて実感しました。 (shaklning muhimligini yana bir bor his qildim.)
第５課 大変な１日,心配・する,しんぱい・する,shinpai-suru,xavotir olmoq,worry,計画通りに心配を行いました。 (Rejaga muvofiq xavotir olmoqni amalga oshirdik.)
第５課 大変な１日,忘れ物,わすれもの,wasuremono,yo'qolgan narsa; topilgan buyumlar,"lost items, lost-and-found",忘れ物の大切さを改めて実感しました。 (yo'qolgan narsaning muhimligini yana bir bor his qildim.)
第５課 大変な１日,急に,きゅうに,kyuuni,"birdan, to'satdan",suddenly,急にの大切さを改めて実感しました。 (birdanning muhimligini yana bir bor his qildim.)
第５課 大変な１日,急行,きゅうこう,kyuukou,ekspress poyezd,express (train),急行の大切さを改めて実感しました。 (ekspress poyezdning muhimligini yana bir bor his qildim.)
第５課 大変な１日,戻る,もどる,modoru,qaytmoq,return,毎日しっかりと戻るように努力しています。 (Har kuni astoydil qaytmoqga intilaman.)
第５課 大変な１日,教科書,きょうかしょ,kyoukasho,darslik,textbook,教科書の大切さを改めて実感しました。 (darslikning muhimligini yana bir bor his qildim.)
第５課 大変な１日,星,ほし,hoshi,yulduz,star,星の大切さを改めて実感しました。 (yulduzning muhimligini yana bir bor his qildim.)
第５課 大変な１日,本当に,ほんとうに,hontouni,"haqiqatan, chindan ham","really, truly",本当にの大切さを改めて実感しました。 (haqiqatanning muhimligini yana bir bor his qildim.)
第５課 大変な１日,横長,よこなが,yokonaga,eniga uzun,long from side to side,横長の大切さを改めて実感しました。 (eniga uzunning muhimligini yana bir bor his qildim.)
第５課 大変な１日,気がつく,きがつく,kigatsuku,"payqamoq, sezib qolmoq","notice, realize",毎日しっかりと気がつくように努力しています。 (Har kuni astoydil payqamoqga intilaman.)
第５課 大変な１日,池,いけ,ike,"hovuz, ko'lmak",pond,池の大切さを改めて実感しました。 (hovuzning muhimligini yana bir bor his qildim.)
第５課 大変な１日,特急,とっきゅう,tokkyuu,tezyurar poyezd,limited express (train),特急の大切さを改めて実感しました。 (tezyurar poyezdning muhimligini yana bir bor his qildim.)
第５課 大変な１日,白,しろ,shiro,oq rang,white,白の大切さを改めて実感しました。 (oq rangning muhimligini yana bir bor his qildim.)
第５課 大変な１日,確かに,たしかに,tashikani,"shubhasiz, aniq (ishonchim komil)",I am certain that,確かにの大切さを改めて実感しました。 (shubhasizning muhimligini yana bir bor his qildim.)
第５課 大変な１日,窓口,まどぐち,madoguchi,"(chipta) kassasi, qabul oynasi",(ticket) counter,窓口の大切さを改めて実感しました。 (ning muhimligini yana bir bor his qildim.)
第５課 大変な１日,終点,しゅうてん,shuuten',oxirgi bekat,final stop,終点の大切さを改めて実感しました。 (oxirgi bekatning muhimligini yana bir bor his qildim.)
第５課 大変な１日,終電,しゅうでん,shuuden',oxirgi poyezd,final train,終電の大切さを改めて実感しました。 (oxirgi poyezdning muhimligini yana bir bor his qildim.)
第５課 大変な１日,緑,みどり,midori,yashil rang,green,緑の大切さを改めて実感しました。 (yashil rangning muhimligini yana bir bor his qildim.)
第５課 大変な１日,線路,せんろ,senro,temir yo'l,"(train, subway) line",線路の大切さを改めて実感しました。 (temir yo'lning muhimligini yana bir bor his qildim.)
第５課 大変な１日,自転車がなくなった。,じてんしゃがなくなった。,jitenshaganakunatta,Velosipedim yo'qoldi.,"""I lost my bicycle.""",自転車がなくなった。 (Velosipedim yo'qoldi.)
第５課 大変な１日,色,いろ,iro,rang,color,色の大切さを改めて実感しました。 (rangning muhimligini yana bir bor his qildim.)
第５課 大変な１日,落とす,おとす,otosu,tushirib yubormoq,drop,毎日しっかりと落とすように努力しています。 (Har kuni astoydil tushirib yubormoqga intilaman.)
第５課 大変な１日,見つかる,みつかる,mitsukaru,topilmoq,find,毎日しっかりと見つかるように努力しています。 (Har kuni astoydil topilmoqga intilaman.)
第５課 大変な１日,警官,けいかん,keikan',politsiya xodimi,policeman,警官と親しく話をしました。 (politsiya xodimi bilan yaqindan suhbatlashdim.)
第５課 大変な１日,転ぶ,ころぶ,korobu,yiqilmoq,fall down,毎日しっかりと転ぶように努力しています。 (Har kuni astoydil yiqilmoqga intilaman.)
第５課 大変な１日,辺,へん,hen',"atrof, tomon",area,辺の大切さを改めて実感しました。 (atrofning muhimligini yana bir bor his qildim.)
第５課 大変な１日,迷う,まよう,mayou,"yo'lni yo'qotmoq, adashmoq",lose (one's way),毎日しっかりと迷うように努力しています。 (Har kuni astoydil yo'lni yo'qotmoqga intilaman.)
第５課 大変な１日,途中,とちゅう,tochuu,"yo'l-yo'lakay, o'rtasida",in the middle of (doing something),途中の大切さを改めて実感しました。 (yo'l-yo'lakayning muhimligini yana bir bor his qildim.)
第５課 大変な１日,連絡・する,れんらく・する,renraku-suru,"aloqa qilmoq, xabar berish",contact,計画通りに連絡を行いました。 (Rejaga muvofiq aloqa qilmoqni amalga oshirdik.)
第５課 大変な１日,遅刻・する,ちこく・する,chikoku-suru,kechikmoq,be late,計画通りに遅刻を行いました。 (Rejaga muvofiq kechikmoqni amalga oshirdik.)
第５課 大変な１日,道に迷う。,みちにまよう。,michinimayou,Yo'ldan adashaman.,get lost,道に迷う。 (Yo'ldan adashaman.)
第５課 大変な１日,銀行のカード,ぎんこうのカード,ginkounokaado,bank kartasi,bank card,銀行のカードの大切さを改めて実感しました。 (bank kartasining muhimligini yana bir bor his qildim.)
第５課 大変な１日,鍵,かぎ,kagi,kalit,key,鍵の大切さを改めて実感しました。 (kalitning muhimligini yana bir bor his qildim.)
第５課 大変な１日,間違える,まちがえる,machigaeru,xato qilmoq,make a mistake,毎日しっかりと間違えるように努力しています。 (Har kuni astoydil xato qilmoqga intilaman.)
第５課 大変な１日,階段,かいだん,kaidan',zinapoya,stairs,階段の大切さを改めて実感しました。 (zinapoyaning muhimligini yana bir bor his qildim.)
第５課 大変な１日,革,かわ,kawa,"charm, teri",leather,革の大切さを改めて実感しました。 (charmning muhimligini yana bir bor his qildim.)
第５課 大変な１日,預かる,あずかる,azukaru,saqlashga olmoq (yukni),"leave (something, someone) in someone's care, check in (baggage)",毎日しっかりと預かるように努力しています。 (Har kuni astoydil saqlashga olmoqga intilaman.)
第５課 大変な１日,駅を出ます。,えきをでます。,ekiodemasu,Bekatdan chiqaman.,leave a station,駅を出ます。 (Bekatdan chiqaman.)
第５課 大変な１日,～ずつ,～ずつ,~zutsu,har biriga ~ dan,every ~,毎日しっかりと～ずつように努力しています。 (Har kuni astoydil har biriga ~ danga intilaman.)
第５課 大変な１日,～号車,～ごうしゃ,~gousha,~-vagon,number ~ train,号車の大切さを改めて実感しました。 (~-vagonning muhimligini yana bir bor his qildim.)
第６課 旅行に行こう,あとで,あとで,atode,keyinroq,later,あとでの大切さを改めて実感しました。 (keyinroqning muhimligini yana bir bor his qildim.)
第６課 旅行に行こう,お願いします,おねがいします,onegaishimasu,iltimos (qilib bering),"""Please (do it).""",毎日しっかりとお願いしますように努力しています。 (Har kuni astoydil iltimosga intilaman.)
第６課 旅行に行こう,こっち,こっち,kotchi,bu yoq (norasmiy),this way (informal),こっちの大切さを改めて実感しました。 (bu yoqning muhimligini yana bir bor his qildim.)
第６課 旅行に行こう,そっち,そっち,sotchi,u yoq (norasmiy),that way (informal),そっちの大切さを改めて実感しました。 (u yoqning muhimligini yana bir bor his qildim.)
第６課 旅行に行こう,それに,それに,soreni,"bundan tashqari, qo'shimcha","also, in addition",お気に入りのそれにを身につけました。 (Sevimli bundan tashqariimni kiyib (taqib) oldim.)
第６課 旅行に行こう,なし,なし,nashi,"yo'q, mavjud emas",none,なしの大切さを改めて実感しました。 (yo'qning muhimligini yana bir bor his qildim.)
第６課 旅行に行こう,ぬれる,ぬれる,nureru,ho'l bo'lmoq,get wet,毎日しっかりとぬれるように努力しています。 (Har kuni astoydil ho'l bo'lmoqga intilaman.)
第６課 旅行に行こう,イルカ,イルカ,iruka,delfin,dolphin,イルカの大切さを改めて実感しました。 (delfinning muhimligini yana bir bor his qildim.)
第６課 旅行に行こう,ウニ,ウニ,uni,dengiz tipratikani,sea urchin,ウニの大切さを改めて実感しました。 (dengiz tipratikanining muhimligini yana bir bor his qildim.)
第６課 旅行に行こう,カニ,カニ,kani,qisqichbaqa,crab,カニの大切さを改めて実感しました。 (qisqichbaqaning muhimligini yana bir bor his qildim.)
第６課 旅行に行こう,カヌー,カヌー,kanuu,kanoe (qayiq),canoe,カヌーの大切さを改めて実感しました。 (kanoening muhimligini yana bir bor his qildim.)
第６課 旅行に行こう,ガイドブック,ガイドブック,gaidobukku,yo'l ko'rsatkich kitob,guidebook,ガイドブックの大切さを改めて実感しました。 (yo'l ko'rsatkich kitobning muhimligini yana bir bor his qildim.)
第６課 旅行に行こう,ガイド・する,ガイド・する,gaido-suru,"yo'l ko'rsatmoq, gidlik qilmoq",guide,計画通りにガイドを行いました。 (Rejaga muvofiq yo'l ko'rsatmoqni amalga oshirdik.)
第６課 旅行に行こう,キャンプ・する,キャンプ・する,kyanpu-suru,lagerda dam olmoq,camp,計画通りにキャンプを行いました。 (Rejaga muvofiq lagerda dam olmoqni amalga oshirdik.)
第６課 旅行に行こう,コピー・する,コピー・する,kopii-suru,nusxa ko'chirmoq,make a photocopy,計画通りにコピーを行いました。 (Rejaga muvofiq nusxa ko'chirmoqni amalga oshirdik.)
第６課 旅行に行こう,ショッピングセンター,ショッピングセンター,shoppingusentaa,savdo markazi,"shopping center, mall",ショッピングセンターの場所を地図で調べました。 (savdo markazining manzilini xaritadan qidirdim.)
第６課 旅行に行こう,ショー,ショー,shoo,"shou, tomosha",show,ショーの大切さを改めて実感しました。 (shouning muhimligini yana bir bor his qildim.)
第６課 旅行に行こう,ジャガイモ,ジャガイモ,jagaimo,kartoshka,potato,ジャガイモの大切さを改めて実感しました。 (kartoshkaning muhimligini yana bir bor his qildim.)
第６課 旅行に行こう,スノーボード,スノーボード,sunooboodo,snoubord,snowboard,スノーボードの大切さを改めて実感しました。 (snoubordning muhimligini yana bir bor his qildim.)
第６課 旅行に行こう,トウモロコシ,トウモロコシ,toumorokoshi,makkajo'xori,corn,トウモロコシの大切さを改めて実感しました。 (makkajo'xorining muhimligini yana bir bor his qildim.)
第６課 旅行に行こう,パーク,パーク,paaku,park,park,パークの大切さを改めて実感しました。 (parkning muhimligini yana bir bor his qildim.)
第６課 旅行に行こう,マフラー,マフラー,mafuraa,sharf,scarf,マフラーの大切さを改めて実感しました。 (sharfning muhimligini yana bir bor his qildim.)
第６課 旅行に行こう,ラベンダー畑,ラベンダーばたけ,rabendaabatake,lavanda dalasi,Lavender Farm,ラベンダー畑の大切さを改めて実感しました。 (lavanda dalasining muhimligini yana bir bor his qildim.)
第６課 旅行に行こう,乗馬,じょうば,jouba,otda uchish,horseback riding,乗馬の大切さを改めて実感しました。 (otda uchishning muhimligini yana bir bor his qildim.)
第６課 旅行に行こう,代金,だいきん,daikin',"to'lov, narx","charges, fees",代金の大切さを改めて実感しました。 (to'lovning muhimligini yana bir bor his qildim.)
第６課 旅行に行こう,休みを取る。,やすみをとる。,yasumiotoru,Ta'til olmoq.,take a vacation,休みを取る。 (Ta'til olmoq.)
第６課 旅行に行こう,伝える,つたえる,tsutaeru,"yetkazmoq, aytib qo'ymoq",tell (someone something),毎日しっかりと伝えるように努力しています。 (Har kuni astoydil yetkazmoqga intilaman.)
第６課 旅行に行こう,伝統的（な）,でんとうてき（な）,dentoutekina,an'anaviy,traditional,この方法はとても伝統的だと思います。 (Bu usul juda an'anaviy deb hisoblayman.)
第６課 旅行に行こう,値段,ねだん,nedan',narx,price,値段の大切さを改めて実感しました。 (narxning muhimligini yana bir bor his qildim.)
第６課 旅行に行こう,内容,ないよう,naiyou,"mazmun, tarkib",details,内容の大切さを改めて実感しました。 (mazmunning muhimligini yana bir bor his qildim.)
第６課 旅行に行こう,出発・する,しゅっぱつ・する,shuppatsu-suru,jo'nab ketmoq,"leave, depart",計画通りに出発を行いました。 (Rejaga muvofiq jo'nab ketmoqni amalga oshirdik.)
第６課 旅行に行こう,取る,とる,toru,olmoq,take,毎日しっかりと取るように努力しています。 (Har kuni astoydil olmoqga intilaman.)
第６課 旅行に行こう,夕食,ゆうしょく,yuushoku,kechki ovqat,dinner,新鮮な夕食を美味しくいただきました。 (Yangi kechki ovqatni mazza qilib tanovul qildik.)
第６課 旅行に行こう,大人,おとな,otona,"katta yoshli, kattalar",adult,大人の大切さを改めて実感しました。 (katta yoshlining muhimligini yana bir bor his qildim.)
第６課 旅行に行こう,宿泊,しゅくはく,shukuhaku,"turar joy, tunash",lodging,京都のホテルに２泊宿泊しました。 (Kiotodagi mehmonxonada 2 kecha tunab qoldik.)
第６課 旅行に行こう,市内,しない,shinai,shahar ichida,within the city,バスで市内を観光しました。 (Avtobusda shahar ichini sayr qildik.)
第６課 旅行に行こう,年末,ねんまつ,nenmatsu,yil oxiri,end of year,年末の大切さを改めて実感しました。 (yil oxirining muhimligini yana bir bor his qildim.)
第６課 旅行に行こう,待ち合わせる,まちあわせる,machiawaseru,kelishilgan joyda uchrashib olmoq,meet with,待ち合わせるの場所を地図で調べました。 (kelishilgan joyda uchrashib olmoqning manzilini xaritadan qidirdim.)
第６課 旅行に行こう,手袋,てぶくろ,tebukuro,qo'lqop,gloves,手袋の大切さを改めて実感しました。 (qo'lqopning muhimligini yana bir bor his qildim.)
第６課 旅行に行こう,旅館,りょかん,ryokan',dyokan (an'anaviy yapon mehmonxonasi),Japanese-style inn,旅館の場所を地図で調べました。 (dyokanning manzilini xaritadan qidirdim.)
第６課 旅行に行こう,日,か,ka,kun,2 nights 3 days),日の大切さを改めて実感しました。 (kunning muhimligini yana bir bor his qildim.)
第６課 旅行に行こう,早割,はやわり,hayawari,erta bron chegirmasi,discount for early purchase,早割の大切さを改めて実感しました。 (erta bron chegirmasining muhimligini yana bir bor his qildim.)
第６課 旅行に行こう,最後,さいご,saigo,oxirgi,last,最後の大切さを改めて実感しました。 (oxirgining muhimligini yana bir bor his qildim.)
第６課 旅行に行こう,朝食,ちょうしょく,choushoku,nonushta,breakfast,新鮮な朝食を美味しくいただきました。 (Yangi nonushtani mazza qilib tanovul qildik.)
第６課 旅行に行こう,水族館,すいぞくかん,suizokukan',akvarium,aquarium,水族館の大切さを改めて実感しました。 (akvariumning muhimligini yana bir bor his qildim.)
第６課 旅行に行こう,湿原,しつげん,shitsugen',"botqoqli yer, o'tloq",marsh,湿原の大切さを改めて実感しました。 (botqoqli yerning muhimligini yana bir bor his qildim.)
第６課 旅行に行こう,牧場,ぼくじょう,bokujou,"ferma, chorvachilik xo'jaligi",ranch,牧場の大切さを改めて実感しました。 (fermaning muhimligini yana bir bor his qildim.)
第６課 旅行に行こう,珍しい,めずらしい,mezurashii,"noyob, kam uchraydigan",unusual,"とても珍しいので、気をつけてください。 (Juda noyob bo'lgani uchun, ehtiyot bo'ling.)"
第６課 旅行に行こう,用意・する,ようい・する,youi-suru,tayyorlamoq,prepare,計画通りに用意を行いました。 (Rejaga muvofiq tayyorlamoqni amalga oshirdik.)
第６課 旅行に行こう,登山,とざん,tozan',toqqa chiqish,mountain climbing,登山の大切さを改めて実感しました。 (toqqa chiqishning muhimligini yana bir bor his qildim.)
第６課 旅行に行こう,着物,きもの,kimono,kimono,clothing,着物の大切さを改めて実感しました。 (kimononing muhimligini yana bir bor his qildim.)
第６課 旅行に行こう,自然,しぜん,shizen',tabiat,nature,自然の大切さを改めて実感しました。 (tabiatning muhimligini yana bir bor his qildim.)
第６課 旅行に行こう,船,ふね,fune,"kema, qayiq","ship, boat",船の大切さを改めて実感しました。 (kemaning muhimligini yana bir bor his qildim.)
第６課 旅行に行こう,虫,むし,mushi,hasharot,"bugs, insects",虫の大切さを改めて実感しました。 (hasharotning muhimligini yana bir bor his qildim.)
第６課 旅行に行こう,街,まち,machi,"shahar, ko'cha",town,街の場所を地図で調べました。 (shaharning manzilini xaritadan qidirdim.)
第６課 旅行に行こう,観光・する,かんこう・する,kankou-suru,"sayr qilmoq, diqqatga sazovor joylarni kezmoq","go sightseeing, tour",観光の場所を地図で調べました。 (sayr qilmoqning manzilini xaritadan qidirdim.)
第６課 旅行に行こう,観光地,かんこうち,kankouchi,sayyohlik maskani,tourist spot,観光地の大切さを改めて実感しました。 (sayyohlik maskanining muhimligini yana bir bor his qildim.)
第６課 旅行に行こう,雰囲気,ふんいき,fun'iki,"muhit, kayfiyat","atmosphere, mood",雰囲気の大切さを改めて実感しました。 (muhitning muhimligini yana bir bor his qildim.)
第６課 旅行に行こう,～中（例：旅行中）,～ちゅう（れい：りょこうちゅう,~chuurei：ryokouchuu,~ davomida (masalan: sayohat davomida),during ~ (example: during travel),旅行中を確認しました。 (旅行中ni tekshirib tasdiqladim.)
第６課 旅行に行こう,～付き（例：朝食き）,～つき（れい：ちょうしょくき）,~tsukirei：choushokuki,~ bilan (masalan: nonushta bilan),~ included (example: breakfast included),朝食きを確認しました。 (朝食きni tekshirib tasdiqladim.)
第６課 旅行に行こう,～泊～日（例：２泊３日）,～はく～にち（れい：２はく,~haku~nichirei：２haku,~ kecha ~ kun,~ nights ~ days (example:,２泊３日を確認しました。 (２泊３日ni tekshirib tasdiqladim.)
第６課 旅行に行こう,～費（例：交通費）,～ひ（れい：こうつうひ,~hirei：koutsuuhi,~ xarajati (masalan: transport xarajati),~ fee (example: transportation fee),交通費を確認しました。 (交通費ni tekshirib tasdiqladim.)
第７課 西川さんの家へ,いらっしゃる,いらっしゃる,irassharu,kelmoq/bormoq/bo'lmoq (hurmat shakli),"come, go, be (respectful language)",毎日しっかりといらっしゃるように努力しています。 (Har kuni astoydil kelmoq/bormoq/bo'lmoqga intilaman.)
第７課 西川さんの家へ,おっしゃる,おっしゃる,ossharu,aytmoq (hurmat shakli),say (respectful language),毎日しっかりとおっしゃるように努力しています。 (Har kuni astoydil aytmoqga intilaman.)
第７課 西川さんの家へ,お邪魔します,おじゃまします,ojamashimasu,xalaqit berganim uchun kechirasiz (kirishda),"excuse me for interrupting, excuse me for intruding",毎日しっかりとお邪魔しますように努力しています。 (Har kuni astoydil xalaqit berganim uchun kechirasizga intilaman.)
第７課 西川さんの家へ,このくらい,このくらい,konokurai,"shuncha, shu qadar",this much,"とてもこのくらいので、気をつけてください。 (Juda shuncha bo'lgani uchun, ehtiyot bo'ling.)"
第７課 西川さんの家へ,この料理は味が薄です。,このりょうりはあじがうすです。,konoryourihaajigausudesu,Bu taomning ta'mi kuchsiz.,"""This cooking has a weak flavor.""",この料理は味が薄です。 (Bu taomning ta'mi kuchsiz.)
第７課 西川さんの家へ,ごろ,ごろ,goro,"taxminan, atrofida","around, about",ごろの大切さを改めて実感しました。 (taxminanning muhimligini yana bir bor his qildim.)
第７課 西川さんの家へ,ご存じ,ごぞんじ,gozonji,bilmoq (hurmat shakli),know (respectful language),ご存じの大切さを改めて実感しました。 (bilmoqning muhimligini yana bir bor his qildim.)
第７課 西川さんの家へ,ご覧になる,ごらんになる,goranninaru,ko'rmoq (hurmat shakli),"look at, see (respectful language)",毎日しっかりとご覧になるように努力しています。 (Har kuni astoydil ko'rmoqga intilaman.)
第７課 西川さんの家へ,だいたい,だいたい,daitai,"asosan, ko'p hollarda","mostly, most of the time","とてもだいたいので、気をつけてください。 (Juda asosan bo'lgani uchun, ehtiyot bo'ling.)"
第７課 西川さんの家へ,できあがり,できあがり,dekiagari,tayyor bo'ldi,finished,できあがりの大切さを改めて実感しました。 (tayyor bo'ldining muhimligini yana bir bor his qildim.)
第７課 西川さんの家へ,どなた,どなた,donata,kim? (muloyim),who (polite),どなたの大切さを改めて実感しました。 (kim?ning muhimligini yana bir bor his qildim.)
第７課 西川さんの家へ,なさる,なさる,nasaru,qilmoq (hurmat shakli),do (respectful language),毎日しっかりとなさるように努力しています。 (Har kuni astoydil qilmoqga intilaman.)
第７課 西川さんの家へ,はちみつ,はちみつ,hachimitsu,asal,honey,毎日しっかりとはちみつように努力しています。 (Har kuni astoydil asalga intilaman.)
第７課 西川さんの家へ,みそ汁,みそしる,misoshiru,miso sho'rva (yapon soya pastasi sho'rvasi),miso soup (traditional Japanese bean paste soup),みそ汁の大切さを改めて実感しました。 (miso sho'rvaning muhimligini yana bir bor his qildim.)
第７課 西川さんの家へ,むく,むく,muku,po'stini archmoq,peel,毎日しっかりとむくように努力しています。 (Har kuni astoydil po'stini archmoqga intilaman.)
第７課 西川さんの家へ,もう一度,もういちど,mouichido,yana bir marta,"one more time, again",もう一度の大切さを改めて実感しました。 (yana bir martaning muhimligini yana bir bor his qildim.)
第７課 西川さんの家へ,もちろん,もちろん,mochiron',"albatta, tabiiyki",of course,もちろんの大切さを改めて実感しました。 (albattaning muhimligini yana bir bor his qildim.)
第７課 西川さんの家へ,ゆでる,ゆでる,yuderu,suvda qaynatmoq (sabzavot/tuxum),"boil (food, mostly vegetables or eggs, in water)",新鮮なゆでるを美味しくいただきました。 (Yangi suvda qaynatmoqni mazza qilib tanovul qildik.)
第７課 西川さんの家へ,よくいらっしゃいました,よくいらっしゃいました,yokuirasshaimashita,kelganingizdan xursandman,thank you for coming,よくいらっしゃいましたの大切さを改めて実感しました。 (kelganingizdan xursandmanning muhimligini yana bir bor his qildim.)
第７課 西川さんの家へ,カップ,カップ,kappu,"piyola, stakan",cup,カップの大切さを改めて実感しました。 (piyolaning muhimligini yana bir bor his qildim.)
第７課 西川さんの家へ,キャベツ,キャベツ,kyabetsu,karam,cabbage,キャベツの大切さを改めて実感しました。 (karamning muhimligini yana bir bor his qildim.)
第７課 西川さんの家へ,クリーム,クリーム,kuriimu,"qaymoq, krem",cream,クリームの大切さを改めて実感しました。 (qaymoqning muhimligini yana bir bor his qildim.)
第７課 西川さんの家へ,グラム,グラム,guramu,gramm,gram,グラムの大切さを改めて実感しました。 (grammning muhimligini yana bir bor his qildim.)
第７課 西川さんの家へ,ゼリー,ゼリー,zerii,jele,"jello, gelatin",ゼリーの大切さを改めて実感しました。 (jelening muhimligini yana bir bor his qildim.)
第７課 西川さんの家へ,ソース,ソース,soosu,sous,sauce,ソースの大切さを改めて実感しました。 (sousning muhimligini yana bir bor his qildim.)
第７課 西川さんの家へ,タマネギ,タマネギ,tamanegi,piyoz,onion,タマネギの大切さを改めて実感しました。 (piyozning muhimligini yana bir bor his qildim.)
第７課 西川さんの家へ,ニンジン,ニンジン,ninjin',sabzi,carrot,ニンジンの大切さを改めて実感しました。 (sabzining muhimligini yana bir bor his qildim.)
第７課 西川さんの家へ,ネギ,ネギ,negi,yashil piyoz,green onion,ネギの大切さを改めて実感しました。 (yashil piyozning muhimligini yana bir bor his qildim.)
第７課 西川さんの家へ,パスタ,パスタ,pasuta,pasta,pasta,パスタの大切さを改めて実感しました。 (pastaning muhimligini yana bir bor his qildim.)
第７課 西川さんの家へ,パスタのソースを作る。,パスタのソースをつくる。,pasutanosoosuotsukuru,Pasta sousini tayyorlayman.,make pasta sauce,パスタのソースを作る。 (Pasta sousini tayyorlayman.)
第７課 西川さんの家へ,ミステリー,ミステリー,misuterii,"detektiv, sirli asar",Mystery,ミステリーの大切さを改めて実感しました。 (detektivning muhimligini yana bir bor his qildim.)
第７課 西川さんの家へ,ルー,ルー,ruu,ru (sho'rva uchun quyuqlashtiruvchi),"roux, thickening agent for soup or sauce",ルーの大切さを改めて実感しました。 (runing muhimligini yana bir bor his qildim.)
第７課 西川さんの家へ,会議,かいぎ,kaigi,"yig'ilish, majlis","conference, meeting",会議の大切さを改めて実感しました。 (yig'ilishning muhimligini yana bir bor his qildim.)
第７課 西川さんの家へ,冷やす,ひやす,hiyasu,sovutmoq,cool,毎日しっかりと冷やすように努力しています。 (Har kuni astoydil sovutmoqga intilaman.)
第７課 西川さんの家へ,出席・する,しゅっせき・する,shusseki-suru,qatnashmoq,attend,計画通りに出席を行いました。 (Rejaga muvofiq qatnashmoqni amalga oshirdik.)
第７課 西川さんの家へ,出身,しゅっしん,shusshin',"tug'ilgan joy, kelib chiqishi","hometown, home country",出身の場所を地図で調べました。 (tug'ilgan joyning manzilini xaritadan qidirdim.)
第７課 西川さんの家へ,半分,はんぶん,hanbun',yarmi,half,半分の大切さを改めて実感しました。 (yarmining muhimligini yana bir bor his qildim.)
第７課 西川さんの家へ,厚い,あつい,atsui,qalin,"thick, having wide thickness","とても厚いので、気をつけてください。 (Juda qalin bo'lgani uchun, ehtiyot bo'ling.)"
第７課 西川さんの家へ,召し上がる,めしあがる,meshiagaru,yemoq/ichmoq (hurmat shakli),"eat, drink (respectful language)",毎日しっかりと召し上がるように努力しています。 (Har kuni astoydil yemoq/ichmoqga intilaman.)
第７課 西川さんの家へ,変わる,かわる,kawaru,o'zgarmoq,change,毎日しっかりと変わるように努力しています。 (Har kuni astoydil o'zgarmoqga intilaman.)
第７課 西川さんの家へ,大根,だいこん,daikon',yapon turpi (daikon),Japanese radish,大根の大切さを改めて実感しました。 (yapon turpining muhimligini yana bir bor his qildim.)
第７課 西川さんの家へ,失礼（な）,しつれい（な）,shitsureina,"qo'pol, odobsiz","rude, impolite",この方法はとても失礼だと思います。 (Bu usul juda qo'pol deb hisoblayman.)
第７課 西川さんの家へ,弱い,よわい,yowai,kuchsiz,weak,"とても弱いので、気をつけてください。 (Juda kuchsiz bo'lgani uchun, ehtiyot bo'ling.)"
第７課 西川さんの家へ,弱火,よわび,yowabi,past olov,low heat,弱火の大切さを改めて実感しました。 (past olovning muhimligini yana bir bor his qildim.)
第７課 西川さんの家へ,強火,つよび,tsuyobi,kuchli olov,strong heat,強火の大切さを改めて実感しました。 (kuchli olovning muhimligini yana bir bor his qildim.)
第７課 西川さんの家へ,最後に,さいごに,saigoni,"nihoyat, oxirida","finally, lastly",最後にの大切さを改めて実感しました。 (nihoyatning muhimligini yana bir bor his qildim.)
第７課 西川さんの家へ,次に,つぎに,tsugini,"keyin, so'ngra",next,次にの大切さを改めて実感しました。 (keyinning muhimligini yana bir bor his qildim.)
第７課 西川さんの家へ,沸かす,わかす,wakasu,qaynatmoq (suv),boil (water),毎日しっかりと沸かすように努力しています。 (Har kuni astoydil qaynatmoqga intilaman.)
第７課 西川さんの家へ,沸騰・する,ふっとう・する,futtou-suru,qaynay boshlamoq,bring to a boil,計画通りに沸騰を行いました。 (Rejaga muvofiq qaynay boshlamoqni amalga oshirdik.)
第７課 西川さんの家へ,濃い,こい,koi,"quyuq, to'q","dense, rich, thick","とても濃いので、気をつけてください。 (Juda quyuq bo'lgani uchun, ehtiyot bo'ling.)"
第７課 西川さんの家へ,火,ひ,hi,olov,heat,火の大切さを改めて実感しました。 (olovning muhimligini yana bir bor his qildim.)
第７課 西川さんの家へ,炒める,いためる,itameru,qovurmoq (yog'da),fry,毎日しっかりと炒めるように努力しています。 (Har kuni astoydil qovurmoqga intilaman.)
第７課 西川さんの家へ,焼く,やく,yaku,"qovurmoq, pishirmoq","fry, grill, toast, bake, roast",毎日しっかりと焼くように努力しています。 (Har kuni astoydil qovurmoqga intilaman.)
第７課 西川さんの家へ,煮る,にる,niru,qaynatib pishirmoq,boil (food in water),毎日しっかりと煮るように努力しています。 (Har kuni astoydil qaynatib pishirmoqga intilaman.)
第７課 西川さんの家へ,皮,かわ,kawa,"po'st, qobiq","skin, peel",皮の大切さを改めて実感しました。 (po'stning muhimligini yana bir bor his qildim.)
第７課 西川さんの家へ,相手,あいて,aite,"suhbatdosh, hamkor",the other person,相手の大切さを改めて実感しました。 (suhbatdoshning muhimligini yana bir bor his qildim.)
第７課 西川さんの家へ,社長,しゃちょう,shachou,kompaniya prezidenti (direktor),company president,社長の大切さを改めて実感しました。 (kompaniya prezidentining muhimligini yana bir bor his qildim.)
第７課 西川さんの家へ,細い,ほそい,hosoi,ingichka,narrow,"とても細いので、気をつけてください。 (Juda ingichka bo'lgani uchun, ehtiyot bo'ling.)"
第７課 西川さんの家へ,細かい,こまかい,komakai,"mayda, maydaroq","fine, small","とても細かいので、気をつけてください。 (Juda mayda bo'lgani uchun, ehtiyot bo'ling.)"
第７課 西川さんの家へ,習慣,しゅうかん,shuukan',"odat, an'ana","custom, tradition, habit",習慣の大切さを改めて実感しました。 (odatning muhimligini yana bir bor his qildim.)
第７課 西川さんの家へ,肉じゃが,にくじゃが,nikujaga,nikujaga (go'sht va kartoshkali yapon taomi),(simmered) meat and potatoes,新鮮な肉じゃがを美味しくいただきました。 (Yangi nikujagani mazza qilib tanovul qildik.)
第７課 西川さんの家へ,薄い,うすい,usui,yupqa; kuchsiz,"thin, weak","とても薄いので、気をつけてください。 (Juda yupqa bo'lgani uchun, ehtiyot bo'ling.)"
第７課 西川さんの家へ,薄く切ります。,うすくきります。,usukukirimasu,Yupqa qilib kesaman.,"""Cut thinly.""",薄く切ります。 (Yupqa qilib kesaman.)
第７課 西川さんの家へ,課長,かちょう,kachou,bo'lim boshlig'i,section chief,課長の大切さを改めて実感しました。 (bo'lim boshlig'ining muhimligini yana bir bor his qildim.)
第７課 西川さんの家へ,調味料,ちょうみりょう,choumiryou,ziravorlar,seasonings,調味料の大切さを改めて実感しました。 (ziravorlarning muhimligini yana bir bor his qildim.)
第７課 西川さんの家へ,退院・する,たいいん・する,taiin-suru,kasalxonadan chiqmoq,"leave the hospital, be discharged",退院の場所を地図で調べました。 (kasalxonadan chiqmoqning manzilini xaritadan qidirdim.)
第７課 西川さんの家へ,違い,ちがい,chigai,farq,difference,"とても違いので、気をつけてください。 (Juda farq bo'lgani uchun, ehtiyot bo'ling.)"
第７課 西川さんの家へ,遠慮・する,えんりょ・する,enryo-suru,ehtiyot bo'lmoq; tortinmoq,"refrain from, hesitate",計画通りに遠慮を行いました。 (Rejaga muvofiq ehtiyot bo'lmoqni amalga oshirdik.)
第７課 西川さんの家へ,鍋,なべ,nabe,"qozon, kastrulka",pan,鍋の大切さを改めて実感しました。 (qozonning muhimligini yana bir bor his qildim.)
第７課 西川さんの家へ,驚く,おどろく,odoroku,hayron qolmoq,surprise,毎日しっかりと驚くように努力しています。 (Har kuni astoydil hayron qolmoqga intilaman.)
第８課 ありがとう,いただく,いただく,itadaku,olmoq (kamtarona shakl),(gratefully) receive (humble language referring to oneself),いただくと親しく話をしました。 (olmoq bilan yaqindan suhbatlashdim.)
第８課 ありがとう,うれしい,うれしい,ureshii,"xursand, quvnoq",happy,"とてもうれしいので、気をつけてください。 (Juda xursand bo'lgani uchun, ehtiyot bo'ling.)"
第８課 ありがとう,お巡りさん,おまわりさん,omawarisan',politsiyachi (samimiy atama),"policeman Mr./ Mrs./Miss/ Ms., and",お巡りさんの大切さを改めて実感しました。 (politsiyachining muhimligini yana bir bor his qildim.)
第８課 ありがとう,くださる,くださる,kudasaru,berib qo'ymoq (hurmat shakli),(gratefully) receive from someone (respectful language referring to,毎日しっかりとくださるように努力しています。 (Har kuni astoydil berib qo'ymoqga intilaman.)
第８課 ありがとう,そんなに,そんなに,sonnani,"unchalik, bunchalik","like that, so much",そんなにの大切さを改めて実感しました。 (unchalikning muhimligini yana bir bor his qildim.)
第８課 ありがとう,どういたしまして,どういたしまして,douitashimashite,arzimaydi (javoban),someone else) You're welcome,"「ありがとう」「いいえ、どういたしまして。」 (""Rahmat!"" ""Arzimaydi."")"
第８課 ありがとう,チヂミ,チヂミ,chijimi,chijimi (koreyscha qatlama),chijimi (Korean-style pancake),チヂミの大切さを改めて実感しました。 (chijimining muhimligini yana bir bor his qildim.)
第８課 ありがとう,乾杯,かんぱい,kanpai,qadah ko'taramiz! (sog'liq uchun),"""Bottoms up!"", ""Cheers""",乾杯の大切さを改めて実感しました。 (qadah ko'taramiz!ning muhimligini yana bir bor his qildim.)
第８課 ありがとう,先,さき,saki,"oldi, avval",part-time),先の大切さを改めて実感しました。 (oldining muhimligini yana bir bor his qildim.)
第８課 ありがとう,届ける,とどける,todokeru,yetkazib bermoq,"send, deliver",毎日しっかりと届けるように努力しています。 (Har kuni astoydil yetkazib bermoqga intilaman.)
第８課 ありがとう,拾う,ひろう,hirou,ko'tarib olmoq (yerdan),pick up,毎日しっかりと拾うように努力しています。 (Har kuni astoydil ko'tarib olmoqga intilaman.)
第８課 ありがとう,捕る,とる,toru,"tutmoq, ovlamoq",catch,毎日しっかりと捕るように努力しています。 (Har kuni astoydil tutmoqga intilaman.)
第８課 ありがとう,教える,おしえる,oshieru,"o'rgatmoq, ko'rsatib qo'ymoq","teach, give information",毎日しっかりと教えるように努力しています。 (Har kuni astoydil o'rgatmoqga intilaman.)
第８課 ありがとう,教授,きょうじゅ,kyouju,professor,professor,教授の大切さを改めて実感しました。 (professorning muhimligini yana bir bor his qildim.)
第８課 ありがとう,本棚,ほんだな,hondana,kitob javoni,bookshelf,本棚の大切さを改めて実感しました。 (kitob javonining muhimligini yana bir bor his qildim.)
第８課 ありがとう,机,つくえ,tsukue,stol,desk,机の大切さを改めて実感しました。 (stolning muhimligini yana bir bor his qildim.)
第８課 ありがとう,湖,みずうみ,mizuumi,ko'l,lake,湖の大切さを改めて実感しました。 (ko'lning muhimligini yana bir bor his qildim.)
第８課 ありがとう,直す,なおす,naosu,"tuzatmoq, tuzatib qo'ymoq","fix, correct, repair",毎日しっかりと直すように努力しています。 (Har kuni astoydil tuzatmoqga intilaman.)
第８課 ありがとう,花瓶,かびん,kabin',guldon,flower vase,花瓶の大切さを改めて実感しました。 (guldonning muhimligini yana bir bor his qildim.)
第８課 ありがとう,茶碗,ちゃわん,chawan',"chashka, piyola","china cup, china bowl",茶碗の大切さを改めて実感しました。 (chashkaning muhimligini yana bir bor his qildim.)
第８課 ありがとう,譲る,ゆずる,yuzuru,"berib yubormoq, o'tkazib bermoq","pass on, transfer to",毎日しっかりと譲るように努力しています。 (Har kuni astoydil berib yubormoqga intilaman.)
第８課 ありがとう,資料,しりょう,shiryou,"materiallar, hujjatlar","documents, information materials",資料の大切さを改めて実感しました。 (materiallarning muhimligini yana bir bor his qildim.)
第８課 ありがとう,車でうちまで送ります。,くるまでうちまでおくります。,kurumadeuchimadeokurimasu,Uyga mashinada kuzataman.,take someone home by car,車でうちまで送ります。 (Uyga mashinada kuzataman.)
第８課 ありがとう,迎えに来る,むかえにくる,mukaenikuru,olib ketish uchun kelmoq,come get (someone),毎日しっかりと迎えに来るように努力しています。 (Har kuni astoydil olib ketish uchun kelmoqga intilaman.)
第８課 ありがとう,近所,きんじょ,kinjo,"mahalla, qo'shnilar",neighborhood,近所の人に笑顔で挨拶しました。 (Qo'shnilarga tabassum bilan salom berdim.)
第８課 ありがとう,送る,おくる,okuru,"kuzatib qo'ymoq, jo'natmoq","employee) send off, take (someone somewhere)",毎日しっかりと送るように努力しています。 (Har kuni astoydil kuzatib qo'ymoqga intilaman.)
第８課 ありがとう,連れて行く,つれていく,tsureteiku,birga olib bormoq,take someone along,毎日しっかりと連れて行くように努力しています。 (Har kuni astoydil birga olib bormoqga intilaman.)
第８課 ありがとう,運転手,うんてんしゅ,untenshu,haydovchi,driver,運転手の大切さを改めて実感しました。 (haydovchining muhimligini yana bir bor his qildim.)
第８課 ありがとう,部長,ぶちょう,buchou,bo'lim mudiri,department manager,部長の大切さを改めて実感しました。 (bo'lim mudirining muhimligini yana bir bor his qildim.)
第８課 ありがとう,飾る,かざる,kazaru,bezatmoq,decorate,毎日しっかりと飾るように努力しています。 (Har kuni astoydil bezatmoqga intilaman.)
第８課 ありがとう,駅への行き方を教えました。,えきへのいきかたをおしえました。,ekihenoikikataooshiemashita,Bekatga qanday borishni tushuntirdim.,"""I told someone how to go to the station.""",駅への行き方を教えました。 (Bekatga qanday borishni tushuntirdim.)
第８課 ありがとう,駅員,えきいん,ekiin',bekat xodimi,station employee,駅員と親しく話をしました。 (bekat xodimi bilan yaqindan suhbatlashdim.)
第８課 ありがとう,（お）団子,（お）だんご,odango,dangou (yapon guruch shirmoyisi),rice dumpling,新鮮な団子を美味しくいただきました。 (Yangi dangouni mazza qilib tanovul qildik.)
第８課 ありがとう,～さん（例：駅員さん）,～さん（れい：えきいんさん）,~sanrei：ekiinsan,~ aka/opa (kasblarga qo'shiladigan hurmat qo'shimchasi),added to certain professions as a term of respect (example: station,駅員さんを確認しました。 (駅員さんni tekshirib tasdiqladim.)
第８課 ありがとう,～先（例：アルバイト）,～さき（れい：アルバイト,~sakirei：arubaito,~ joyi (masalan: ish joyi),place where (example: place where you work,アルバイトを確認しました。 (アルバイトni tekshirib tasdiqladim.)
第９課 アルバイト先で,いすにかける。,いすにかける。,isunikakeru,stulga o'tirmoq,sit on a chair,いすにかける。 (stulga o'tirmoq)
第９課 アルバイト先で,おしゃべり・する,おしゃべり・する,oshaberi-suru,"suhbatlashmoq, gaplashmoq","talk, chat",計画通りにおしゃべりを行いました。 (Rejaga muvofiq suhbatlashmoqni amalga oshirdik.)
第９課 アルバイト先で,お先にどうぞ,おさきにどうぞ,osakinidouzo,"marhamat, siz oldin (o'ting/boshlang)",Please go ahead,"どうぞ、お先にどうぞ。 (Marhamat, siz oldin o'ting.)"
第９課 アルバイト先で,お手洗い,おてあらい,otearai,"hojatxona, qo'l yuvish joyi","washroom, toilet",お手洗いはどこにありますか。 (Hojatxona qayerda joylashgan?)
第９課 アルバイト先で,かける,かける,kakeru,"qo'ymoq, kiymoq (ko'zoynak)",put on,毎日しっかりとかけるように努力しています。 (Har kuni astoydil qo'ymoqga intilaman.)
第９課 アルバイト先で,ごみを出す。,ごみをだす。,gomiodasu,chiqindini chiqarmoq,take out the garbage,ごみを出す。 (chiqindini chiqarmoq)
第９課 アルバイト先で,ご注意ください。,ごちゅういください。,gochuuikudasai,"e'tiborli bo'ling, ogoh bo'ling","""Pay attention.""","ご注意ください。 (e'tiborli bo'ling, ogoh bo'ling)"
第９課 アルバイト先で,しっかり,しっかり,shikkari,"puxta, yaxshilab, mahkam","properly, adequately",しっかりの大切さを改めて実感しました。 (puxtaning muhimligini yana bir bor his qildim.)
第９課 アルバイト先で,そのままにする,そのままにする,sonomamanisuru,o'z holicha qoldirmoq,"leave as is, unchanged",毎日しっかりとそのままにするように努力しています。 (Har kuni astoydil o'z holicha qoldirmoqga intilaman.)
第９課 アルバイト先で,つける,つける,tsukeru,"taqmoq, qo'ymoq, ulamoq","attach, put on",毎日しっかりとつけるように努力しています。 (Har kuni astoydil taqmoqga intilaman.)
第９課 アルバイト先で,なくなる,なくなる,nakunaru,"tugamoq, yo'q bo'lmoq",become empty,毎日しっかりとなくなるように努力しています。 (Har kuni astoydil tugamoqga intilaman.)
第９課 アルバイト先で,ひも,ひも,himo,"ip, bog'ich",string,ダンボール箱をひもでしっかり結びました。 (Karton qutini ip bilan mahkam bog'ladim.)
第９課 アルバイト先で,アクセサリーをつける,アクセサリーをつける,akusesariiotsukeru,taqinchoq taqmoq,put on jewelry,お気に入りのアクセサリーをつけるを身につけました。 (Sevimli taqinchoq taqmoqimni kiyib (taqib) oldim.)
第９課 アルバイト先で,アルバイトを代わる。,アルバイトをかわる。,arubaitookawaru,ish smenasini almashtirmoq,replace someone’s shift,アルバイトを代わる。 (ish smenasini almashtirmoq)
第９課 アルバイト先で,オーブン,オーブン,oobun,"duxovka, pech",oven,オーブンの大切さを改めて実感しました。 (duxovkaning muhimligini yana bir bor his qildim.)
第９課 アルバイト先で,ガス,ガス,gasu,gaz,gas,ガスの大切さを改めて実感しました。 (gazning muhimligini yana bir bor his qildim.)
第９課 アルバイト先で,ガソリン,ガソリン,gasorin,benzin,gasoline,スタンドでガソリンを入れました。 (Yoqilg'i quyish shoxobchasida benzin quydim.)
第９課 アルバイト先で,ガソリンがなくなっ,ガソリンがなくなった,gasoringanakunatta,benzin tugab qoldi,"""I ran out of gasoline.""",ガソリンがなくなっの大切さを改めて実感しました。 (benzin tugab qoldining muhimligini yana bir bor his qildim.)
第９課 アルバイト先で,シフト,シフト,shifuto,smena (ish navbati),shift,シフトの大切さを改めて実感しました。 (smenaning muhimligini yana bir bor his qildim.)
第９課 アルバイト先で,スタッフ,スタッフ,sutaffu,"xodimlar, personal",staff,スタッフと親しく話をしました。 (xodimlar bilan yaqindan suhbatlashdim.)
第９課 アルバイト先で,タイムカード,タイムカード,taimukaado,ish vaqti kartasi,time card,タイムカードの大切さを改めて実感しました。 (ish vaqti kartasining muhimligini yana bir bor his qildim.)
第９課 アルバイト先で,チェック・する,チェック・する,chekku-suru,tekshirmoq,check,計画通りにチェックを行いました。 (Rejaga muvofiq tekshirmoqni amalga oshirdik.)
第９課 アルバイト先で,バター,バター,bataa,sariyog',butter,パンにバターを塗って食べました。 (Nonga sariyog' surtib yedim.)
第９課 アルバイト先で,ホール,ホール,hooru,zal (restoranda mijozlar zali),hall,ホールの大切さを改めて実感しました。 (zalning muhimligini yana bir bor his qildim.)
第９課 アルバイト先で,マニュアル,マニュアル,manyuaru,"qo'llanma, yo'riqnoma",manual,マニュアルの大切さを改めて実感しました。 (qo'llanmaning muhimligini yana bir bor his qildim.)
第９課 アルバイト先で,モップ,モップ,moppu,pol artgich (mop),mop,モップの大切さを改めて実感しました。 (pol artgichning muhimligini yana bir bor his qildim.)
第９課 アルバイト先で,ルール,ルール,ruuru,qoida,rule,ルールの大切さを改めて実感しました。 (qoidaning muhimligini yana bir bor his qildim.)
第９課 アルバイト先で,丁寧（な）,ていねい（な）,teineina,"muloyim, xushmuomala",polite,この方法はとても丁寧だと思います。 (Bu usul juda muloyim deb hisoblayman.)
第９課 アルバイト先で,上がる,あがる,agaru,"ko'tarilmoq, chiqmoq",rise,毎日しっかりと上がるように努力しています。 (Har kuni astoydil ko'tarilmoqga intilaman.)
第９課 アルバイト先で,上げる,あげる,ageru,ko'tarmoq,raise,毎日しっかりと上げるように努力しています。 (Har kuni astoydil ko'tarmoqga intilaman.)
第９課 アルバイト先で,下げる,さげる,sageru,tushirmoq,lower,毎日しっかりと下げるように努力しています。 (Har kuni astoydil tushirmoqga intilaman.)
第９課 アルバイト先で,並べる,ならべる,naraberu,"tizmoq, terib qo'ymoq",line up,毎日しっかりと並べるように努力しています。 (Har kuni astoydil tizmoqga intilaman.)
第９課 アルバイト先で,乾く / しまう,かわく / しまう,kawaku / shimau,qurimoq / yig'ishtirib qo'ymoq,dry put away,毎日しっかりと乾く / しまうように努力しています。 (Har kuni astoydil qurimoq / yig'ishtirib qo'ymoqga intilaman.)
第９課 アルバイト先で,予定,よてい,yotei,"reja, jadval","schedule, plan",予定の大切さを改めて実感しました。 (rejaning muhimligini yana bir bor his qildim.)
第９課 アルバイト先で,代わり,かわり,kawari,"o'rniga, badaliga",in place of,代わりの大切さを改めて実感しました。 (o'rniganing muhimligini yana bir bor his qildim.)
第９課 アルバイト先で,代わる,かわる,kawaru,"almashmoq, o'rnini bosmoq",replace,毎日しっかりと代わるように努力しています。 (Har kuni astoydil almashmoqga intilaman.)
第９課 アルバイト先で,休憩・する,きゅうけい・する,kyuukei-suru,"tanaffus qilmoq, dam olmoq",take a break,計画通りに休憩を行いました。 (Rejaga muvofiq tanaffus qilmoqni amalga oshirdik.)
第９課 アルバイト先で,伝票,でんぴょう,denpyou,"buyurtma qog'ozi, chek",order slip,伝票の大切さを改めて実感しました。 (buyurtma qog'ozining muhimligini yana bir bor his qildim.)
第９課 アルバイト先で,先に,さきに,sakini,"avval, birinchi bo'lib","before, in front, in first",先にの大切さを改めて実感しました。 (avvalning muhimligini yana bir bor his qildim.)
第９課 アルバイト先で,出す,だす,dasu,chiqarmoq,"take out, come out",毎日しっかりと出すように努力しています。 (Har kuni astoydil chiqarmoqga intilaman.)
第９課 アルバイト先で,切れる,きれる,kireru,"tugamoq, uzilmoq",run out of,毎日しっかりと切れるように努力しています。 (Har kuni astoydil tugamoqga intilaman.)
第９課 アルバイト先で,呼ぶ,よぶ,yobu,chaqirmoq,call,毎日しっかりと呼ぶように努力しています。 (Har kuni astoydil chaqirmoqga intilaman.)
第９課 アルバイト先で,大きな,おおきな,ookina,"katta, yirik",large,大きなの大切さを改めて実感しました。 (kattaning muhimligini yana bir bor his qildim.)
第９課 アルバイト先で,大切さ,たいせつさ,taisetsusa,"muhimlik, ahamiyat",importance,大切さの大切さを改めて実感しました。 (muhimlikning muhimligini yana bir bor his qildim.)
第９課 アルバイト先で,少々,しょうしょう,shoushou,"bir oz, ozgina (muloyim)",a little bit,少々の大切さを改めて実感しました。 (bir ozning muhimligini yana bir bor his qildim.)
第９課 アルバイト先で,届く,とどく,todoku,yetib bormoq,reach,毎日しっかりと届くように努力しています。 (Har kuni astoydil yetib bormoqga intilaman.)
第９課 アルバイト先で,干す,ほす,hosu,quritish uchun osmoq,hang out to dry,毎日しっかりと干すように努力しています。 (Har kuni astoydil quritish uchun osmoqga intilaman.)
第９課 アルバイト先で,床,ゆか,yuka,pol,floor,床の大切さを改めて実感しました。 (polning muhimligini yana bir bor his qildim.)
第９課 アルバイト先で,引き出し,ひきだし,hikidashi,tortma,drawer,机の引き出しからペンを取り出しました。 (Stol tortmasidan ruchkani oldim.)
第９課 アルバイト先で,拭く,ふく,fuku,"artmoq, tozalamoq",wipe,汚れたテーブルをきれいに拭きました。 (Iflos stolni toza qilib artdim.)
第９課 アルバイト先で,断る,ことわる,kotowaru,rad etmoq,"turn down, deny",毎日しっかりと断るように努力しています。 (Har kuni astoydil rad etmoqga intilaman.)
第９課 アルバイト先で,最初に,さいしょに,saishoni,"avvalo, eng birinchi",first of all,最初にの大切さを改めて実感しました。 (avvaloning muhimligini yana bir bor his qildim.)
第９課 アルバイト先で,毎月,まいつき,maitsuki,har oy,every month,毎月の大切さを改めて実感しました。 (har oyning muhimligini yana bir bor his qildim.)
第９課 アルバイト先で,気をつける,きをつける,kiwotsukeru,"ehtiyot bo'lmoq, diqqatli bo'lmoq",be careful,車が多いので気をつけて歩いてください。 (Mashina ko'p bo'lgani uchun ehtiyot bo'lib yuring.)
第９課 アルバイト先で,汚れ,よごれ,yogore,"kir, dog', ifloslik",dirtiness,服の汚れを洗剤で落としました。 (Kiyimdagi kirni kukun bilan ketkazdim.)
第９課 アルバイト先で,決まる,きまる,kimaru,"belgilanmoq, hal bo'lmoq",decide,毎日しっかりと決まるように努力しています。 (Har kuni astoydil belgilanmoqga intilaman.)
第９課 アルバイト先で,注意・する,ちゅうい・する,chuui-suru,"e'tibor bermoq, ogohlantirmoq",pay attention,計画通りに注意を行いました。 (Rejaga muvofiq e'tibor bermoqni amalga oshirdik.)
第９課 アルバイト先で,洗剤,せんざい,senzai,kir yuvish vositasi,"detergent, cleanser",洗濯機に洗剤を入れました。 (Kir yuvish mashinasiga kukun soldim.)
第９課 アルバイト先で,渡す,わたす,watasu,"uzatmoq, topshirmoq",hand over,毎日しっかりと渡すように努力しています。 (Har kuni astoydil uzatmoqga intilaman.)
第９課 アルバイト先で,温度,おんど,ondo,harorat,temperature,温度の大切さを改めて実感しました。 (haroratning muhimligini yana bir bor his qildim.)
第９課 アルバイト先で,滑る,すべる,suberu,sirpanmoq,slide,毎日しっかりと滑るように努力しています。 (Har kuni astoydil sirpanmoqga intilaman.)
第９課 アルバイト先で,焦げる,こげる,kogeru,kuyib qolmoq,get burned,毎日しっかりと焦げるように努力しています。 (Har kuni astoydil kuyib qolmoqga intilaman.)
第９課 アルバイト先で,燃える / あいさつ・する,もえる / あいさつ・する,moeru / aisatsu-suru,yonmoq / salomlashmoq,burn greet,計画通りに燃える / あいさつを行いました。 (Rejaga muvofiq yonmoq / salomlashmoqni amalga oshirdik.)
第９課 アルバイト先で,片付ける,かたづける,katadzukeru,"yig'ishtirmoq, tartibga solmoq",clean up,使った道具を元の場所に片付けました。 (Ishlatilgan asboblarni o'z joyiga yig'ishtirdim.)
第９課 アルバイト先で,瓶,びん,bin,"shisha idish, banka, butilka","bottle, jar",空いたガラス瓶を分別して捨てました。 (Bo'shagan shisha bankalarni ajratib tashladim.)
第９課 アルバイト先で,申し訳ないんですが,もうしわけないんですが,moushiwakenaindesuga,"kechirasiz, lekin...","I am sorry, but...",申し訳ないんですがの大切さを改めて実感しました。 (kechirasizning muhimligini yana bir bor his qildim.)
第９課 アルバイト先で,着替える,きがえる,kigaeru,kiyimini almashtirmoq,change clothes,お気に入りの着替えるを身につけました。 (Sevimli kiyimini almashtirmoqimni kiyib (taqib) oldim.)
第９課 アルバイト先で,破れる,やぶれる,yabureru,"yirtilmoq, sinmoq",break,ポケットが破れて穴が空きました。 (Cho'ntak yirtilib teshik bo'lib qoldi.)
第９課 アルバイト先で,確かめる,たしかめる,tashikameru,"aniqlab olmoq, tekshirib ko'rmoq","make sure, confirm",出かける前に鍵を確かめました。 (Ko'chaga chiqishdan oldin kalitni tekshirib ko'rdim.)
第９課 アルバイト先で,空く,あく,aku,bo'shamoq,"become empty, vacant",毎日しっかりと空くように努力しています。 (Har kuni astoydil bo'shamoqga intilaman.)
第９課 アルバイト先で,紙,かみ,kami,qog'oz,paper,紙の大切さを改めて実感しました。 (qog'ozning muhimligini yana bir bor his qildim.)
第９課 アルバイト先で,絶対に はっきり,ぜったいに はっきり,zettaini hakkiri,"mutlaqo, aslo / aniq, ravshan",absolutely clearly,絶対に はっきりの大切さを改めて実感しました。 (mutlaqoning muhimligini yana bir bor his qildim.)
第９課 アルバイト先で,表,ひょう,hyou,"jadval, ko'rsatkich","table, chart",表の大切さを改めて実感しました。 (jadvalning muhimligini yana bir bor his qildim.)
第９課 アルバイト先で,袋,ふくろ,fukuro,"qop, paket, xalta","bag, pouch",スーパーで買い物袋をもらいました。 (Supermarketda xarid paketi oldim.)
第９課 アルバイト先で,裏,うら,ura,"orqasi, teskari tomoni",rear,裏の大切さを改めて実感しました。 (orqasining muhimligini yana bir bor his qildim.)
第９課 アルバイト先で,調理場,ちょうりば,chouriba,oshxona (restoran pishirish joyi),"cooking place, kitchen (of a restaurant)",調理場の場所を地図で調べました。 (oshxonaning manzilini xaritadan qidirdim.)
第９課 アルバイト先で,足りる,たりる,tariru,yetarli bo'lmoq,be enough,毎日しっかりと足りるように努力しています。 (Har kuni astoydil yetarli bo'lmoqga intilaman.)
第９課 アルバイト先で,運ぶ,はこぶ,hakobu,"tashimoq, eltmoq",carry,お気に入りの運ぶを身につけました。 (Sevimli tashimoqimni kiyib (taqib) oldim.)
第９課 アルバイト先で,道具,どうぐ,dougu,"asbob, anjom",tool,棚を直すために道具を準備しました。 (Javonni tuzatish uchun asboblarni tayyorladim.)
第９課 アルバイト先で,邪魔（な）,じゃま（な）,jamana,"xalaqit beradigan, to'sqinlik","distraction, hindrance",この方法はとても邪魔だと思います。 (Bu usul juda xalaqit beradigan deb hisoblayman.)
第９課 アルバイト先で,都合,つごう,tsugou,"sharoit, qulay vaqt",schedule,都合の大切さを改めて実感しました。 (sharoitning muhimligini yana bir bor his qildim.)
第９課 アルバイト先で,隅,すみ,sumi,burchak,corner,隅の大切さを改めて実感しました。 (burchakning muhimligini yana bir bor his qildim.)
第９課 アルバイト先で,髪の毛 / スニーカー,かみのけ / スニーカー,kaminoke / suniikaa,soch / krossovka,hair sneakers,髪の毛 / スニーカーの大切さを改めて実感しました。 (soch / krossovkaning muhimligini yana bir bor his qildim.)
第９課 アルバイト先で,～様（例：お客様）,～さま（れい：おきゃくさま）,~sama,hurmatli ~ (masalan: mijoz),"sir, madam (more respectful than san (example: customer)",お客様を確認しました。 (お客様ni tekshirib tasdiqladim.)
第９課 アルバイト先で,～袋（例：ごみ袋）,～ぶくろ（れい：ごみぶくろ）,~bukuro,~ qopi (masalan: chiqindi qopi),~ bag (example: garbage bag),ごみ袋を確認しました。 (ごみ袋ni tekshirib tasdiqladim.)
第10課 旅行に行って,あっち,あっち,atchi,anavi yoq (norasmiy),(over) there (informal),あっちの大切さを改めて実感しました。 (anavi yoqning muhimligini yana bir bor his qildim.)
第10課 旅行に行って,あめ,あめ,ame,"konfet, shirinlik","candy, sweets",新鮮なあめを美味しくいただきました。 (Yangi konfetni mazza qilib tanovul qildik.)
第10課 旅行に行って,うまい,うまい,umai,"mazali, totli; mohir","taste good, delicious","とてもうまいので、気をつけてください。 (Juda mazali bo'lgani uchun, ehtiyot bo'ling.)"
第10課 旅行に行って,おじいさん,おじいさん,ojiisan,"bobo, keksa chol",an old man,おじいさんの大切さを改めて実感しました。 (boboning muhimligini yana bir bor his qildim.)
第10課 旅行に行って,おばあさん,おばあさん,obaasan,"buvi, keksa kampir",an old lady,おばあさんの大切さを改めて実感しました。 (buvining muhimligini yana bir bor his qildim.)
第10課 旅行に行って,おやき,おやき,oyaki,oyaki (Nagano kulchasi),oyaki (Japanese dumpling popular in Nagano prefecture),おやきの大切さを改めて実感しました。 (oyakining muhimligini yana bir bor his qildim.)
第10課 旅行に行って,お化け屋敷,おばけやしき,obakeyashiki,arvohlar uyi (attraksion),haunted house,お化け屋敷の大切さを改めて実感しました。 (arvohlar uyining muhimligini yana bir bor his qildim.)
第10課 旅行に行って,お待たせ,おまたせ,omatase,kutdirib qo'yganim uchun uzr,"""Sorry to keep you waiting""","お待たせしました。こちらへどうぞ。 (Kutdirib qo'ydim, marhamat bu yoqqa.)"
第10課 旅行に行って,お菓子,おかし,okashi,"shirinlik, yegulik, pishiriq","snack, sweets",お茶と一緒にお菓子を食べました。 (Choy bilan birga shirinlik yedim.)
第10課 旅行に行って,これから,これから,korekara,"bundan buyon, endi, hozirdan boshlab","from now on, after this",これからの大切さを改めて実感しました。 (bundan buyonning muhimligini yana bir bor his qildim.)
第10課 旅行に行って,ちょうど,ちょうど,choudo,"aynan, rosa, to'ppa-to'g'ri","exactly, precisely",ちょうどの大切さを改めて実感しました。 (aynanning muhimligini yana bir bor his qildim.)
第10課 旅行に行って,ところ,ところ,tokoro,"joy, joylashuv","place, location",ところの場所を地図で調べました。 (joyning manzilini xaritadan qidirdim.)
第10課 旅行に行って,まんじゅう,まんじゅう,manjuu,mandzu (loviyali shirin kulcha),manju (bun with bean-jam filling),毎日しっかりとまんじゅうように努力しています。 (Har kuni astoydil mandzuga intilaman.)
第10課 旅行に行って,アイスクリーム,アイスクリーム,aisukuriimu,muzqaymoq,ice cream,アイスクリームの大切さを改めて実感しました。 (muzqaymoqning muhimligini yana bir bor his qildim.)
第10課 旅行に行って,カタカナ,カタカナ,katakana,katakana (yapon alifbosi),Japanese katakana script,カタカナの大切さを改めて実感しました。 (katakananing muhimligini yana bir bor his qildim.)
第10課 旅行に行って,クルミ,クルミ,kurumi,yong'oq,walnut,クルミの大切さを改めて実感しました。 (yong'oqning muhimligini yana bir bor his qildim.)
第10課 旅行に行って,コンサートが開かれる。,コンサートがひらかれる。,konsaatogahirakareru,konsert o'tkaziladi,hold a concert,コンサートが開かれる。 (konsert o'tkaziladi)
第10課 旅行に行って,ゴマ,ゴマ,goma,kunjut,sesame,ゴマの大切さを改めて実感しました。 (kunjutning muhimligini yana bir bor his qildim.)
第10課 旅行に行って,サンプル,サンプル,sanpuru,namuna,sample,サンプルの大切さを改めて実感しました。 (namunaning muhimligini yana bir bor his qildim.)
第10課 旅行に行って,シングル,シングル,shinguru,bir kishilik xona; yakkalik,single,シングルの場所を地図で調べました。 (bir kishilik xonaning manzilini xaritadan qidirdim.)
第10課 旅行に行って,ツイン,ツイン,tsuin,ikki kishilik xona (alohida karavotli),twin,ツインの場所を地図で調べました。 (ikki kishilik xonaning manzilini xaritadan qidirdim.)
第10課 旅行に行って,トラ,トラ,tora,yo'lbars,tiger,トラの大切さを改めて実感しました。 (yo'lbarsning muhimligini yana bir bor his qildim.)
第10課 旅行に行って,フロント,フロント,furonto,qabulxona (resepshn),front desk,フロントの場所を地図で調べました。 (qabulxonaning manzilini xaritadan qidirdim.)
第10課 旅行に行って,プロ,プロ,puro,"professional, mutaxassis","pro, professional",プロと親しく話をしました。 (professional bilan yaqindan suhbatlashdim.)
第10課 旅行に行って,ミルク,ミルク,miruku,sut,milk,ミルクの大切さを改めて実感しました。 (sutning muhimligini yana bir bor his qildim.)
第10課 旅行に行って,モデル,モデル,moderu,model,model,モデルの大切さを改めて実感しました。 (modelning muhimligini yana bir bor his qildim.)
第10課 旅行に行って,ヨーロッパ,ヨーロッパ,yooroppa,Yevropa,Europe,ヨーロッパの大切さを改めて実感しました。 (Yevropaning muhimligini yana bir bor his qildim.)
第10課 旅行に行って,ライブ,ライブ,raibu,"jonli konsert, jonli ijro","live (concert, broadcast)",ライブの大切さを改めて実感しました。 (jonli konsertning muhimligini yana bir bor his qildim.)
第10課 旅行に行って,ロック,ロック,rokku,rok (musiqa),rock,ロックの大切さを改めて実感しました。 (rokning muhimligini yana bir bor his qildim.)
第10課 旅行に行って,ロープウエー,ロープウエー,roopuwee,"osma yo'l, kanat yo'li",ropeway,ロープウエーの大切さを改めて実感しました。 (osma yo'lning muhimligini yana bir bor his qildim.)
第10課 旅行に行って,世界,せかい,sekai,"dunyo, jahon",world,世界の大切さを改めて実感しました。 (dunyoning muhimligini yana bir bor his qildim.)
第10課 旅行に行って,乗り場,のりば,noriba,"minish joyi, platforma","platform, gate, loading zone",乗り場の場所を地図で調べました。 (minish joyining manzilini xaritadan qidirdim.)
第10課 旅行に行って,会場,かいじょう,kaijou,"tadbir joyi, zal","meeting place, conference hall",会場の場所を地図で調べました。 (tadbir joyining manzilini xaritadan qidirdim.)
第10課 旅行に行って,伸ばす,のばす,nobasu,"cho'zmoq, uzaytirmoq","stretch, extend",毎日しっかりと伸ばすように努力しています。 (Har kuni astoydil cho'zmoqga intilaman.)
第10課 旅行に行って,係,かかり,kakari,"mas'ul xodim, javobgar",person in charge,係と親しく話をしました。 (mas'ul xodim bilan yaqindan suhbatlashdim.)
第10課 旅行に行って,刺す,さす,sasu,"chaqmoq (hasharot), sanchmoq","bite, sting, stick with",毎日しっかりと刺すように努力しています。 (Har kuni astoydil chaqmoqga intilaman.)
第10課 旅行に行って,博物館,はくぶつかん,hakubutsukan,muzey,museum,博物館の大切さを改めて実感しました。 (muzeyning muhimligini yana bir bor his qildim.)
第10課 旅行に行って,取る,とる,toru,olmoq (ball/o'rin),"take, get",毎日しっかりと取るように努力しています。 (Har kuni astoydil olmoqga intilaman.)
第10課 旅行に行って,口紅,くちべに,kuchibeni,lab bo'yog'i,lipstick,口紅の大切さを改めて実感しました。 (lab bo'yog'ining muhimligini yana bir bor his qildim.)
第10課 旅行に行って,叱る,しかる,shikaru,"urishmoq, koyimoq",scold,宿題をしなかったので父に叱られました。 (Vazifani bajarmaganim uchun dadam koyidilar.)
第10課 旅行に行って,向かう,むかう,mukau,tomon yo'l olmoq,"leave for, face (a certain direction)",毎日しっかりと向かうように努力しています。 (Har kuni astoydil tomon yo'l olmoqga intilaman.)
第10課 旅行に行って,向こう,むこう,mukou,"u yoq, narigi tomon, qarshisi","over there, the opposite (other) side",毎日しっかりと向こうように努力しています。 (Har kuni astoydil u yoqga intilaman.)
第10課 旅行に行って,商品,しょうひん,shouhin,"mahsulot, tovar","product, goods",商品の大切さを改めて実感しました。 (mahsulotning muhimligini yana bir bor his qildim.)
第10課 旅行に行って,国際,こくさい,kokusai,xalqaro,international,国際の大切さを改めて実感しました。 (xalqaroning muhimligini yana bir bor his qildim.)
第10課 旅行に行って,壊す,こわす,kowasu,"buzmoq, sindirmoq","break, destroy",毎日しっかりと壊すように努力しています。 (Har kuni astoydil buzmoqga intilaman.)
第10課 旅行に行って,多く,おおく,ooku,"ko'p, ko'pchilik",many,毎日しっかりと多くように努力しています。 (Har kuni astoydil ko'pga intilaman.)
第10課 旅行に行って,屋根,やね,yane,tom,roof,屋根の大切さを改めて実感しました。 (tomning muhimligini yana bir bor his qildim.)
第10課 旅行に行って,工場,こうじょう,koujou,"zavod, fabrika",factory,工場の大切さを改めて実感しました。 (zavodning muhimligini yana bir bor his qildim.)
第10課 旅行に行って,巻く,まく,maku,"o'ramoq, chirmamoq","wind up, wrap around",毎日しっかりと巻くように努力しています。 (Har kuni astoydil o'ramoqga intilaman.)
第10課 旅行に行って,建てる,たてる,tateru,qurmoq (bino),build,建てるの場所を地図で調べました。 (qurmoqning manzilini xaritadan qidirdim.)
第10課 旅行に行って,招待・する,しょうたい・する,shoutai-suru,taklif qilmoq,"invite, ask",計画通りに招待を行いました。 (Rejaga muvofiq taklif qilmoqni amalga oshirdik.)
第10課 旅行に行って,撮影・する,さつえい・する,satsuei-suru,suratga/videoga olmoq,"take a picture, record video",計画通りに撮影を行いました。 (Rejaga muvofiq suratga/videoga olmoqni amalga oshirdik.)
第10課 旅行に行って,月,つき,tsuki,oy (osmon jismi yoki kalendar oyi),"moon, month",月の大切さを改めて実感しました。 (oyning muhimligini yana bir bor his qildim.)
第10課 旅行に行って,柔道,じゅうどう,juudou,dzyudo,judo,柔道の大切さを改めて実感しました。 (dzyudoning muhimligini yana bir bor his qildim.)
第10課 旅行に行って,泥棒,どろぼう,dorobou,o'g'ri,"thief, burglar","泥棒が家に侵入して警察を呼びました。 (O'g'ri uyga kirib, politsiyani chaqirdim.)"
第10課 旅行に行って,点を取る。,てんをとる。,tenwotoru,ball olmoq,get 100 points,点を取る。 (ball olmoq)
第10課 旅行に行って,王様,おうさま,ousama,"qirol, podshoh",king,昔、ある国に優しい王様がいました。 (Qadimda bir mamlakatda mehribon qirol yashagan ekan.)
第10課 旅行に行って,生まれる,うまれる,umareru,tug'ilmoq,be born,毎日しっかりと生まれるように努力しています。 (Har kuni astoydil tug'ilmoqga intilaman.)
第10課 旅行に行って,発売・する,はつばい・する,hatsubai-suru,sotuvga chiqarmoq,sell,計画通りに発売を行いました。 (Rejaga muvofiq sotuvga chiqarmoqni amalga oshirdik.)
第10課 旅行に行って,発明・する,はつめい・する,hatsumei-suru,ixtiro qilmoq,invent,計画通りに発明を行いました。 (Rejaga muvofiq ixtiro qilmoqni amalga oshirdik.)
第10課 旅行に行って,発見・する,はっけん・する,hakken-suru,"kashf qilmoq, topmoq","find, discover",計画通りに発見を行いました。 (Rejaga muvofiq kashf qilmoqni amalga oshirdik.)
第10課 旅行に行って,知らないおばあさん,しらないおばあさん,shiranaiobaasan,"notanish kampir, buvi",an old lady one doesn’t know,知らないおばあさんと親しく話をしました。 (notanish kampir bilan yaqindan suhbatlashdim.)
第10課 旅行に行って,蚊,か,ka,chivin,mosquito,夏になると蚊が多くなります。 (Yoz kelishi bilan chivinlar ko'payadi.)
第10課 旅行に行って,行う,おこなう,okonau,"o'tkazmoq, bajarmoq",perform,毎日しっかりと行うように努力しています。 (Har kuni astoydil o'tkazmoqga intilaman.)
第10課 旅行に行って,褒める,ほめる,homeru,maqtamoq,praise,先生にテストの成績を褒められました。 (Ustoz imtihon natijamni maqtadilar.)
第10課 旅行に行って,誘う,さそう,sasou,"taklif qilmoq, chaqirmoq","invite, take out",毎日しっかりと誘うように努力しています。 (Har kuni astoydil taklif qilmoqga intilaman.)
第10課 旅行に行って,誰か,だれか,dareka,kimdir,someone,誰かの大切さを改めて実感しました。 (kimdirning muhimligini yana bir bor his qildim.)
第10課 旅行に行って,誰でも,だれでも,daredemo,"har kim, kim bo'lsa ham",anyone,誰でもの大切さを改めて実感しました。 (har kimning muhimligini yana bir bor his qildim.)
第10課 旅行に行って,赤ちゃん,あかちゃん,akachan,chaqaloq,baby,赤ちゃんがベッドで眠っています。 (Chaqaloq karavotda uxlab yotibdi.)
第10課 旅行に行って,踏む,ふむ,fumu,bosmoq (oyoq bilan),step on,毎日しっかりと踏むように努力しています。 (Har kuni astoydil bosmoqga intilaman.)
第10課 旅行に行って,近所のおじいさん,きんじょのおじいさん,kinjonoojiisan,"qo'shnidagi bobo, keksa kishi",an old man in the neighbourhood,近所のおじいさんと親しく話をしました。 (qo'shnidagi bobo bilan yaqindan suhbatlashdim.)
第10課 旅行に行って,逃げる,にげる,nigeru,qochmoq,"run away, escape",毎日しっかりと逃げるように努力しています。 (Har kuni astoydil qochmoqga intilaman.)
第10課 旅行に行って,造る,つくる,tsukuru,"yasamoq, bunyod etmoq, qurmoq","create, build",毎日しっかりと造るように努力しています。 (Har kuni astoydil yasamoqga intilaman.)
第10課 旅行に行って,違う,ちがう,chigau,"farq qilmoq, boshqacha bo'lmoq","differ from, be different",毎日しっかりと違うように努力しています。 (Har kuni astoydil farq qilmoqga intilaman.)
第10課 旅行に行って,遠く,とおく,tooku,"uzoq, uzoqda",far away,毎日しっかりと遠くように努力しています。 (Har kuni astoydil uzoqga intilaman.)
第10課 旅行に行って,配る / ぶつかる,くばる / ぶつかる,kubaru / butsukaru,tarqatmoq / urilib ketmoq,"distribute hit, run against",毎日しっかりと配る / ぶつかるように努力しています。 (Har kuni astoydil tarqatmoq / urilib ketmoqga intilaman.)
第10課 旅行に行って,鉛筆,えんぴつ,enpitsu,qalam,pencil,鉛筆の大切さを改めて実感しました。 (qalamning muhimligini yana bir bor his qildim.)
第10課 旅行に行って,鏡,かがみ,kagami,"ko'zgu, oyna",mirror,鏡の大切さを改めて実感しました。 (ko'zguning muhimligini yana bir bor his qildim.)
第10課 旅行に行って,開く,ひらく,hiraku,"ochmoq, (tadbir) o'tkazmoq","open, hold",毎日しっかりと開くように努力しています。 (Har kuni astoydil ochmoqga intilaman.)
第10課 旅行に行って,頼む,たのむ,tanomu,"iltimos qilmoq, so'ramoq","ask, request",毎日しっかりと頼むように努力しています。 (Har kuni astoydil iltimos qilmoqga intilaman.)
第10課 旅行に行って,駅員さんのところ,えきいんさんのところ,ekiinsannotokoro,bekat xodimining oldi/joyi,location of station employee,駅員さんのところの場所を地図で調べました。 (bekat xodimining oldi/joyining manzilini xaritadan qidirdim.)
第10課 旅行に行って,麦,むぎ,mugi,"bug'doy, arpa","wheat, barley, flour",麦の大切さを改めて実感しました。 (bug'doyning muhimligini yana bir bor his qildim.)
第10課 旅行に行って,～によって,～によって,~niyotte,~ ga ko'ra; ~ tufayli,due to ~,によっての大切さを改めて実感しました。 (~ ga ko'raning muhimligini yana bir bor his qildim.)
第10課 旅行に行って,～中（例：世界中）,～じゅう（れい：せかいじゅう）,~juu (rei: sekaijuu),butun ~ (masalan: butun dunyoda),"all over ~, throughout ~ (example: all over the world)",世界中を確認しました。 (世界中ni tekshirib tasdiqladim.)
第10課 旅行に行って,～時代（例：江戸時）,～じだい（れい：えどじだい）,~jidai (rei: edojidai),~ davri (masalan: Edo davri),~ period (example: Edo period),江戸時を確認しました。 (江戸時ni tekshirib tasdiqladim.)
第11課 地域社会の中で,あきらめる,あきらめる,akirameru,"umidsizlikka tushmoq, voz kechmoq",give up,毎日しっかりとあきらめるように努力しています。 (Har kuni astoydil umidsizlikka tushmoqga intilaman.)
第11課 地域社会の中で,あんまり,あんまり,anmari,unchalik emas,"not much, not very",あんまりの大切さを改めて実感しました。 (unchalik emasning muhimligini yana bir bor his qildim.)
第11課 地域社会の中で,おじさん,おじさん,ojisan',"amaki, aka (o'rta yoshli erkak)","uncle, mister (polite term used to refer to middle-aged men)",おじさんの大切さを改めて実感しました。 (amakining muhimligini yana bir bor his qildim.)
第11課 地域社会の中で,お帰りなさい,おかえりなさい,okaerinasai,Uyga xush kelibsiz (kelganni kutib olish),"""Welcome home.""","とてもお帰りなさいので、気をつけてください。 (Juda Uyga xush kelibsiz bo'lgani uchun, ehtiyot bo'ling.)"
第11課 地域社会の中で,こと（例：将来のこと）,こと（れい：しょうらいのこと）,kotorei：shourainokoto,~ haqida (masalan: kelajak haqida),"matters about ~, things about ~ (example: things",将来のことを確認しました。 (将来のことni tekshirib tasdiqladim.)
第11課 地域社会の中で,だいたい,だいたい,daitai,"asosan, ko'p hollarda",most of the time,"とてもだいたいので、気をつけてください。 (Juda asosan bo'lgani uchun, ehtiyot bo'ling.)"
第11課 地域社会の中で,よし,よし,yoshi,"yaxshi, qani","good, come on",よしの大切さを改めて実感しました。 (yaxshining muhimligini yana bir bor his qildim.)
第11課 地域社会の中で,ダイエット・する,ダイエット・する,daietto-suru,"parhez tutmoq, ozish",diet,計画通りにダイエットを行いました。 (Rejaga muvofiq parhez tutmoqni amalga oshirdik.)
第11課 地域社会の中で,チーム,チーム,chiimu,jamoa,team,チームの大切さを改めて実感しました。 (jamoaning muhimligini yana bir bor his qildim.)
第11課 地域社会の中で,ボランティア,ボランティア,borantia,ko'ngilli,volunteer,ボランティアの大切さを改めて実感しました。 (ko'ngillining muhimligini yana bir bor his qildim.)
第11課 地域社会の中で,今夜,こんや,kon'ya,bugun kechqurun,tonight,今夜の大切さを改めて実感しました。 (bugun kechqurunning muhimligini yana bir bor his qildim.)
第11課 地域社会の中で,何度も,なんども,nandomo,"ko'p marta, qayta-qayta","over and over again, many times",何度もの大切さを改めて実感しました。 (ko'p martaning muhimligini yana bir bor his qildim.)
第11課 地域社会の中で,八百屋,やおや,yaoya,sabzavot do'koni,"vegetable vendor, green grocery",八百屋の場所を地図で調べました。 (sabzavot do'konining manzilini xaritadan qidirdim.)
第11課 地域社会の中で,具合,ぐあい,guai,"holat, ahvol; sog'liq","condition, health",具合の大切さを改めて実感しました。 (holatning muhimligini yana bir bor his qildim.)
第11課 地域社会の中で,出張・する,しゅっちょう・する,shutchou-suru,xizmat safariga bormoq,go on a business trip,計画通りに出張を行いました。 (Rejaga muvofiq xizmat safariga bormoqni amalga oshirdik.)
第11課 地域社会の中で,区役所,くやくしょ,kuyakusho,tuman hokimiyati,ward office,区役所で手続きをしました。 (Tuman hokimiyatida rasmiylashtirish ishlarini bajardim.)
第11課 地域社会の中で,回る,まわる,mawaru,"aylanmoq, aylanib chiqmoq",go around,毎日しっかりと回るように努力しています。 (Har kuni astoydil aylanmoqga intilaman.)
第11課 地域社会の中で,地域,ちいき,chiiki,"hudud, mintaqa","area, region",地域の大切さを改めて実感しました。 (hududning muhimligini yana bir bor his qildim.)
第11課 地域社会の中で,外食・する,がいしょく・する,gaishoku-suru,tashqarida ovqatlanmoq,"dine out, eat out",新鮮な外食を美味しくいただきました。 (Yangi tashqarida ovqatlanmoqni mazza qilib tanovul qildik.)
第11課 地域社会の中で,太る,ふとる,futoru,"semirmoq, vazn olmoq","gain weight, get fat",毎日しっかりと太るように努力しています。 (Har kuni astoydil semirmoqga intilaman.)
第11課 地域社会の中で,学ぶ,まなぶ,manabu,"o'rganmoq, bilim olmoq","learn, study",毎日しっかりと学ぶように努力しています。 (Har kuni astoydil o'rganmoqga intilaman.)
第11課 地域社会の中で,打つ,うつ,utsu,urmoq,hit,毎日しっかりと打つように努力しています。 (Har kuni astoydil urmoqga intilaman.)
第11課 地域社会の中で,投げる,なげる,nageru,"otmoq, tashlamoq",throw,毎日しっかりと投げるように努力しています。 (Har kuni astoydil otmoqga intilaman.)
第11課 地域社会の中で,折れる,おれる,oreru,"sinmoq, sindirilmoq",break,毎日しっかりと折れるように努力しています。 (Har kuni astoydil sinmoqga intilaman.)
第11課 地域社会の中で,持つ,もつ,motsu,"tutmoq, ega bo'lmoq","have, hold",毎日しっかりと持つように努力しています。 (Har kuni astoydil tutmoqga intilaman.)
第11課 地域社会の中で,故障・する,こしょう・する,koshou-suru,"buzilmoq, ishdan chiqmoq","get out of order, break down",計画通りに故障を行いました。 (Rejaga muvofiq buzilmoqni amalga oshirdik.)
第11課 地域社会の中で,敬語,けいご,keigo,keigo (hurmat tili),respectful language,敬語の大切さを改めて実感しました。 (keigoning muhimligini yana bir bor his qildim.)
第11課 地域社会の中で,文化,ぶんか,bunka,madaniyat,culture,文化の大切さを改めて実感しました。 (madaniyatning muhimligini yana bir bor his qildim.)
第11課 地域社会の中で,機会,きかい,kikai,"imkoniyat, fursat","chance, opportunity",機会の大切さを改めて実感しました。 (imkoniyatning muhimligini yana bir bor his qildim.)
第11課 地域社会の中で,無理,むり,muri,haddan oshirmoq,"overdo, take something too far",無理の大切さを改めて実感しました。 (haddan oshirmoqning muhimligini yana bir bor his qildim.)
第11課 地域社会の中で,無理をする。,むりをする。,muriosuru,Haddan oshiraman.,overdo something,無理をする。 (Haddan oshiraman.)
第11課 地域社会の中で,物価,ぶっか,bukka,narx-navo,prices of commodities,物価の大切さを改めて実感しました。 (narx-navoning muhimligini yana bir bor his qildim.)
第11課 地域社会の中で,研究・する,けんきゅう・する,kenkyuu-suru,"tadqiqot qilmoq, ilmiy ish olib bormoq",research,計画通りに研究を行いました。 (Rejaga muvofiq tadqiqot qilmoqni amalga oshirdik.)
第11課 地域社会の中で,節約・する,せつやく・する,setsuyaku-suru,"tejamoq, tejamkorlik qilmoq","economize, be thrifty",計画通りに節約を行いました。 (Rejaga muvofiq tejamoqni amalga oshirdik.)
第11課 地域社会の中で,育てる,そだてる,sodateru,"tarbiyalamoq, o'stirmoq (bolani)","raise (a child), bring up",育てると親しく話をしました。 (tarbiyalamoq bilan yaqindan suhbatlashdim.)
第11課 地域社会の中で,興味,きょうみ,kyoumi,qiziqish,about the future) interest,興味と親しく話をしました。 (qiziqish bilan yaqindan suhbatlashdim.)
第11課 地域社会の中で,興味を持つ。,きょうみをもつ。,kyoumiomotsu,Qiziqish bildiraman.,have an interest,興味を持つ。 (Qiziqish bildiraman.)
第11課 地域社会の中で,苦労,くろう,kurou,"mashaqqat, qiyinchilik","trouble, burden",苦労の大切さを改めて実感しました。 (mashaqqatning muhimligini yana bir bor his qildim.)
第11課 地域社会の中で,親しい,したしい,shitashii,"yaqin, samimiy","familiar, intimate","とても親しいので、気をつけてください。 (Juda yaqin bo'lgani uchun, ehtiyot bo'ling.)"
第11課 地域社会の中で,話しかける,はなしかける,hanashikakeru,gap boshlab murojaat qilmoq,"talk to, speak to",毎日しっかりと話しかけるように努力しています。 (Har kuni astoydil gap boshlab murojaat qilmoqga intilaman.)
第11課 地域社会の中で,駅前,えきまええきまえ,ekimaeekimae,bekat oldi,in front of the train station,駅前の大切さを改めて実感しました。 (bekat oldining muhimligini yana bir bor his qildim.)
第11課 地域社会の中で,～代（例：食事代）,～だい（れい：しょくじだい,~dairei：shokujidai,~ puli/xarajati (masalan: ovqat puli),"~ charges, ~ fees (example: dining charges)",食事代を確認しました。 (食事代ni tekshirib tasdiqladim.)
第11課 地域社会の中で,～君,～くん,~kun',~ (o'g'il bolalarga qo'shiladigan samimiy hurmat qo'shimchasi),(suffix for boy's names that indicates respect and familiarity),君と親しく話をしました。 (~ bilan yaqindan suhbatlashdim.)
第12課 私の健康法,うがい,うがい,ugai,tomog'ni chayqash,gargling,"とてもうがいので、気をつけてください。 (Juda tomog'ni chayqash bo'lgani uchun, ehtiyot bo'ling.)"
第12課 私の健康法,おにぎり,おにぎり,onigiri,onigiri (yapon guruchli sharcha),rice ball,新鮮なおにぎりを美味しくいただきました。 (Yangi onigirini mazza qilib tanovul qildik.)
第12課 私の健康法,このごろ,このごろ,konogoro,"shu kunlarda, oxirgi paytlarda","these days, nowadays",このごろの大切さを改めて実感しました。 (shu kunlardaning muhimligini yana bir bor his qildim.)
第12課 私の健康法,こる,こる,koru,qotib qolmoq (mushak),become stiff,毎日しっかりとこるように努力しています。 (Har kuni astoydil qotib qolmoqga intilaman.)
第12課 私の健康法,さす,さす,sasu,(soyabonni) tutmoq,hold over one's head,毎日しっかりとさすように努力しています。 (Har kuni astoydil ga intilaman.)
第12課 私の健康法,たまる,たまる,tamaru,to'planib qolmoq,build up,毎日しっかりとたまるように努力しています。 (Har kuni astoydil to'planib qolmoqga intilaman.)
第12課 私の健康法,やせる,やせる,yaseru,"ozmoq, ozib ketmoq","lose weight, become thin",毎日しっかりとやせるように努力しています。 (Har kuni astoydil ozmoqga intilaman.)
第12課 私の健康法,インスタント,インスタント,insutanto,tez tayyorlanadigan (insta),instant,インスタントの大切さを改めて実感しました。 (tez tayyorlanadiganning muhimligini yana bir bor his qildim.)
第12課 私の健康法,カロリー,カロリー,karorii,kaloriya,calorie,カロリーの大切さを改めて実感しました。 (kaloriyaning muhimligini yana bir bor his qildim.)
第12課 私の健康法,ガンガン,ガンガン,gangan',qattiq zirqirab og'rimoq (bosh),"pounding, throbbing (state where it feels as if the pain in your head is making a large sound)",ガンガンの大切さを改めて実感しました。 (qattiq zirqirab og'rimoqning muhimligini yana bir bor his qildim.)
第12課 私の健康法,グレープフルーツ,グレープフルーツ,gureepufuruutsu,greyfrut,grapefruit,グレープフルーツの大切さを改めて実感しました。 (greyfrutning muhimligini yana bir bor his qildim.)
第12課 私の健康法,ショウガ,ショウガ,shouga,zanjabil,ginger,ショウガの大切さを改めて実感しました。 (zanjabilning muhimligini yana bir bor his qildim.)
第12課 私の健康法,ジム,ジム,jimu,sport zali,"gym, gymnasium",ジムの大切さを改めて実感しました。 (sport zalining muhimligini yana bir bor his qildim.)
第12課 私の健康法,ジューサー,ジューサー,juusaa,sharbatqolg'ich (juicer),juicer,ジューサーの大切さを改めて実感しました。 (sharbatqolg'ichning muhimligini yana bir bor his qildim.)
第12課 私の健康法,ストレス,ストレス,sutoresu,stress,stress,ストレスの大切さを改めて実感しました。 (stressning muhimligini yana bir bor his qildim.)
第12課 私の健康法,ドレッシング,ドレッシング,doresshingu,salat sousi,dressing,ドレッシングの大切さを改めて実感しました。 (salat sousining muhimligini yana bir bor his qildim.)
第12課 私の健康法,ネックストレッチ,ネックストレッチ,nekkusutoretchi,bo'yin mashqi,neck stretch,ネックストレッチの大切さを改めて実感しました。 (bo'yin mashqining muhimligini yana bir bor his qildim.)
第12課 私の健康法,バランス,バランス,baransu,muvozanat,balance,バランスの大切さを改めて実感しました。 (muvozanatning muhimligini yana bir bor his qildim.)
第12課 私の健康法,パンパン,パンパン,panpan',tarang va shishgan (mushaklar),throbbing (state where if feels as if your muscles are being,パンパンの大切さを改めて実感しました。 (tarang va shishganning muhimligini yana bir bor his qildim.)
第12課 私の健康法,ビタミンＣ,ビタミンＣ,bitaminＣ,C vitamini,vitamin C,ビタミンＣの大切さを改めて実感しました。 (C vitaminining muhimligini yana bir bor his qildim.)
第12課 私の健康法,フラフラ,フラフラ,furafura,"holsiz, gangib turgan, hushsiz","groggy, dizzy, woozy (state where you cannot gather any power, are weary, or your body is",フラフラの大切さを改めて実感しました。 (holsizning muhimligini yana bir bor his qildim.)
第12課 私の健康法,フラフラする。,フラフラする。,furafurasuru,Holsizlanib turibman.,"swaying) ""I am groggy."" nauseous, queasy",フラフラする。 (Holsizlanib turibman.)
第12課 私の健康法,マッサージ・する,マッサージ・する,massaaji-suru,massaj qilmoq,massage,計画通りにマッサージを行いました。 (Rejaga muvofiq massaj qilmoqni amalga oshirdik.)
第12課 私の健康法,マッサージ器,マッサージき,massaajiki,massaj apparati,massage machine,マッサージ器の大切さを改めて実感しました。 (massaj apparatining muhimligini yana bir bor his qildim.)
第12課 私の健康法,ムカムカ,ムカムカ,mukamuka,ko'ngli ayniydigan holat,"(state where you feel like you are going to vomit due to overeating, overdrinking, or other",ムカムカの大切さを改めて実感しました。 (ko'ngli ayniydigan holatning muhimligini yana bir bor his qildim.)
第12課 私の健康法,万歩計,まんぽけい,manpokei,qadam hisoblagich,pedometer,万歩計の大切さを改めて実感しました。 (qadam hisoblagichning muhimligini yana bir bor his qildim.)
第12課 私の健康法,二日酔い,ふつかよい,futsukayoi,ichkilikdan keyingi holat (sindrom),hangover,"とても二日酔いので、気をつけてください。 (Juda ichkilikdan keyingi holat bo'lgani uchun, ehtiyot bo'ling.)"
第12課 私の健康法,体脂肪率,たいしぼうりつ,taishibouritsu,tana yog'i foizi,body fat percentage,体脂肪率の大切さを改めて実感しました。 (tana yog'i foizining muhimligini yana bir bor his qildim.)
第12課 私の健康法,体脂肪計,たいしぼうけい,taishiboukei,tana yog'i o'lchagich,body fat scale,体脂肪計の大切さを改めて実感しました。 (tana yog'i o'lchagichning muhimligini yana bir bor his qildim.)
第12課 私の健康法,健康,けんこう,kenkou,"sog'liq, salomatlik","health, fitness",健康の大切さを改めて実感しました。 (sog'liqning muhimligini yana bir bor his qildim.)
第12課 私の健康法,傘をさす。,かさをさす。,kasaosasu,Soyabon tutaman.,open an umbrella,傘をさす。 (Soyabon tutaman.)
第12課 私の健康法,元気,げんき,genki,"sog'lom, tetik, bardam","healthy, lively, spirited",元気の大切さを改めて実感しました。 (sog'lomning muhimligini yana bir bor his qildim.)
第12課 私の健康法,元気がない,げんきがない,genkiganai,"kayfiyati yo'q, tushkun","feel down, low-spirited","とても元気がないので、気をつけてください。 (Juda kayfiyati yo'q bo'lgani uchun, ehtiyot bo'ling.)"
第12課 私の健康法,入会・する,にゅうかい・する,nyuukai-suru,a'zo bo'lmoq,"join, become a member of a group",計画通りに入会を行いました。 (Rejaga muvofiq a'zo bo'lmoqni amalga oshirdik.)
第12課 私の健康法,冷える,ひえる,hieru,"sovqotmoq, sovub ketmoq","chill, get cold",毎日しっかりと冷えるように努力しています。 (Har kuni astoydil sovqotmoqga intilaman.)
第12課 私の健康法,冷凍・する,れいとう・する,reitou-suru,muzlatmoq,freeze,計画通りに冷凍を行いました。 (Rejaga muvofiq muzlatmoqni amalga oshirdik.)
第12課 私の健康法,動かす,うごかす,ugokasu,harakatlantirmoq,"move, set in motion",毎日しっかりと動かすように努力しています。 (Har kuni astoydil harakatlantirmoqga intilaman.)
第12課 私の健康法,取る,とる,toru,"yo'qotmoq, ketkazmoq","break free from, relieve",毎日しっかりと取るように努力しています。 (Har kuni astoydil yo'qotmoqga intilaman.)
第12課 私の健康法,取れる,とれる,toreru,"yo'qolmoq, ketmoq (og'riq)","relieve, break free from",毎日しっかりと取れるように努力しています。 (Har kuni astoydil yo'qolmoqga intilaman.)
第12課 私の健康法,方法,ほうほう,houhou,"usul, yo'l","method, technique, way of doing something",方法の大切さを改めて実感しました。 (usulning muhimligini yana bir bor his qildim.)
第12課 私の健康法,栄養,えいよう,eiyou,"ozuqa, oziq moddalar",nutrition,栄養の大切さを改めて実感しました。 (ozuqaning muhimligini yana bir bor his qildim.)
第12課 私の健康法,残す,のこす,nokosu,qoldirmoq,"leave, save",毎日しっかりと残すように努力しています。 (Har kuni astoydil qoldirmoqga intilaman.)
第12課 私の健康法,残る,のこる,nokoru,qolmoq,be left remaining,毎日しっかりと残るように努力しています。 (Har kuni astoydil qolmoqga intilaman.)
第12課 私の健康法,氷,こおり,koori,muz,ice,氷の大切さを改めて実感しました。 (muzning muhimligini yana bir bor his qildim.)
第12課 私の健康法,温める,あたためる,atatameru,isitmoq,warm,毎日しっかりと温めるように努力しています。 (Har kuni astoydil isitmoqga intilaman.)
第12課 私の健康法,測る,はかる,hakaru,o'lchamoq,measure,毎日しっかりと測るように努力しています。 (Har kuni astoydil o'lchamoqga intilaman.)
第12課 私の健康法,湿布,しっぷ,shippu,nam kompress (og'riqqa),cold (hot) compress,湿布の大切さを改めて実感しました。 (nam kompressning muhimligini yana bir bor his qildim.)
第12課 私の健康法,疲れ,つかれ,tsukare,charchoq,"fatigue, tiredness",疲れの大切さを改めて実感しました。 (charchoqning muhimligini yana bir bor his qildim.)
第12課 私の健康法,疲れを取る。,つかれをとる。,tsukareotoru,Charchoqni chiqaraman.,relieve one's fatigue,疲れを取る。 (Charchoqni chiqaraman.)
第12課 私の健康法,痛み,いたみ,itami,og'riq,pain,痛みの大切さを改めて実感しました。 (og'riqning muhimligini yana bir bor his qildim.)
第12課 私の健康法,眠る,ねむる,nemuru,uxlamoq,sleep,毎日しっかりと眠るように努力しています。 (Har kuni astoydil uxlamoqga intilaman.)
第12課 私の健康法,肩,かた,kata,yelka,shoulder,肩の大切さを改めて実感しました。 (yelkaning muhimligini yana bir bor his qildim.)
第12課 私の健康法,胃,い,i,oshqozon,stomach,胃の大切さを改めて実感しました。 (oshqozonning muhimligini yana bir bor his qildim.)
第12課 私の健康法,胃がムカムカする。,いがムカムカする。,igamukamukasuru,Oshqozonim ayniyapti.,"cause) ""I feel sick to my stomach.""",胃がムカムカする。 (Oshqozonim ayniyapti.)
第12課 私の健康法,虫歯,むしば,mushiba,tish kariyesi,(tooth) cavity,虫歯の大切さを改めて実感しました。 (tish kariyesining muhimligini yana bir bor his qildim.)
第12課 私の健康法,計算・する,けいさん・する,keisan-suru,hisoblamoq,calculate,計画通りに計算を行いました。 (Rejaga muvofiq hisoblamoqni amalga oshirdik.)
第12課 私の健康法,足がパンパンだ。,あしがパンパンだ。,ashigapanpanda,Oyoqlarim shishib ketdi.,"stretched tightly) ""My legs are throbbing.""",足がパンパンだ。 (Oyoqlarim shishib ketdi.)
第12課 私の健康法,酔う,よう,you,mast bo'lmoq; ko'ngli aynimoq,"get drunk, feel sick (at the stomach)",毎日しっかりと酔うように努力しています。 (Har kuni astoydil mast bo'lmoqga intilaman.)
第12課 私の健康法,頭がガンガンする。,あたまがガンガンする。,atamagagangansuru,Boshim zirqirab og'riyapti.,"""I have a pounding headache.""",頭がガンガンする。 (Boshim zirqirab og'riyapti.)
第12課 私の健康法,食品,しょくひん,shokuhin',oziq-ovqat,food,新鮮な食品を美味しくいただきました。 (Yangi oziq-ovqatni mazza qilib tanovul qildik.)
第12課 私の健康法,首,くび,kubi,bo'yin,neck,首の大切さを改めて実感しました。 (bo'yinning muhimligini yana bir bor his qildim.)
第12課 私の健康法,～不足（例：運動不足）,～ぶそく（そくれい：うんどうぶそく,~busokusokurei：undoubusoku,~ yetishmasligi (masalan: harakat yetishmasligi),"deficiency in ~, not enough ~ (example: not enough exercise)",運動不足を確認しました。 (運動不足ni tekshirib tasdiqladim.)
第12課 私の健康法,～金（例：入会金）,～きん（れい：にゅうかいきん,~kinrei：nyuukaikin',~ to'lovi (masalan: a'zolik to'lovi),"~ fee, ~ charge (example: admission fee)",入会金を確認しました。 (入会金ni tekshirib tasdiqladim.)
第13課 親の気持ち・子の気持ち,うち,うち,uchi,"men, biz (uy)","I, me",うちの大切さを改めて実感しました。 (menning muhimligini yana bir bor his qildim.)
第13課 親の気持ち・子の気持ち,うちの親,うちのおや,uchinooya,mening ota-onam,my parents,うちの親と親しく話をしました。 (mening ota-onam bilan yaqindan suhbatlashdim.)
第13課 親の気持ち・子の気持ち,うれしい,うれしい,ureshii,"xursand, quvnoq","happy, glad","とてもうれしいので、気をつけてください。 (Juda xursand bo'lgani uchun, ehtiyot bo'ling.)"
第13課 親の気持ち・子の気持ち,えらい,えらい,erai,"zo'r, ajoyib, maqtovga loyiq","great, excellent, well done",えらいの場所を地図で調べました。 (zo'rning manzilini xaritadan qidirdim.)
第13課 親の気持ち・子の気持ち,おもちゃ,おもちゃ,omocha,o'yinchoq,toy,おもちゃの大切さを改めて実感しました。 (o'yinchoqning muhimligini yana bir bor his qildim.)
第13課 親の気持ち・子の気持ち,けんか・する,けんか・する,kenka-suru,"urishmoq, janjallashmoq",argue,計画通りにけんかを行いました。 (Rejaga muvofiq urishmoqni amalga oshirdik.)
第13課 親の気持ち・子の気持ち,この間,このあいだ,konoaida,"o'tgan kuni, yaqinda","the other day, during this time",この間の大切さを改めて実感しました。 (o'tgan kunining muhimligini yana bir bor his qildim.)
第13課 親の気持ち・子の気持ち,ころ,ころ,koro,~ paytlarida (masalan: bolaligimda),when I was ~,ころと親しく話をしました。 (~ paytlarida bilan yaqindan suhbatlashdim.)
第13課 親の気持ち・子の気持ち,ちゃんと,ちゃんと,chanto,"to'g'ri, yaxshilab",properly,ちゃんとの大切さを改めて実感しました。 (to'g'rining muhimligini yana bir bor his qildim.)
第13課 親の気持ち・子の気持ち,やっぱり,やっぱり,yappari,"oxir-oqibat, kutganimdek",after all,やっぱりの大切さを改めて実感しました。 (oxir-oqibatning muhimligini yana bir bor his qildim.)
第13課 親の気持ち・子の気持ち,やる,やる,yaru,"qilmoq, bajarmoq",do,毎日しっかりとやるように努力しています。 (Har kuni astoydil qilmoqga intilaman.)
第13課 親の気持ち・子の気持ち,ゲームセンター,ゲームセンター,geemusentaa,o'yin markazi (arkada),game center,ゲームセンターの場所を地図で調べました。 (o'yin markazining manzilini xaritadan qidirdim.)
第13課 親の気持ち・子の気持ち,コーチ,コーチ,koochi,murabbiy,coach,コーチの大切さを改めて実感しました。 (murabbiyning muhimligini yana bir bor his qildim.)
第13課 親の気持ち・子の気持ち,不利（な）,ふり（な）,furina,"noqulay, zararli",disadvantageous,この方法はとても不利だと思います。 (Bu usul juda noqulay deb hisoblayman.)
第13課 親の気持ち・子の気持ち,世話・する,せわ・する,sewa-suru,"g'amxo'rlik qilmoq, qaramoq",take care of,計画通りに世話を行いました。 (Rejaga muvofiq g'amxo'rlik qilmoqni amalga oshirdik.)
第13課 親の気持ち・子の気持ち,仕方がない,しかたがない,shikataganai,"iloj yo'q, boshqa chora qolmadi","no choice, have no alternative","とても仕方がないので、気をつけてください。 (Juda iloj yo'q bo'lgani uchun, ehtiyot bo'ling.)"
第13課 親の気持ち・子の気持ち,何でも,なんでも,nandemo,"hamma narsa, nima bo'lsa ham",anything,何でもの大切さを改めて実感しました。 (hamma narsaning muhimligini yana bir bor his qildim.)
第13課 親の気持ち・子の気持ち,僕,ぼく,boku,"men (norasmiy, asosan yigitlar ishlatadi)","I, me (informal, used primarily by young men)",僕と親しく話をしました。 (men bilan yaqindan suhbatlashdim.)
第13課 親の気持ち・子の気持ち,化粧品,けしょうひん,keshouhin',kosmetika,cosmetics,化粧品の大切さを改めて実感しました。 (kosmetikaning muhimligini yana bir bor his qildim.)
第13課 親の気持ち・子の気持ち,厳しい,きびしい,kibishii,"qattiqqo'l, talabchan","strict, severe","とても厳しいので、気をつけてください。 (Juda qattiqqo'l bo'lgani uchun, ehtiyot bo'ling.)"
第13課 親の気持ち・子の気持ち,塾,じゅく,juku,repetitorlik o'quv markazi,after-school cram school,塾の場所を地図で調べました。 (repetitorlik o'quv markazining manzilini xaritadan qidirdim.)
第13課 親の気持ち・子の気持ち,夜遅く,よるおそく,yoruosoku,kechqurun kech,late at night,毎日しっかりと夜遅くように努力しています。 (Har kuni astoydil kechqurun kechga intilaman.)
第13課 親の気持ち・子の気持ち,子ども,こども,kodomo,bola,"child, kid",子どもと親しく話をしました。 (bola bilan yaqindan suhbatlashdim.)
第13課 親の気持ち・子の気持ち,家事,かじ,kaji,uy ishlari,housework,家事の大切さを改めて実感しました。 (uy ishlarining muhimligini yana bir bor his qildim.)
第13課 親の気持ち・子の気持ち,宿題をやる。,しゅくだいをやる。,shukudaioyaru,Uy vazifasini qilaman.,do my homework,宿題をやる。 (Uy vazifasini qilaman.)
第13課 親の気持ち・子の気持ち,役に立つ,やくにたつ,yakunitatsu,"foydali bo'lmoq, asqatmoq",be useful,毎日しっかりと役に立つように努力しています。 (Har kuni astoydil foydali bo'lmoqga intilaman.)
第13課 親の気持ち・子の気持ち,必ず,かならず,kanarazu,"albatta, shartsiz","by all means, certainly",必ずの大切さを改めて実感しました。 (albattaning muhimligini yana bir bor his qildim.)
第13課 親の気持ち・子の気持ち,手に入れる,てにいれる,teniireru,"qo'lga kiritmoq, ega bo'lmoq","obtain, acquire",毎日しっかりと手に入れるように努力しています。 (Har kuni astoydil qo'lga kiritmoqga intilaman.)
第13課 親の気持ち・子の気持ち,教育,きょういく,kyouiku,ta'lim,education,教育の大切さを改めて実感しました。 (ta'limning muhimligini yana bir bor his qildim.)
第13課 親の気持ち・子の気持ち,数学,すうがく,suugaku,matematika,"mathematics, math",数学の大切さを改めて実感しました。 (matematikaning muhimligini yana bir bor his qildim.)
第13課 親の気持ち・子の気持ち,曲,きょく,kyoku,"qo'shiq, kuy",song track,曲の大切さを改めて実感しました。 (qo'shiqning muhimligini yana bir bor his qildim.)
第13課 親の気持ち・子の気持ち,母親,ははおや,hahaoya,ona,mother,母親と親しく話をしました。 (ona bilan yaqindan suhbatlashdim.)
第13課 親の気持ち・子の気持ち,泣く,なく,naku,yig'lamoq,cry,毎日しっかりと泣くように努力しています。 (Har kuni astoydil yig'lamoqga intilaman.)
第13課 親の気持ち・子の気持ち,海外,かいがい,kaigai,"xorij, chet el",overseas,海外の大切さを改めて実感しました。 (xorijning muhimligini yana bir bor his qildim.)
第13課 親の気持ち・子の気持ち,熱心（な）,ねっしん（な）,nesshinna,"g'ayratli, astoydil","eager, enthusiastic, devoted",この方法はとても熱心だと思います。 (Bu usul juda g'ayratli deb hisoblayman.)
第13課 親の気持ち・子の気持ち,父親,ちちおや,chichioya,ota,father,父親と親しく話をしました。 (ota bilan yaqindan suhbatlashdim.)
第13課 親の気持ち・子の気持ち,祖母,そぼ,sobo,buvim,grandmother,祖母の大切さを改めて実感しました。 (buvimning muhimligini yana bir bor his qildim.)
第13課 親の気持ち・子の気持ち,親,おや,oya,ota-ona,parent,親と親しく話をしました。 (ota-ona bilan yaqindan suhbatlashdim.)
第13課 親の気持ち・子の気持ち,近所の子ども,きんじょのこども,kinjonokodomo,qo'shnidagi bola,neighborhood child,近所の子どもと親しく話をしました。 (qo'shnidagi bola bilan yaqindan suhbatlashdim.)
第13課 親の気持ち・子の気持ち,釣る,つる,tsuru,baliq ovlamoq,fish,新鮮な釣るを美味しくいただきました。 (Yangi baliq ovlamoqni mazza qilib tanovul qildik.)
第13課 親の気持ち・子の気持ち,騒ぐ,さわぐ,sawagu,"shovqin qilmoq, to'polon qilmoq","be noisy, act up",毎日しっかりと騒ぐように努力しています。 (Har kuni astoydil shovqin qilmoqga intilaman.)
第13課 親の気持ち・子の気持ち,～キロ,～キロ,~kiro,~ kilometr / ~ kilogramm,"~ kilometers, ~ kilograms",キロの大切さを改めて実感しました。 (~ kilometr / ~ kilogrammning muhimligini yana bir bor his qildim.)
第14課 イベント・行事,いたずら・する,いたずら・する,itazura-suru,"hazil qilmoq, sho'xlik qilmoq","trick or treat, do mischief",計画通りにいたずらを行いました。 (Rejaga muvofiq hazil qilmoqni amalga oshirdik.)
第14課 イベント・行事,おせち料理,おせちりょうり,osechiryouri,osechi (Yangi yil taomlari),food (primarily food eaten to,新鮮なおせち料理を美味しくいただきました。 (Yangi osechini mazza qilib tanovul qildik.)
第14課 イベント・行事,お化け,おばけ,obake,arvoh,ghost,お化けの大切さを改めて実感しました。 (arvohning muhimligini yana bir bor his qildim.)
第14課 イベント・行事,お盆,おぼん,obon',Obon (ajdodlarni xotirlash bayrami),obon festival,お盆の大切さを改めて実感しました。 (Obonning muhimligini yana bir bor his qildim.)
第14課 イベント・行事,お祝い・する,おいわい・する,oiwai-suru,"bayram qilmoq, tabriklamoq",celebrate,計画通りにお祝いを行いました。 (Rejaga muvofiq bayram qilmoqni amalga oshirdik.)
第14課 イベント・行事,くし,くし,kushi,taroq,hair comb,くしの大切さを改めて実感しました。 (taroqning muhimligini yana bir bor his qildim.)
第14課 イベント・行事,ごちそう,ごちそう,gochisou,"ziyofat, dasturxon","big meal, feast",毎日しっかりとごちそうように努力しています。 (Har kuni astoydil ziyofatga intilaman.)
第14課 イベント・行事,はがき,はがき,hagaki,otkritka,postcard,はがきの大切さを改めて実感しました。 (otkritkaning muhimligini yana bir bor his qildim.)
第14課 イベント・行事,ひなまつり,ひなまつり,hinamatsuri,"Hina matsuri (qizlar bayrami, 3-mart)",Doll Festival (Festival held on March 3 for celebrating the growth,ひなまつりと親しく話をしました。 (Hina matsuri bilan yaqindan suhbatlashdim.)
第14課 イベント・行事,ふろしき,ふろしき,furoshiki,furoshiki (narsa o'rash uchun mato),cloth for wrapping things,ふろしきの大切さを改めて実感しました。 (furoshikining muhimligini yana bir bor his qildim.)
第14課 イベント・行事,みんな,みんな,minna,hamma,everyone,みんなの大切さを改めて実感しました。 (hammaning muhimligini yana bir bor his qildim.)
第14課 イベント・行事,ウナギ,ウナギ,unagi,"ilonbaliq, ugor",eel,新鮮なウナギを美味しくいただきました。 (Yangi ilonbaliqni mazza qilib tanovul qildik.)
第14課 イベント・行事,カボチャ,カボチャ,kabocha,qovoq,pumpkin,カボチャの大切さを改めて実感しました。 (qovoqning muhimligini yana bir bor his qildim.)
第14課 イベント・行事,カメ,カメ,kame,toshbaqa,"turtle, tortoise",カメの大切さを改めて実感しました。 (toshbaqaning muhimligini yana bir bor his qildim.)
第14課 イベント・行事,シチュー,シチュー,shichuu,styu (quyuq sho'rva),stew,シチューの大切さを改めて実感しました。 (styuning muhimligini yana bir bor his qildim.)
第14課 イベント・行事,シンボル,シンボル,shinboru,ramz,symbol,シンボルの大切さを改めて実感しました。 (ramzning muhimligini yana bir bor his qildim.)
第14課 イベント・行事,スイカ,スイカ,suika,tarvuz,watermelon,スイカの大切さを改めて実感しました。 (tarvuzning muhimligini yana bir bor his qildim.)
第14課 イベント・行事,スタート・する,スタート・する,sutaato-suru,boshlamoq,start,計画通りにスタートを行いました。 (Rejaga muvofiq boshlamoqni amalga oshirdik.)
第14課 イベント・行事,ストーブ,ストーブ,sutoobu,isitgich,"stove, space heater",ストーブの大切さを改めて実感しました。 (isitgichning muhimligini yana bir bor his qildim.)
第14課 イベント・行事,チェス,チェス,chesu,shaxmat,chess,チェスの大切さを改めて実感しました。 (shaxmatning muhimligini yana bir bor his qildim.)
第14課 イベント・行事,テコンドー,テコンドー,tekondoo,taekvondo,tae kwon do,テコンドーの大切さを改めて実感しました。 (taekvondoning muhimligini yana bir bor his qildim.)
第14課 イベント・行事,ハロウィーン,ハロウィーン,harowiin',Hellouin,Halloween,ハロウィーンの大切さを改めて実感しました。 (Hellouinning muhimligini yana bir bor his qildim.)
第14課 イベント・行事,ハンカチ,ハンカチ,hankachi,ro'molcha,handkerchief,ハンカチの大切さを改めて実感しました。 (ro'molchaning muhimligini yana bir bor his qildim.)
第14課 イベント・行事,ヒット・する,ヒット・する,hitto-suru,"xit bo'lmoq, mashhur bo'lmoq",be a hit,計画通りにヒットを行いました。 (Rejaga muvofiq xit bo'lmoqni amalga oshirdik.)
第14課 イベント・行事,ブルーベリー,ブルーベリー,buruuberii,blueberry (ko'k mevali buta mevasi),blueberry,新鮮なブルーベリーを美味しくいただきました。 (Yangi blueberryni mazza qilib tanovul qildik.)
第14課 イベント・行事,ミカン,ミカン,mikan',mandarin,tangerine,ミカンの大切さを改めて実感しました。 (mandarinning muhimligini yana bir bor his qildim.)
第14課 イベント・行事,メジャー（な）,メジャー（な）,mejaana,"asosiy, yirik",major,この方法はとてもメジャーだと思います。 (Bu usul juda asosiy deb hisoblayman.)
第14課 イベント・行事,ユズ,ユズ,yuzu,yuzu (yapon sitrus mevasi),yuzu (Chinese lemon),新鮮なユズを美味しくいただきました。 (Yangi yuzuni mazza qilib tanovul qildik.)
第14課 イベント・行事,ライター,ライター,raitaa,zajigalka,lighter,ライターの大切さを改めて実感しました。 (zajigalkaning muhimligini yana bir bor his qildim.)
第14課 イベント・行事,ランドセル,ランドセル,randoseru,randoseru (boshlang'ich sinf o'quvchisi sumkasi),"satchel, school backpack for elementary school",お気に入りのランドセルを身につけました。 (Sevimli randoseruimni kiyib (taqib) oldim.)
第14課 イベント・行事,七五三,しちごさん,shichigosan',"Sichi-go-san (3,5,7 yoshli bolalar bayrami)",(Festival celebrating the growth of children for boys when they are three and five years old and for girls when they are three and,七五三と親しく話をしました。 (Sichi-go-san bilan yaqindan suhbatlashdim.)
第14課 イベント・行事,先祖,せんぞ,senzo,ajdodlar,ancestor,先祖の大切さを改めて実感しました。 (ajdodlarning muhimligini yana bir bor his qildim.)
第14課 イベント・行事,冬至,とうじ,touji,qishki quyosh turishi (22-dekabr atrofi),winter solstice,冬至の大切さを改めて実感しました。 (qishki quyosh turishining muhimligini yana bir bor his qildim.)
第14課 イベント・行事,包む,つつむ,tsutsumu,o'ramoq,"wrap up, roll up",毎日しっかりと包むように努力しています。 (Har kuni astoydil o'ramoqga intilaman.)
第14課 イベント・行事,土用の丑の日,どようのうしのひ,doyounoushinohi,doyo no ushi no hi (yozda ilonbaliq yeyiladigan kun),Midsummer Day of the Ox Welcoming cat,新鮮な土用の丑の日を美味しくいただきました。 (Yangi doyo no ushi no hini mazza qilib tanovul qildik.)
第14課 イベント・行事,増える,ふえる,fueru,"ko'paymoq, ortmoq","increase, grow in number",毎日しっかりと増えるように努力しています。 (Har kuni astoydil ko'paymoqga intilaman.)
第14課 イベント・行事,夏バテ・する,なつバテ・する,natsubate-suru,yoz issig'idan holdan toymoq,suffer from the summer heat,計画通りに夏バテを行いました。 (Rejaga muvofiq yoz issig'idan holdan toymoqni amalga oshirdik.)
第14課 イベント・行事,大勢,おおぜい,oozei,"ko'p odam, olomon","crowd, in large numbers",大勢と親しく話をしました。 (ko'p odam bilan yaqindan suhbatlashdim.)
第14課 イベント・行事,大晦日,おおみそか,oomisoka,yilning oxirgi kuni (31-dekabr),new year's eve,大晦日の大切さを改めて実感しました。 (yilning oxirgi kunining muhimligini yana bir bor his qildim.)
第14課 イベント・行事,奨学金,しょうがくきん,shougakukin',stipendiya,scholarship,奨学金の大切さを改めて実感しました。 (stipendiyaning muhimligini yana bir bor his qildim.)
第14課 イベント・行事,女の子,おんなのこ,onnanoko,qiz bola,girl traditional New Year's,女の子と親しく話をしました。 (qiz bola bilan yaqindan suhbatlashdim.)
第14課 イベント・行事,嫌（な）,いや（な）,iyana,"yoqmaydigan, noxush","disagreeable, unpleasant",この方法はとても嫌だと思います。 (Bu usul juda yoqmaydigan deb hisoblayman.)
第14課 イベント・行事,将棋,しょうぎ,shougi,shogi (yapon shaxmati),shogi (Japanese chess),将棋の大切さを改めて実感しました。 (shogining muhimligini yana bir bor his qildim.)
第14課 イベント・行事,山車,だし,dashi,karnaval aravasi (bayram aravasi),parade float,山車の大切さを改めて実感しました。 (karnaval aravasining muhimligini yana bir bor his qildim.)
第14課 イベント・行事,布,ぬの,nuno,mato,fabric,布の大切さを改めて実感しました。 (matoning muhimligini yana bir bor his qildim.)
第14課 イベント・行事,年,とし,toshi,yosh; yil,"age, year",年の大切さを改めて実感しました。 (yoshning muhimligini yana bir bor his qildim.)
第14課 イベント・行事,年賀状,ねんがじょう,nengajou,Yangi yil tabriknomasi,new year's greeting card,年賀状の大切さを改めて実感しました。 (Yangi yil tabriknomasining muhimligini yana bir bor his qildim.)
第14課 イベント・行事,彼,かれ,kare,u (erkak); yigit do'sti,he,彼と親しく話をしました。 (u bilan yaqindan suhbatlashdim.)
第14課 イベント・行事,彼女,かのじょ,kanojo,u (ayol); qiz do'sti,she,彼女と親しく話をしました。 (u bilan yaqindan suhbatlashdim.)
第14課 イベント・行事,感謝・する,かんしゃ・する,kansha-suru,minnatdorchilik bildirmoq,"thank, express appreciation",計画通りに感謝を行いました。 (Rejaga muvofiq minnatdorchilik bildirmoqni amalga oshirdik.)
第14課 イベント・行事,成人式,せいじんしき,seijinshiki,Voyaga yetganlik marosimi (20 yosh),(Event celebrating when a person reaches 20 years old and is therefore considered an adult),成人式の大切さを改めて実感しました。 (Voyaga yetganlik marosimining muhimligini yana bir bor his qildim.)
第14課 イベント・行事,成長・する,せいちょう・する,seichou-suru,"o'smoq, rivojlanmoq","grow, develop",計画通りに成長を行いました。 (Rejaga muvofiq o'smoqni amalga oshirdik.)
第14課 イベント・行事,招き猫,まねきねこ,manekineko,maneki-neko (baxt keltiruvchi mushuk haykalchasi),(Statue of a cat with its front paw beckoning customers that is used as a decoration for storefronts,招き猫の大切さを改めて実感しました。 (maneki-nekoning muhimligini yana bir bor his qildim.)
第14課 イベント・行事,支援・する,しえん・する,shien-suru,qo'llab-quvvatlamoq,support,計画通りに支援を行いました。 (Rejaga muvofiq qo'llab-quvvatlamoqni amalga oshirdik.)
第14課 イベント・行事,敬老の日,けいろうのひ,keirounohi,Keksalarni hurmat qilish kuni,(A national holiday held on the 3rd month of September for revering the elderly and wishing them a,敬老の日の大切さを改めて実感しました。 (Keksalarni hurmat qilish kunining muhimligini yana bir bor his qildim.)
第14課 イベント・行事,数,かず,kazu,"son, miqdor",number,数の大切さを改めて実感しました。 (sonning muhimligini yana bir bor his qildim.)
第14課 イベント・行事,新年,しんねん,shinnen',Yangi yil,seven years old) New Year's Day Coming-of-Age Ceremony,新年の大切さを改めて実感しました。 (Yangi yilning muhimligini yana bir bor his qildim.)
第14課 イベント・行事,気にする,きにする,kinisuru,"xavotir olmoq, o'ylab yurmoq","feel uneasy, be worried (about)",毎日しっかりと気にするように努力しています。 (Har kuni astoydil xavotir olmoqga intilaman.)
第14課 イベント・行事,涙,なみだ,namida,ko'z yoshi,tears,涙の大切さを改めて実感しました。 (ko'z yoshining muhimligini yana bir bor his qildim.)
第14課 イベント・行事,漫画家,まんがか,mangaka,"mangachi, komiks muallifi",cartoonist,漫画家の大切さを改めて実感しました。 (mangachining muhimligini yana bir bor his qildim.)
第14課 イベント・行事,火事,かじ,kaji,yong'in,fire,火事の大切さを改めて実感しました。 (yong'inning muhimligini yana bir bor his qildim.)
第14課 イベント・行事,焼き鳥,やきとり,yakitori,yakitori (sixga o'tkazilgan tovuq),yakitori (skewered grilled chicken),焼き鳥の大切さを改めて実感しました。 (yakitorining muhimligini yana bir bor his qildim.)
第14課 イベント・行事,発音・する,はつおん・する,hatsuon-suru,talaffuz qilmoq,pronounce,計画通りに発音を行いました。 (Rejaga muvofiq talaffuz qilmoqni amalga oshirdik.)
第14課 イベント・行事,祈る,いのる,inoru,"ibodat qilmoq, tilak tilamoq",pray,毎日しっかりと祈るように努力しています。 (Har kuni astoydil ibodat qilmoqga intilaman.)
第14課 イベント・行事,祝う,いわう,iwau,"nishonlamoq, tabriklamoq","celebrate, mark an occasion of, congratulate on",毎日しっかりと祝うように努力しています。 (Har kuni astoydil nishonlamoqga intilaman.)
第14課 イベント・行事,空手,からて,karate,karate,karate,空手の大切さを改めて実感しました。 (karatening muhimligini yana bir bor his qildim.)
第14課 イベント・行事,節分,せつぶん,setsubun',"Setsubun (qishning an'anaviy tugash kuni, loviya otish odati)","Traditional end of winter (Held the day before the traditional beginning of spring (around February 3). On the evening of this day, beans are thrown around the house to ward off evil)",節分の大切さを改めて実感しました。 (Setsubunning muhimligini yana bir bor his qildim.)
第14課 イベント・行事,置物,おきもの,okimono,bezak buyumi,ornament,置物の大切さを改めて実感しました。 (bezak buyumining muhimligini yana bir bor his qildim.)
第14課 イベント・行事,菊,きく,kiku,xrizantema,chrysanthemum,菊の大切さを改めて実感しました。 (xrizantemaning muhimligini yana bir bor his qildim.)
第14課 イベント・行事,行事,ぎょうじ,gyouji,"tadbir, marosim","celebrate the New Year) event, occasion Respect-for-the-Aged Day",行事の大切さを改めて実感しました。 (tadbirning muhimligini yana bir bor his qildim.)
第14課 イベント・行事,豆,まめ,mame,"loviya, no'xat",bean,豆の大切さを改めて実感しました。 (loviyaning muhimligini yana bir bor his qildim.)
第14課 イベント・行事,贈る,おくる,okuru,sovg'a qilmoq,give a gift,毎日しっかりと贈るように努力しています。 (Har kuni astoydil sovg'a qilmoqga intilaman.)
第14課 イベント・行事,踊る,おどる,odoru,raqsga tushmoq,dance,毎日しっかりと踊るように努力しています。 (Har kuni astoydil raqsga tushmoqga intilaman.)
第14課 イベント・行事,連想・する,れんそう・する,rensou-suru,"assotsiatsiya qilmoq, bog'lab o'ylamoq",make an association of ideas,計画通りに連想を行いました。 (Rejaga muvofiq assotsiatsiya qilmoqni amalga oshirdik.)
第14課 イベント・行事,連載・する,れんさい・する,rensai-suru,(nashrda) davomli chiqarilmoq,appear serially (in a publication),計画通りに連載を行いました。 (Rejaga muvofiq ni amalga oshirdik.)
第14課 イベント・行事,遊び,あそび,asobi,"o'yin, sayr","and other locations) game, play",遊びの大切さを改めて実感しました。 (o'yinning muhimligini yana bir bor his qildim.)
第14課 イベント・行事,長生き・する,ながいき・する,nagaiki-suru,uzoq umr ko'rmoq,live a long life,計画通りに長生きを行いました。 (Rejaga muvofiq uzoq umr ko'rmoqni amalga oshirdik.)
第14課 イベント・行事,食器,しょっき,shokki,idish-tovoq,"dishes, tableware",食器の大切さを改めて実感しました。 (idish-tovoqning muhimligini yana bir bor his qildim.)
第14課 イベント・行事,飾る,かざる,kazaru,bezatmoq,"decorate, put up a decoration",毎日しっかりと飾るように努力しています。 (Har kuni astoydil bezatmoqga intilaman.)
第14課 イベント・行事,餃子,ぎょうざ,gyouza,gyoza (qovurilgan chuchvara),"dumpling, potstickers",餃子の大切さを改めて実感しました。 (gyozaning muhimligini yana bir bor his qildim.)
第14課 イベント・行事,鬼,おに,oni,"jin, iblis","demon, devil",鬼の大切さを改めて実感しました。 (jinning muhimligini yana bir bor his qildim.)
第14課 イベント・行事,（お）正月,（お）しょうがつ,oshougatsu,Yangi yil bayrami,long life) New Year's holidays Seven-Five-Three Festival,正月の大切さを改めて実感しました。 (Yangi yil bayramining muhimligini yana bir bor his qildim.)
第14課 イベント・行事,（お）葬式,（お）そうしき,osoushiki,dafn marosimi,funeral ceremony,葬式の大切さを改めて実感しました。 (dafn marosimining muhimligini yana bir bor his qildim.)
第14課 イベント・行事,（お）見舞,（お）みまい,omimai,bemorni ziyorat qilish,visit a sick person,見舞の大切さを改めて実感しました。 (bemorni ziyorat qilishning muhimligini yana bir bor his qildim.)
第14課 イベント・行事,（お）赤飯,（お）せきはん,osekihan',bayram qizil guruchi (sekihan),of young girls) festive red rice,赤飯と親しく話をしました。 (bayram qizil guruchi bilan yaqindan suhbatlashdim.)
第14課 イベント・行事,（お）金持ち,（お）かねもち,okanemochi,"boy, badavlat odam",rich person,金持ちと親しく話をしました。 (boy bilan yaqindan suhbatlashdim.)
第14課 イベント・行事,５円玉,５えんだま,５endama,5 yenlik tanga,five yen coin,５円玉の大切さを改めて実感しました。 (5 yenlik tanganing muhimligini yana bir bor his qildim.)
第14課 イベント・行事,～型（例：Ａ型）,～がた（れい：Ａがた,~gatarei：Ａgata,~ guruh (masalan: A qon guruhi),type ~ (example: type A),Ａ型を確認しました。 (Ａ型ni tekshirib tasdiqladim.)
第14課 イベント・行事,～県（例：長崎県）,～けん（れい：ながさきけん,~kenrei：nagasakiken',~ prefektura (masalan: Nagasaki prefekturasi),prefecture (example: Nagasaki prefecture),長崎県を確認しました。 (長崎県ni tekshirib tasdiqladim.)
第14課 イベント・行事,～祝い（例：結婚祝）,～いわい（れい：けっこんいわ,~iwairei：kekkon'iwa,~ munosabati bilan (masalan: to'y sovg'asi),in celebration of ~ (example: wedding present),結婚祝を確認しました。 (結婚祝ni tekshirib tasdiqladim.)
第14課 イベント・行事,～部,～ぶ,~bu,~ bo'lim,"~ department, ~ section",部の大切さを改めて実感しました。 (~ bo'limning muhimligini yana bir bor his qildim.)
第15課 気になるニュース,いろんな,いろんな,ironna,turli-tuman,various,いろんなの大切さを改めて実感しました。 (turli-tumanning muhimligini yana bir bor his qildim.)
第15課 気になるニュース,しかし,しかし,shikashi,"ammo, biroq","very however, but",しかしの大切さを改めて実感しました。 (ammoning muhimligini yana bir bor his qildim.)
第15課 気になるニュース,どんどん,どんどん,dondon',"tobora, jadal",more and more,どんどんの大切さを改めて実感しました。 (toboraning muhimligini yana bir bor his qildim.)
第15課 気になるニュース,ほとんど,ほとんど,hotondo,deyarli (ko'p hollarda 'emas' bilan),hardly,ほとんどの大切さを改めて実感しました。 (deyarlining muhimligini yana bir bor his qildim.)
第15課 気になるニュース,アンケート・する,アンケート・する,ankeeto-suru,so'rovnoma o'tkazmoq,take a survey,計画通りにアンケートを行いました。 (Rejaga muvofiq so'rovnoma o'tkazmoqni amalga oshirdik.)
第15課 気になるニュース,インタビュー・する,インタビュー・する,intabyuu-suru,intervyu olmoq,interview,計画通りにインタビューを行いました。 (Rejaga muvofiq intervyu olmoqni amalga oshirdik.)
第15課 気になるニュース,インフルエンザ,インフルエンザ,infuruenza,gripp,"flu, influenza",インフルエンザの大切さを改めて実感しました。 (grippning muhimligini yana bir bor his qildim.)
第15課 気になるニュース,クッキー,クッキー,kukkii,pechenye,cookie,クッキーの大切さを改めて実感しました。 (pechenyening muhimligini yana bir bor his qildim.)
第15課 気になるニュース,グラフ,グラフ,gurafu,"grafik, diagramma",graph,グラフの大切さを改めて実感しました。 (grafikning muhimligini yana bir bor his qildim.)
第15課 気になるニュース,ダウンロード・する,ダウンロード・する,daunroodo-suru,yuklab olmoq,download,計画通りにダウンロードを行いました。 (Rejaga muvofiq yuklab olmoqni amalga oshirdik.)
第15課 気になるニュース,ポスター,ポスター,posutaa,"plakat, afisha",poster,ポスターの大切さを改めて実感しました。 (plakatning muhimligini yana bir bor his qildim.)
第15課 気になるニュース,レコード,レコード,rekoodo,plastinka (yozuv); rekord,record,レコードの大切さを改めて実感しました。 (plastinkaning muhimligini yana bir bor his qildim.)
第15課 気になるニュース,下がる,さがる,sagaru,"tushmoq, pasaymoq","fall, drop",毎日しっかりと下がるように努力しています。 (Har kuni astoydil tushmoqga intilaman.)
第15課 気になるニュース,事情,じじょう,jijou,"vaziyat, holat, sharoit","situation, circumstances, conditions",事情の大切さを改めて実感しました。 (vaziyatning muhimligini yana bir bor his qildim.)
第15課 気になるニュース,値段が下がる。,ねだんがさがる。,nedangasagaru,Narx tushadi.,the price drops,値段が下がる。 (Narx tushadi.)
第15課 気になるニュース,円高,えんだか,endaka,yenning qimmatlashuvi,"strong yen, yen appreciation",円高の大切さを改めて実感しました。 (yenning qimmatlashuvining muhimligini yana bir bor his qildim.)
第15課 気になるニュース,北極,ほっきょく,hokkyoku,Shimoliy qutb,north pole,北極の大切さを改めて実感しました。 (Shimoliy qutbning muhimligini yana bir bor his qildim.)
第15課 気になるニュース,南極,なんきょく,nankyoku,Janubiy qutb (Antarktida),south pole,南極の大切さを改めて実感しました。 (Janubiy qutbning muhimligini yana bir bor his qildim.)
第15課 気になるニュース,危険（な）,きけん（な）,kikenna,xavfli,"dangerous, hazardous",この方法はとても危険だと思います。 (Bu usul juda xavfli deb hisoblayman.)
第15課 気になるニュース,原因,げんいん,gen'in',"sabab, sababchi",cause,原因の大切さを改めて実感しました。 (sababning muhimligini yana bir bor his qildim.)
第15課 気になるニュース,咲く,さく,saku,gullamoq,blossom,毎日しっかりと咲くように努力しています。 (Har kuni astoydil gullamoqga intilaman.)
第15課 気になるニュース,問題,もんだい,mondai,"muammo, masala","problem, issue",問題の大切さを改めて実感しました。 (muammoning muhimligini yana bir bor his qildim.)
第15課 気になるニュース,地球,ちきゅう,chikyuu,Yer sayyorasi,the Earth,地球の大切さを改めて実感しました。 (Yer sayyorasining muhimligini yana bir bor his qildim.)
第15課 気になるニュース,大成功,だいせいこう,daiseikou,katta muvaffaqiyat,great success,大成功の大切さを改めて実感しました。 (katta muvaffaqiyatning muhimligini yana bir bor his qildim.)
第15課 気になるニュース,女性,じょせい,josei,ayol,female,女性の大切さを改めて実感しました。 (ayolning muhimligini yana bir bor his qildim.)
第15課 気になるニュース,来日・する,らいにち・する,rainichi-suru,Yaponiyaga kelmoq,visit Japan,計画通りに来日を行いました。 (Rejaga muvofiq Yaponiyaga kelmoqni amalga oshirdik.)
第15課 気になるニュース,欠席・する,けっせき・する,kesseki-suru,"qatnashmaslik, kelmaslik","be absent, not attend",計画通りに欠席を行いました。 (Rejaga muvofiq qatnashmaslikni amalga oshirdik.)
第15課 気になるニュース,比べる,くらべる,kuraberu,solishtirmoq,compare,毎日しっかりと比べるように努力しています。 (Har kuni astoydil solishtirmoqga intilaman.)
第15課 気になるニュース,気温,きおん,kion',havo harorati,air temperature,気温の大切さを改めて実感しました。 (havo haroratining muhimligini yana bir bor his qildim.)
第15課 気になるニュース,汚い,きたない,kitanai,"iflos, kir",dirty,"とても汚いので、気をつけてください。 (Juda iflos bo'lgani uchun, ehtiyot bo'ling.)"
第15課 気になるニュース,洋服,ようふく,youfuku,g'arbona kiyim,(Western-style) clothing,洋服と親しく話をしました。 (g'arbona kiyim bilan yaqindan suhbatlashdim.)
第15課 気になるニュース,流行・する,りゅうこう・する,ryuukou-suru,"modaga kirmoq, ommalashmoq","become fashionable, popular",計画通りに流行を行いました。 (Rejaga muvofiq modaga kirmoqni amalga oshirdik.)
第15課 気になるニュース,減る,へる,heru,kamaymoq,"decrease, reduce in number",毎日しっかりと減るように努力しています。 (Har kuni astoydil kamaymoqga intilaman.)
第15課 気になるニュース,溶ける,とける,tokeru,erimoq,melt,毎日しっかりと溶けるように努力しています。 (Har kuni astoydil erimoqga intilaman.)
第15課 気になるニュース,理由,りゆう,riyuu,"sabab, vaj",reason,理由の大切さを改めて実感しました。 (sababning muhimligini yana bir bor his qildim.)
第15課 気になるニュース,男性,だんせい,dansei,erkak,male,男性の大切さを改めて実感しました。 (erkakning muhimligini yana bir bor his qildim.)
第15課 気になるニュース,発表・する,はっぴょう・する,happyou-suru,"e'lon qilmoq, taqdim etmoq",announce,計画通りに発表を行いました。 (Rejaga muvofiq e'lon qilmoqni amalga oshirdik.)
第15課 気になるニュース,直接,ちょくせつ,chokusetsu,bevosita,direct,直接の大切さを改めて実感しました。 (bevositaning muhimligini yana bir bor his qildim.)
第15課 気になるニュース,知り合い,しりあい,shiriai,"tanish, tanish-bilish",acquaintance,"とても知り合いので、気をつけてください。 (Juda tanish bo'lgani uchun, ehtiyot bo'ling.)"
第15課 気になるニュース,研究が進む。,けんきゅうがすすむ。,kenkyuugasusumu,Tadqiqot ilgarilayapti.,"""The research moves forward.""",研究が進む。 (Tadqiqot ilgarilayapti.)
第15課 気になるニュース,積極的（な）,せっきょくてき（な）,sekkyokutekina,"faol, tashabbuskor","proactive, positive",この方法はとても積極的だと思います。 (Bu usul juda faol deb hisoblayman.)
第15課 気になるニュース,立入禁止,たちいりきんし,tachiirikinshi,kirish taqiqlangan,entry prohibited,立入禁止の大切さを改めて実感しました。 (kirish taqiqlanganning muhimligini yana bir bor his qildim.)
第15課 気になるニュース,約,やく,yaku,taxminan,"about, approximately",約の大切さを改めて実感しました。 (taxminanning muhimligini yana bir bor his qildim.)
第15課 気になるニュース,自信,じしん,jishin',"ishonch, o'ziga ishonch",confidence,自信の大切さを改めて実感しました。 (ishonchning muhimligini yana bir bor his qildim.)
第15課 気になるニュース,英会話,えいかいわ,eikaiwa,ingliz tilida suhbat,English conversation,英会話の大切さを改めて実感しました。 (ingliz tilida suhbatning muhimligini yana bir bor his qildim.)
第15課 気になるニュース,貿易,ぼうえき,boueki,tashqi savdo,foreign trade,貿易の大切さを改めて実感しました。 (tashqi savdoning muhimligini yana bir bor his qildim.)
第15課 気になるニュース,輸入・する,ゆにゅう・する,yunyuu-suru,"import qilmoq, chetdan keltirmoq",import,計画通りに輸入を行いました。 (Rejaga muvofiq import qilmoqni amalga oshirdik.)
第15課 気になるニュース,輸出・する,ゆしゅつ・する,yushutsu-suru,eksport qilmoq,export,計画通りに輸出を行いました。 (Rejaga muvofiq eksport qilmoqni amalga oshirdik.)
第15課 気になるニュース,進む,すすむ,susumu,"oldinga siljimoq, rivojlanmoq","move forward, advance",毎日しっかりと進むように努力しています。 (Har kuni astoydil oldinga siljimoqga intilaman.)
第15課 気になるニュース,過ごす,すごす,sugosu,vaqt o'tkazmoq,spend time,毎日しっかりと過ごすように努力しています。 (Har kuni astoydil vaqt o'tkazmoqga intilaman.)
第15課 気になるニュース,食料品,しょくりょうひん,shokuryouhin',oziq-ovqat mahsulotlari,food items,新鮮な食料品を美味しくいただきました。 (Yangi oziq-ovqat mahsulotlarini mazza qilib tanovul qildik.)
第15課 気になるニュース,飼う,かう,kau,boqmoq (hayvon),raise (a pet or other animal),毎日しっかりと飼うように努力しています。 (Har kuni astoydil boqmoqga intilaman.)
第15課 気になるニュース,（お）礼,（お）れい,orei,"minnatdorchilik, rahmat","thanks, appreciation",礼の大切さを改めて実感しました。 (minnatdorchilikning muhimligini yana bir bor his qildim.)
第15課 気になるニュース,～によると,～によると,~niyoruto,"~ ga ko'ra, ~ ning aytishicha",according to ~,によるとの大切さを改めて実感しました。 (~ ga ko'raning muhimligini yana bir bor his qildim.)
第15課 気になるニュース,～倍（例：２倍）,～ばい（れい：２ばい,~bairei：２bai,~ barobar,by ~ times (example: twice as much),２倍を確認しました。 (２倍ni tekshirib tasdiqladim.)
第15課 気になるニュース,～化（例：温暖化）,～か（れい：おんだんか,~karei：ondanka,~lashuv (masalan: global isish),change into ~ (example: global warming),温暖化を確認しました。 (温暖化ni tekshirib tasdiqladim.)
第1回 模擬テスト,一瞬,いっしゅん,isshun',bir lahzada,,一瞬の大切さを改めて実感しました。 (bir lahzadaning muhimligini yana bir bor his qildim.)
第1回 模擬テスト,予想,よそう,yosou,"prognoz, taxmin",,予想の大切さを改めて実感しました。 (prognozning muhimligini yana bir bor his qildim.)
第1回 模擬テスト,人生,じんせい,jinsei,hayot,,人生の大切さを改めて実感しました。 (hayotning muhimligini yana bir bor his qildim.)
第1回 模擬テスト,以前,いぜん,izen',"ilgari, avval",,以前の大切さを改めて実感しました。 (ilgarining muhimligini yana bir bor his qildim.)
第1回 模擬テスト,休日出勤,きゅうじつしゅっきん,kyuujitsushukkin',dam olish kunida ishlash,,休日出勤の大切さを改めて実感しました。 (dam olish kunida ishlashning muhimligini yana bir bor his qildim.)
第1回 模擬テスト,低い,ひくい,hikui,past,,"とても低いので、気をつけてください。 (Juda past bo'lgani uchun, ehtiyot bo'ling.)"
第1回 模擬テスト,低温,ていおん,teion',past harorat,,低温の大切さを改めて実感しました。 (past haroratning muhimligini yana bir bor his qildim.)
第1回 模擬テスト,優勝,ゆうしょう,yuushou,"chempionlik, g'oliblik",,優勝の大切さを改めて実感しました。 (chempionlikning muhimligini yana bir bor his qildim.)
第1回 模擬テスト,光,ひかり,hikari,"yorug'lik, nur",,光の大切さを改めて実感しました。 (yorug'likning muhimligini yana bir bor his qildim.)
第1回 模擬テスト,公式,こうしき,koushiki,rasmiy; formula,,公式の大切さを改めて実感しました。 (rasmiyning muhimligini yana bir bor his qildim.)
第1回 模擬テスト,出す,だす,dasu,chiqarmoq,,毎日しっかりと出すように努力しています。 (Har kuni astoydil chiqarmoqga intilaman.)
第1回 模擬テスト,参考,さんこう,sankou,"ma'lumot uchun, havola",,参考の大切さを改めて実感しました。 (ma'lumot uchunning muhimligini yana bir bor his qildim.)
第1回 模擬テスト,商品,しょうひん,shouhin',"mahsulot, tovar",,商品の大切さを改めて実感しました。 (mahsulotning muhimligini yana bir bor his qildim.)
第1回 模擬テスト,商品券,しょうひんけん,shouhinken',sovg'a taloni,,商品券の大切さを改めて実感しました。 (sovg'a talonining muhimligini yana bir bor his qildim.)
第1回 模擬テスト,国民,こくみん,kokumin',"xalq, fuqarolar",,国民の大切さを改めて実感しました。 (xalqning muhimligini yana bir bor his qildim.)
第1回 模擬テスト,国際,こくさい,kokusai,xalqaro,,国際の大切さを改めて実感しました。 (xalqaroning muhimligini yana bir bor his qildim.)
第1回 模擬テスト,地域,ちいき,chiiki,"hudud, mintaqa",,地域の大切さを改めて実感しました。 (hududning muhimligini yana bir bor his qildim.)
第1回 模擬テスト,太陽,たいよう,taiyou,quyosh,,太陽の大切さを改めて実感しました。 (quyoshning muhimligini yana bir bor his qildim.)
第1回 模擬テスト,太陽光発電,たいようこうはつでん,taiyoukouhatsuden',quyosh energiyasi (elektr),,太陽光発電の大切さを改めて実感しました。 (quyosh energiyasining muhimligini yana bir bor his qildim.)
第1回 模擬テスト,屋根,やね,yane,tom,,屋根の大切さを改めて実感しました。 (tomning muhimligini yana bir bor his qildim.)
第1回 模擬テスト,年寄り,としより,toshiyori,keksa kishi,,年寄りと親しく話をしました。 (keksa kishi bilan yaqindan suhbatlashdim.)
第1回 模擬テスト,彼女,かのじょ,kanojo,u (ayol),,彼女の大切さを改めて実感しました。 (uning muhimligini yana bir bor his qildim.)
第1回 模擬テスト,技術力,ぎじゅつりょく,gijutsuryoku,texnik qobiliyat,,技術力の大切さを改めて実感しました。 (texnik qobiliyatning muhimligini yana bir bor his qildim.)
第1回 模擬テスト,故障,こしょう,koshou,"nosozlik, buzilish",,故障の大切さを改めて実感しました。 (nosozlikning muhimligini yana bir bor his qildim.)
第1回 模擬テスト,文字,もじ,moji,"harf, yozuv",,文字の大切さを改めて実感しました。 (harfning muhimligini yana bir bor his qildim.)
第1回 模擬テスト,新商品,しんしょうひん,shinshouhin',yangi mahsulot,,新商品の大切さを改めて実感しました。 (yangi mahsulotning muhimligini yana bir bor his qildim.)
第1回 模擬テスト,最近,さいきん,saikin',"yaqinda, so'nggi paytlarda",,最近の大切さを改めて実感しました。 (yaqindaning muhimligini yana bir bor his qildim.)
第1回 模擬テスト,欠点,けってん,ketten',"kamchilik, nuqson",,欠点の大切さを改めて実感しました。 (kamchilikning muhimligini yana bir bor his qildim.)
第1回 模擬テスト,歴史,れきし,rekishi,tarix,,日本の古い歴史に興味があります。 (Yaponiyaning qadimiy tarixiga qiziqaman.)
第1回 模擬テスト,死亡率,しぼうりつ,shibouritsu,o'lim darajasi,,死亡率の大切さを改めて実感しました。 (o'lim darajasining muhimligini yana bir bor his qildim.)
第1回 模擬テスト,残る,のこる,nokoru,qolmoq,,毎日しっかりと残るように努力しています。 (Har kuni astoydil qolmoqga intilaman.)
第1回 模擬テスト,洗濯機,せんたくき,sentakuki,kir yuvish mashinasi,,洗濯機の大切さを改めて実感しました。 (kir yuvish mashinasining muhimligini yana bir bor his qildim.)
第1回 模擬テスト,消費者,しょうひしゃ,shouhisha,iste'molchi,,消費者の大切さを改めて実感しました。 (iste'molchining muhimligini yana bir bor his qildim.)
第1回 模擬テスト,源氏物語,げんじものがたり,genjimonogatari,Genji monogatari (asar),,源氏物語の大切さを改めて実感しました。 (Genji monogatarining muhimligini yana bir bor his qildim.)
第1回 模擬テスト,物騒,ぶっそう,bussou,"xavfli, notinch",,物騒の大切さを改めて実感しました。 (xavflining muhimligini yana bir bor his qildim.)
第1回 模擬テスト,献立,こんだて,kondate,"menyu, taomnoma",,新鮮な献立を美味しくいただきました。 (Yangi menyuni mazza qilib tanovul qildik.)
第1回 模擬テスト,生む,うむ,umu,tug'moq; yaratmoq,,毎日しっかりと生むように努力しています。 (Har kuni astoydil tug'moqga intilaman.)
第1回 模擬テスト,私鉄,してつ,shitetsu,xususiy temir yo'l,,私鉄の大切さを改めて実感しました。 (xususiy temir yo'lning muhimligini yana bir bor his qildim.)
第1回 模擬テスト,節約,せつやく,setsuyaku,"tejash, tejamkorlik",,節約の大切さを改めて実感しました。 (tejashning muhimligini yana bir bor his qildim.)
第1回 模擬テスト,若い,わかい,wakai,yosh,,"とても若いので、気をつけてください。 (Juda yosh bo'lgani uchun, ehtiyot bo'ling.)"
第1回 模擬テスト,荒れる,あれる,areru,"buzilmoq, qo'pollashmoq",,毎日しっかりと荒れるように努力しています。 (Har kuni astoydil buzilmoqga intilaman.)
第1回 模擬テスト,行儀,ぎょうぎ,gyougi,"odob, xulq",,行儀の大切さを改めて実感しました。 (odobning muhimligini yana bir bor his qildim.)
第1回 模擬テスト,衛生,えいせい,eisei,"gigiyena, sanitariya",,衛生の大切さを改めて実感しました。 (gigiyenaning muhimligini yana bir bor his qildim.)
第1回 模擬テスト,記憶,きおく,kioku,xotira,,記憶の大切さを改めて実感しました。 (xotiraning muhimligini yana bir bor his qildim.)
第1回 模擬テスト,誘う,さそう,sasou,"taklif qilmoq, chorlamoq",,毎日しっかりと誘うように努力しています。 (Har kuni astoydil taklif qilmoqga intilaman.)
第1回 模擬テスト,近道,ちかみち,chikamichi,yaqin yo'l,,近道の大切さを改めて実感しました。 (yaqin yo'lning muhimligini yana bir bor his qildim.)
第1回 模擬テスト,選挙,せんきょ,senkyo,saylov,,選挙の大切さを改めて実感しました。 (saylovning muhimligini yana bir bor his qildim.)
第1回 模擬テスト,野球,やきゅう,yakyuu,beysbol,,野球の大切さを改めて実感しました。 (beysbolning muhimligini yana bir bor his qildim.)
第1回 模擬テスト,静か,しずか,shizuka,"jim, sokin",,静かの大切さを改めて実感しました。 (jimning muhimligini yana bir bor his qildim.)
第1回 模擬テスト,高山植物,こうざんしょくぶつ,kouzanshokubutsu,tog' o'simliklari,,高山植物の大切さを改めて実感しました。 (tog' o'simliklarining muhimligini yana bir bor his qildim.)
第2回 模擬テスト,人生,じんせい,jinsei,hayot,,人生の大切さを改めて実感しました。 (hayotning muhimligini yana bir bor his qildim.)
第2回 模擬テスト,仲良く,なかよく,nakayoku,yaxshi munosabatda,,毎日しっかりと仲良くように努力しています。 (Har kuni astoydil yaxshi munosabatdaga intilaman.)
第2回 模擬テスト,休日出勤,きゅうじつしゅっきん,kyuujitsushukkin',dam olish kunida ishlash,,休日出勤の大切さを改めて実感しました。 (dam olish kunida ishlashning muhimligini yana bir bor his qildim.)
第2回 模擬テスト,信じる,しんじる,shinjiru,ishonmoq,,毎日しっかりと信じるように努力しています。 (Har kuni astoydil ishonmoqga intilaman.)
第2回 模擬テスト,信条,しんじょう,shinjou,"e'tiqod, aqida",,信条の大切さを改めて実感しました。 (e'tiqodning muhimligini yana bir bor his qildim.)
第2回 模擬テスト,俳優,はいゆう,haiyuu,aktyor,,俳優の大切さを改めて実感しました。 (aktyorning muhimligini yana bir bor his qildim.)
第2回 模擬テスト,個性,こせい,kosei,o'ziga xoslik,,個性の大切さを改めて実感しました。 (o'ziga xoslikning muhimligini yana bir bor his qildim.)
第2回 模擬テスト,光,ひかり,hikari,"yorug'lik, nur",,光の大切さを改めて実感しました。 (yorug'likning muhimligini yana bir bor his qildim.)
第2回 模擬テスト,出す,だす,dasu,chiqarmoq,,毎日しっかりと出すように努力しています。 (Har kuni astoydil chiqarmoqga intilaman.)
第2回 模擬テスト,出費,しゅっぴ,shuppi,xarajat,,出費の大切さを改めて実感しました。 (xarajatning muhimligini yana bir bor his qildim.)
第2回 模擬テスト,利用,りよう,riyou,foydalanish,,利用の大切さを改めて実感しました。 (foydalanishning muhimligini yana bir bor his qildim.)
第2回 模擬テスト,君,きみ,kimi,sen (norasmiy),,君の大切さを改めて実感しました。 (senning muhimligini yana bir bor his qildim.)
第2回 模擬テスト,商品,しょうひん,shouhin',"mahsulot, tovar",,商品の大切さを改めて実感しました。 (mahsulotning muhimligini yana bir bor his qildim.)
第2回 模擬テスト,商品券,しょうひんけん,shouhinken',sovg'a taloni,,商品券の大切さを改めて実感しました。 (sovg'a talonining muhimligini yana bir bor his qildim.)
第2回 模擬テスト,増える,ふえる,fueru,ko'paymoq,,毎日しっかりと増えるように努力しています。 (Har kuni astoydil ko'paymoqga intilaman.)
第2回 模擬テスト,太陽,たいよう,taiyou,quyosh,,太陽の大切さを改めて実感しました。 (quyoshning muhimligini yana bir bor his qildim.)
第2回 模擬テスト,太陽光発電,たいようこうはつでん,taiyoukouhatsuden',quyosh energiyasi (elektr),,太陽光発電の大切さを改めて実感しました。 (quyosh energiyasining muhimligini yana bir bor his qildim.)
第2回 模擬テスト,夫婦,ふうふ,fuufu,er-xotin,,夫婦の大切さを改めて実感しました。 (er-xotinning muhimligini yana bir bor his qildim.)
第2回 模擬テスト,常識,じょうしき,joushiki,"umumiy tushuncha, odob",,常識の大切さを改めて実感しました。 (umumiy tushunchaning muhimligini yana bir bor his qildim.)
第2回 模擬テスト,指導,しどう,shidou,"rahbarlik, yo'l-yo'riq",,指導と親しく話をしました。 (rahbarlik bilan yaqindan suhbatlashdim.)
第2回 模擬テスト,採用,さいよう,saiyou,ishga qabul qilish,,採用の大切さを改めて実感しました。 (ishga qabul qilishning muhimligini yana bir bor his qildim.)
第2回 模擬テスト,改善,かいぜん,kaizen',yaxshilash (kaizen),,改善の大切さを改めて実感しました。 (yaxshilashning muhimligini yana bir bor his qildim.)
第2回 模擬テスト,整う,ととのう,totonou,tartibga kelmoq,,毎日しっかりと整うように努力しています。 (Har kuni astoydil tartibga kelmoqga intilaman.)
第2回 模擬テスト,暴力,ぼうりょく,bouryoku,zo'ravonlik,,暴力の大切さを改めて実感しました。 (zo'ravonlikning muhimligini yana bir bor his qildim.)
第2回 模擬テスト,有害物質,ゆうがいぶっしつ,yuugaibusshitsu,zararli modda,,有害物質の大切さを改めて実感しました。 (zararli moddaning muhimligini yana bir bor his qildim.)
第2回 模擬テスト,沈む,しずむ,shizumu,cho'kmoq,,毎日しっかりと沈むように努力しています。 (Har kuni astoydil cho'kmoqga intilaman.)
第2回 模擬テスト,法則,ほうそく,housoku,"qonun, qoida",,法則の大切さを改めて実感しました。 (qonunning muhimligini yana bir bor his qildim.)
第2回 模擬テスト,活動,かつどう,katsudou,faoliyat,,活動の大切さを改めて実感しました。 (faoliyatning muhimligini yana bir bor his qildim.)
第2回 模擬テスト,活躍,かつやく,katsuyaku,"faoliyat ko'rsatish, yutuq",,活躍の大切さを改めて実感しました。 (faoliyat ko'rsatishning muhimligini yana bir bor his qildim.)
第2回 模擬テスト,熱,ねつ,netsu,issiqlik,,熱の大切さを改めて実感しました。 (issiqlikning muhimligini yana bir bor his qildim.)
第2回 模擬テスト,環境,かんきょう,kankyou,atrof-muhit,,環境の大切さを改めて実感しました。 (atrof-muhitning muhimligini yana bir bor his qildim.)
第2回 模擬テスト,生む,うむ,umu,tug'moq; yaratmoq,,毎日しっかりと生むように努力しています。 (Har kuni astoydil tug'moqga intilaman.)
第2回 模擬テスト,知識,ちしき,chishiki,bilim,,知識の大切さを改めて実感しました。 (bilimning muhimligini yana bir bor his qildim.)
第2回 模擬テスト,社会進出,しゃかいしんしゅつ,shakaishinshutsu,jamiyatda faol qatnashish,,社会進出の大切さを改めて実感しました。 (jamiyatda faol qatnashishning muhimligini yana bir bor his qildim.)
第2回 模擬テスト,職場,しょくば,shokuba,ish joyi,,職場の場所を地図で調べました。 (ish joyining manzilini xaritadan qidirdim.)
第2回 模擬テスト,衛生,えいせい,eisei,"gigiyena, sanitariya",,衛生の大切さを改めて実感しました。 (gigiyenaning muhimligini yana bir bor his qildim.)
第2回 模擬テスト,逆らう,さからう,sakarau,qarshi bormoq,,毎日しっかりと逆らうように努力しています。 (Har kuni astoydil qarshi bormoqga intilaman.)
第2回 模擬テスト,進む,すすむ,susumu,ilgarilamoq,,毎日しっかりと進むように努力しています。 (Har kuni astoydil ilgarilamoqga intilaman.)
第2回 模擬テスト,進路,しんろ,shinro,"yo'l, kelajak yo'nalishi",,進路の大切さを改めて実感しました。 (yo'lning muhimligini yana bir bor his qildim.)
第2回 模擬テスト,面接,めんせつ,mensetsu,"suhbat, intervyu",,明日、アルバイトの面接があります。 (Ertaga yarim kunlik ish suhbati bor.)
第4回 模擬テスト,一大事,いちだいじ,ichidaiji,"katta voqea, jiddiy ish",,一大事の大切さを改めて実感しました。 (katta voqeaning muhimligini yana bir bor his qildim.)
第4回 模擬テスト,低い,ひくい,hikui,past,,"とても低いので、気をつけてください。 (Juda past bo'lgani uchun, ehtiyot bo'ling.)"
第4回 模擬テスト,低温,ていおん,teion',past harorat,,低温の大切さを改めて実感しました。 (past haroratning muhimligini yana bir bor his qildim.)
第4回 模擬テスト,体験談,たいけんだん,taikendan',tajriba haqida hikoya,,体験談の大切さを改めて実感しました。 (tajriba haqida hikoyaning muhimligini yana bir bor his qildim.)
第4回 模擬テスト,信じる,しんじる,shinjiru,ishonmoq,,毎日しっかりと信じるように努力しています。 (Har kuni astoydil ishonmoqga intilaman.)
第4回 模擬テスト,信条,しんじょう,shinjou,"e'tiqod, aqida",,信条の大切さを改めて実感しました。 (e'tiqodning muhimligini yana bir bor his qildim.)
第4回 模擬テスト,傘,かさ,kasa,soyabon,,傘の大切さを改めて実感しました。 (soyabonning muhimligini yana bir bor his qildim.)
第4回 模擬テスト,出す,だす,dasu,chiqarmoq,,毎日しっかりと出すように努力しています。 (Har kuni astoydil chiqarmoqga intilaman.)
第4回 模擬テスト,出費,しゅっぴ,shuppi,xarajat,,出費の大切さを改めて実感しました。 (xarajatning muhimligini yana bir bor his qildim.)
第4回 模擬テスト,国際,こくさい,kokusai,xalqaro,,国際の大切さを改めて実感しました。 (xalqaroning muhimligini yana bir bor his qildim.)
第4回 模擬テスト,夜中,よなか,yonaka,yarim tun,,夜中の大切さを改めて実感しました。 (yarim tunning muhimligini yana bir bor his qildim.)
第4回 模擬テスト,大声,おおごえ,oogoe,baland ovoz,,大声の大切さを改めて実感しました。 (baland ovozning muhimligini yana bir bor his qildim.)
第4回 模擬テスト,天然,てんねん,tennen',tabiiy,,天然の大切さを改めて実感しました。 (tabiiyning muhimligini yana bir bor his qildim.)
第4回 模擬テスト,宇宙,うちゅう,uchuu,koinot,,宇宙の大切さを改めて実感しました。 (koinotning muhimligini yana bir bor his qildim.)
第4回 模擬テスト,宿泊料金,しゅくはくりょうきん,shukuhakuryoukin',turar joy narxi,,宿泊料金の場所を地図で調べました。 (turar joy narxining manzilini xaritadan qidirdim.)
第4回 模擬テスト,対立,たいりつ,tairitsu,qarama-qarshilik,,対立の大切さを改めて実感しました。 (qarama-qarshilikning muhimligini yana bir bor his qildim.)
第4回 模擬テスト,小柄,こがら,kogara,past bo'yli,,小柄の大切さを改めて実感しました。 (past bo'ylining muhimligini yana bir bor his qildim.)
第4回 模擬テスト,投票,とうひょう,touhyou,ovoz berish,,投票の大切さを改めて実感しました。 (ovoz berishning muhimligini yana bir bor his qildim.)
第4回 模擬テスト,探す,さがす,sagasu,izlamoq,,毎日しっかりと探すように努力しています。 (Har kuni astoydil izlamoqga intilaman.)
第4回 模擬テスト,散歩中,さんぽちゅう,sanpochuu,sayr paytida,,散歩中の大切さを改めて実感しました。 (sayr paytidaning muhimligini yana bir bor his qildim.)
第4回 模擬テスト,早期,そうき,souki,erta bosqich,,早期の大切さを改めて実感しました。 (erta bosqichning muhimligini yana bir bor his qildim.)
第4回 模擬テスト,機嫌,きげん,kigen',"kayfiyat, fe'l",,機嫌の大切さを改めて実感しました。 (kayfiyatning muhimligini yana bir bor his qildim.)
第4回 模擬テスト,爆発物,はくはつぶつ,hakuhatsubutsu,portlovchi modda,,爆発物の大切さを改めて実感しました。 (portlovchi moddaning muhimligini yana bir bor his qildim.)
第4回 模擬テスト,畑,はたけ,hatake,"dala, poliz",,畑の大切さを改めて実感しました。 (dalaning muhimligini yana bir bor his qildim.)
第4回 模擬テスト,社会進出,しゃかいしんしゅつ,shakaishinshutsu,jamiyatda faol qatnashish,,社会進出の大切さを改めて実感しました。 (jamiyatda faol qatnashishning muhimligini yana bir bor his qildim.)
第4回 模擬テスト,禁止,きんし,kinshi,taqiqlash,,禁止の大切さを改めて実感しました。 (taqiqlashning muhimligini yana bir bor his qildim.)
第4回 模擬テスト,給料前,きゅうりょうまえ,kyuuryoumae,maoshdan oldingi payt,,給料前の大切さを改めて実感しました。 (maoshdan oldingi paytning muhimligini yana bir bor his qildim.)
第4回 模擬テスト,苦労,くろう,kurou,"mashaqqat, qiyinchilik",,苦労の大切さを改めて実感しました。 (mashaqqatning muhimligini yana bir bor his qildim.)
第4回 模擬テスト,荷物,にもつ,nimotsu,"yuk, bagaj",,荷物の大切さを改めて実感しました。 (yukning muhimligini yana bir bor his qildim.)
第4回 模擬テスト,行列,ぎょうれつ,gyouretsu,"navbat, qator",,行列の大切さを改めて実感しました。 (navbatning muhimligini yana bir bor his qildim.)
第4回 模擬テスト,表面,ひょうめん,hyoumen',"yuza, sirt",,表面の大切さを改めて実感しました。 (yuzaning muhimligini yana bir bor his qildim.)
第4回 模擬テスト,警察犬,けいさつけん,keisatsuken',politsiya iti,,警察犬の大切さを改めて実感しました。 (politsiya itining muhimligini yana bir bor his qildim.)
第4回 模擬テスト,進む,すすむ,susumu,ilgarilamoq,,毎日しっかりと進むように努力しています。 (Har kuni astoydil ilgarilamoqga intilaman.)
第4回 模擬テスト,選挙,せんきょ,senkyo,saylov,,選挙の大切さを改めて実感しました。 (saylovning muhimligini yana bir bor his qildim.)
第4回 模擬テスト,野菜,やさい,yasai,sabzavot,,新鮮な野菜を美味しくいただきました。 (Yangi sabzavotni mazza qilib tanovul qildik.)
第4回 模擬テスト,長期,ちょうき,chouki,uzoq muddat,,長期の大切さを改めて実感しました。 (uzoq muddatning muhimligini yana bir bor his qildim.)
第4回 模擬テスト,食卓,しょくたく,shokutaku,dasturxon,,食卓の大切さを改めて実感しました。 (dasturxonning muhimligini yana bir bor his qildim.)
第５回 模擬テスト,一致,いっち,itchi,mos kelish,,一致の大切さを改めて実感しました。 (mos kelishning muhimligini yana bir bor his qildim.)
第５回 模擬テスト,以来,いらい,irai,...dan buyon,,以来の大切さを改めて実感しました。 (...dan buyonning muhimligini yana bir bor his qildim.)
第５回 模擬テスト,全身,ぜんしん,zenshin',butun tana,,全身の大切さを改めて実感しました。 (butun tananing muhimligini yana bir bor his qildim.)
第５回 模擬テスト,初,はつ,hatsu,birinchi,,初の大切さを改めて実感しました。 (birinchining muhimligini yana bir bor his qildim.)
第５回 模擬テスト,医療,いりょう,iryou,tibbiyot,,医療の大切さを改めて実感しました。 (tibbiyotning muhimligini yana bir bor his qildim.)
第５回 模擬テスト,取引先,とりひきさき,torihikisaki,hamkor kompaniya,,取引先の大切さを改めて実感しました。 (hamkor kompaniyaning muhimligini yana bir bor his qildim.)
第５回 模擬テスト,向上,こうじょう,koujou,"yuksalish, o'sish",,向上の大切さを改めて実感しました。 (yuksalishning muhimligini yana bir bor his qildim.)
第５回 模擬テスト,契約,けいやく,keiyaku,shartnoma,,契約の大切さを改めて実感しました。 (shartnomaning muhimligini yana bir bor his qildim.)
第５回 模擬テスト,専門学校,せんもんがっこう,senmongakkou,kasb-hunar kolleji,,専門学校の大切さを改めて実感しました。 (kasb-hunar kollejining muhimligini yana bir bor his qildim.)
第５回 模擬テスト,延期,えんき,enki,kechiktirish,,延期の大切さを改めて実感しました。 (kechiktirishning muhimligini yana bir bor his qildim.)
第５回 模擬テスト,弱点,じゃくてん,jakuten',zaif tomon,,弱点の大切さを改めて実感しました。 (zaif tomonning muhimligini yana bir bor his qildim.)
第５回 模擬テスト,強引,ごういん,gouin',"zo'rlab, kuch ishlatib",,強引の大切さを改めて実感しました。 (zo'rlabning muhimligini yana bir bor his qildim.)
第５回 模擬テスト,支える,ささえる,sasaeru,"qo'llab-quvvatlamoq, ushlamoq",,毎日しっかりと支えるように努力しています。 (Har kuni astoydil qo'llab-quvvatlamoqga intilaman.)
第５回 模擬テスト,有利,ゆうり,yuuri,"foydali, ustunlik beradigan",,有利の大切さを改めて実感しました。 (foydalining muhimligini yana bir bor his qildim.)
第５回 模擬テスト,有力,ゆうりょく,yuuryoku,"kuchli, nufuzli",,有力の大切さを改めて実感しました。 (kuchlining muhimligini yana bir bor his qildim.)
第５回 模擬テスト,期待,きたい,kitai,"umid, kutish",,期待の大切さを改めて実感しました。 (umidning muhimligini yana bir bor his qildim.)
第５回 模擬テスト,期待通り,きたいどおり,kitaidoori,kutganidek,,期待通りの大切さを改めて実感しました。 (kutganidekning muhimligini yana bir bor his qildim.)
第５回 模擬テスト,東京都,とうきょうと,toukyouto,Tokio metropoliyasi,,東京都の大切さを改めて実感しました。 (Tokio metropoliyasining muhimligini yana bir bor his qildim.)
第５回 模擬テスト,東洋医学,とうよういがく,touyouigaku,Sharq tabobati,,東洋医学の大切さを改めて実感しました。 (Sharq tabobatining muhimligini yana bir bor his qildim.)
第５回 模擬テスト,流れる,ながれる,nagareru,oqmoq,,毎日しっかりと流れるように努力しています。 (Har kuni astoydil oqmoqga intilaman.)
第５回 模擬テスト,登山,とうざん,touzan',toqqa chiqish,,登山の大切さを改めて実感しました。 (toqqa chiqishning muhimligini yana bir bor his qildim.)
第５回 模擬テスト,目指す,めざす,mezasu,maqsad qilmoq,,毎日しっかりと目指すように努力しています。 (Har kuni astoydil maqsad qilmoqga intilaman.)
第５回 模擬テスト,種目,しゅもく,shumoku,tur (mashg'ulot turi),,種目の大切さを改めて実感しました。 (turning muhimligini yana bir bor his qildim.)
第５回 模擬テスト,立場,たちば,tachiba,"mavqe, pozitsiya",,立場の大切さを改めて実感しました。 (mavqening muhimligini yana bir bor his qildim.)
第５回 模擬テスト,精神的,せいしんてき,seishinteki,ruhiy,,精神的の大切さを改めて実感しました。 (ruhiyning muhimligini yana bir bor his qildim.)
第５回 模擬テスト,経済事情,けいざいじじょう,keizaijijou,iqtisodiy vaziyat,,経済事情の大切さを改めて実感しました。 (iqtisodiy vaziyatning muhimligini yana bir bor his qildim.)
第５回 模擬テスト,職場,しょくば,shokuba,ish joyi,,職場の場所を地図で調べました。 (ish joyining manzilini xaritadan qidirdim.)
第５回 模擬テスト,講座,こうざ,kouza,"kurs, ma'ruzalar",,講座の大切さを改めて実感しました。 (kursning muhimligini yana bir bor his qildim.)
第５回 模擬テスト,身体的,しんたいてき,shintaiteki,jismoniy,,身体的の大切さを改めて実感しました。 (jismoniyning muhimligini yana bir bor his qildim.)
第５回 模擬テスト,進む,すすむ,susumu,ilgarilamoq,,毎日しっかりと進むように努力しています。 (Har kuni astoydil ilgarilamoqga intilaman.)
第５回 模擬テスト,進路,しんろ,shinro,"yo'l, kelajak yo'nalishi",,進路の大切さを改めて実感しました。 (yo'lning muhimligini yana bir bor his qildim.)
第５回 模擬テスト,重なる,かさなる,kasanaru,ustma-ust tushmoq,,毎日しっかりと重なるように努力しています。 (Har kuni astoydil ustma-ust tushmoqga intilaman.)
第7回 模擬テスト,人柄,ひとがら,hitogara,"xarakter, odamgarchilik",,人柄と親しく話をしました。 (xarakter bilan yaqindan suhbatlashdim.)
第7回 模擬テスト,経営状況,けいえいじょうきょう,keieijoukyou,biznes holati,,経営状況の大切さを改めて実感しました。 (biznes holatining muhimligini yana bir bor his qildim.)
第8回 模擬テスト,世の中,よのなか,yononaka,"dunyo, jamiyat",,世の中の大切さを改めて実感しました。 (dunyoning muhimligini yana bir bor his qildim.)
第8回 模擬テスト,世界記録,せかいきろく,sekaikiroku,jahon rekordi,,世界記録の大切さを改めて実感しました。 (jahon rekordining muhimligini yana bir bor his qildim.)
第8回 模擬テスト,人物,じんぶつ,jinbutsu,"shaxs, odam",,人物と親しく話をしました。 (shaxs bilan yaqindan suhbatlashdim.)
第8回 模擬テスト,利益,りえき,rieki,foyda,,利益の大切さを改めて実感しました。 (foydaning muhimligini yana bir bor his qildim.)
第8回 模擬テスト,印象,いんしょう,inshou,taassurot,,印象の大切さを改めて実感しました。 (taassurotning muhimligini yana bir bor his qildim.)
第8回 模擬テスト,商品,しょうひん,shouhin',"mahsulot, tovar",,商品の大切さを改めて実感しました。 (mahsulotning muhimligini yana bir bor his qildim.)
第8回 模擬テスト,商品券,しょうひんけん,shouhinken',sovg'a taloni,,商品券の大切さを改めて実感しました。 (sovg'a talonining muhimligini yana bir bor his qildim.)
第8回 模擬テスト,夜中,よなか,yonaka,yarim tun,,夜中の大切さを改めて実感しました。 (yarim tunning muhimligini yana bir bor his qildim.)
第8回 模擬テスト,夢中,むちゅう,muchuu,berilib ketgan,,夢中の大切さを改めて実感しました。 (berilib ketganning muhimligini yana bir bor his qildim.)
第8回 模擬テスト,後輩,こうはい,kouhai,kichik hamkasb,,後輩の大切さを改めて実感しました。 (kichik hamkasbning muhimligini yana bir bor his qildim.)
第8回 模擬テスト,得る,える,eru,"olmoq, erishmoq",,毎日しっかりと得るように努力しています。 (Har kuni astoydil olmoqga intilaman.)
第8回 模擬テスト,恥,はじ,haji,"uyat, uyatli hol",,恥の大切さを改めて実感しました。 (uyatning muhimligini yana bir bor his qildim.)
第8回 模擬テスト,意欲,いよく,iyoku,"g'ayrat, ishtiyoq",,意欲の大切さを改めて実感しました。 (g'ayratning muhimligini yana bir bor his qildim.)
第8回 模擬テスト,我が社,わがしゃ,wagasha,bizning kompaniya,,我が社の大切さを改めて実感しました。 (bizning kompaniyaning muhimligini yana bir bor his qildim.)
第8回 模擬テスト,散歩中,さんぽちゅう,sanpochuu,sayr paytida,,散歩中の大切さを改めて実感しました。 (sayr paytidaning muhimligini yana bir bor his qildim.)
第8回 模擬テスト,新商品,しんしょうひん,shinshouhin',yangi mahsulot,,新商品の大切さを改めて実感しました。 (yangi mahsulotning muhimligini yana bir bor his qildim.)
第8回 模擬テスト,日陰,ひかげ,hikage,"soya, oftob tushmaydigan joy",,日陰の場所を地図で調べました。 (soyaning manzilini xaritadan qidirdim.)
第8回 模擬テスト,架空,かくう,kakuu,"xayoliy, to'qima",,架空の大切さを改めて実感しました。 (xayoliyning muhimligini yana bir bor his qildim.)
第8回 模擬テスト,機嫌,きげん,kigen',"kayfiyat, fe'l",,機嫌の大切さを改めて実感しました。 (kayfiyatning muhimligini yana bir bor his qildim.)
第8回 模擬テスト,洗濯機,せんたくき,sentakuki,kir yuvish mashinasi,,洗濯機の大切さを改めて実感しました。 (kir yuvish mashinasining muhimligini yana bir bor his qildim.)
第8回 模擬テスト,短期間,たんきかん,tankikan',qisqa muddat,,短期間の大切さを改めて実感しました。 (qisqa muddatning muhimligini yana bir bor his qildim.)
第8回 模擬テスト,第一印象,だいいちいんしょう,daiichiinshou,birinchi taassurot,,第一印象の大切さを改めて実感しました。 (birinchi taassurotning muhimligini yana bir bor his qildim.)
第8回 模擬テスト,行動,こうどう,koudou,xatti-harakat,,行動の大切さを改めて実感しました。 (xatti-harakatning muhimligini yana bir bor his qildim.)
第8回 模擬テスト,触れる,ふれる,fureru,"tegmoq, ta'sir qilmoq",,毎日しっかりと触れるように努力しています。 (Har kuni astoydil tegmoqga intilaman.)
第8回 模擬テスト,調味料,ちょうみりょう,choumiryou,ziravorlar,,調味料の大切さを改めて実感しました。 (ziravorlarning muhimligini yana bir bor his qildim.)
第8回 模擬テスト,途上国,とじょうこく,tojoukoku,rivojlanayotgan davlat,,途上国の大切さを改めて実感しました。 (rivojlanayotgan davlatning muhimligini yana bir bor his qildim.)
第8回 模擬テスト,開始,かいし,kaishi,boshlanish,,開始の大切さを改めて実感しました。 (boshlanishning muhimligini yana bir bor his qildim.)
第8回 模擬テスト,離婚,りこん,rikon',ajralish,,離婚の大切さを改めて実感しました。 (ajralishning muhimligini yana bir bor his qildim.)
第8回 模擬テスト,頼る,たよる,tayoru,"suyanmoq, ishonmoq",,毎日しっかりと頼るように努力しています。 (Har kuni astoydil suyanmoqga intilaman.)
第8回 模擬テスト,食器,しょっき,shokki,idish-tovoq,,食器の大切さを改めて実感しました。 (idish-tovoqning muhimligini yana bir bor his qildim.)
第10回 模擬テスト,保護者,ほごしゃ,hogosha,"ota-ona, vasiy",,保護者と親しく話をしました。 (ota-ona bilan yaqindan suhbatlashdim.)
第10回 模擬テスト,公衆電話,こうしゅうでんわ,koushuudenwa,jamoat telefoni,,公衆電話の大切さを改めて実感しました。 (jamoat telefonining muhimligini yana bir bor his qildim.)
第10回 模擬テスト,商品,しょうひん,shouhin',"mahsulot, tovar",,商品の大切さを改めて実感しました。 (mahsulotning muhimligini yana bir bor his qildim.)
第10回 模擬テスト,土地,とち,tochi,"yer, hudud",,土地の大切さを改めて実感しました。 (yerning muhimligini yana bir bor his qildim.)
第10回 模擬テスト,想像力,そうぞうりょく,souzouryoku,"tasavvur, xayol kuchi",,想像力の大切さを改めて実感しました。 (tasavvurning muhimligini yana bir bor his qildim.)
第10回 模擬テスト,数学,すうがく,suugaku,matematika,,数学の大切さを改めて実感しました。 (matematikaning muhimligini yana bir bor his qildim.)
第10回 模擬テスト,新商品,しんしょうひん,shinshouhin',yangi mahsulot,,新商品の大切さを改めて実感しました。 (yangi mahsulotning muhimligini yana bir bor his qildim.)
第10回 模擬テスト,期待,きたい,kitai,"umid, kutish",,期待の大切さを改めて実感しました。 (umidning muhimligini yana bir bor his qildim.)
第10回 模擬テスト,期待通り,きたいどおり,kitaidoori,kutganidek,,期待通りの大切さを改めて実感しました。 (kutganidekning muhimligini yana bir bor his qildim.)
第10回 模擬テスト,検索,けんさく,kensaku,qidiruv,,検索の大切さを改めて実感しました。 (qidiruvning muhimligini yana bir bor his qildim.)
第10回 模擬テスト,発売日,はつばいび,hatsubaibi,sotuvga chiqish sanasi,,発売日の大切さを改めて実感しました。 (sotuvga chiqish sanasining muhimligini yana bir bor his qildim.)
第10回 模擬テスト,神話,しんわ,shinwa,"mif, afsona",,神話と親しく話をしました。 (mif bilan yaqindan suhbatlashdim.)
第10回 模擬テスト,競争,きょうそう,kyousou,raqobat,,競争の大切さを改めて実感しました。 (raqobatning muhimligini yana bir bor his qildim.)
第10回 模擬テスト,財産,ざいさん,zaisan',"mulk, boylik",,財産の大切さを改めて実感しました。 (mulkning muhimligini yana bir bor his qildim.)
第10回 模擬テスト,込む,こむ,komu,"tiqilmoq, band bo'lmoq",,毎日しっかりと込むように努力しています。 (Har kuni astoydil tiqilmoqga intilaman.)
第10回 模擬テスト,通学路,つうがくろ,tsuugakuro,maktabga boradigan yo'l,,通学路の場所を地図で調べました。 (maktabga boradigan yo'lning manzilini xaritadan qidirdim.)
第12回 模擬テスト,勤務,きんむ,kinmu,"xizmat, ish",,勤務の大切さを改めて実感しました。 (xizmatning muhimligini yana bir bor his qildim.)
第12回 模擬テスト,国土,こくど,kokudo,mamlakat hududi,,国土の大切さを改めて実感しました。 (mamlakat hududining muhimligini yana bir bor his qildim.)
第12回 模擬テスト,年寄り,としより,toshiyori,keksa kishi,,年寄りと親しく話をしました。 (keksa kishi bilan yaqindan suhbatlashdim.)
第12回 模擬テスト,影響,えいきょう,eikyou,ta'sir,,影響の大切さを改めて実感しました。 (ta'sirning muhimligini yana bir bor his qildim.)
第12回 模擬テスト,改造,かいぞう,kaizou,"qayta qurish, o'zgartirish",,改造の大切さを改めて実感しました。 (qayta qurishning muhimligini yana bir bor his qildim.)
第12回 模擬テスト,本日,ほんじつ,honjitsu,bugun (rasmiy),,本日の大切さを改めて実感しました。 (bugunning muhimligini yana bir bor his qildim.)
第12回 模擬テスト,森林,しんりん,shinrin',o'rmon,,森林の大切さを改めて実感しました。 (o'rmonning muhimligini yana bir bor his qildim.)
第12回 模擬テスト,発言,はつげん,hatsugen',"bayonot, gapirish",,発言の大切さを改めて実感しました。 (bayonotning muhimligini yana bir bor his qildim.)
第12回 模擬テスト,祖父,そふ,sofu,bobo,,祖父の大切さを改めて実感しました。 (boboning muhimligini yana bir bor his qildim.)
第12回 模擬テスト,縁,えん,en',"aloqa, taqdir bog'liqligi",,縁の大切さを改めて実感しました。 (aloqaning muhimligini yana bir bor his qildim.)
第12回 模擬テスト,農業,のうぎょう,nougyou,dehqonchilik,,農業の大切さを改めて実感しました。 (dehqonchilikning muhimligini yana bir bor his qildim.)
第13回 模擬テスト,世界記録,せかいきろく,sekaikiroku,jahon rekordi,,世界記録の大切さを改めて実感しました。 (jahon rekordining muhimligini yana bir bor his qildim.)
第13回 模擬テスト,共働き,ともばたらき,tomobataraki,er-xotin ikkalasi ishlashi,,共働きの大切さを改めて実感しました。 (er-xotin ikkalasi ishlashining muhimligini yana bir bor his qildim.)
第13回 模擬テスト,削除,さくじょ,sakujo,o'chirish,,削除の大切さを改めて実感しました。 (o'chirishning muhimligini yana bir bor his qildim.)
第13回 模擬テスト,吸う,すう,suu,"so'rmoq, tortmoq",,毎日しっかりと吸うように努力しています。 (Har kuni astoydil so'rmoqga intilaman.)
第13回 模擬テスト,学歴,がくれき,gakureki,"ma'lumoti, o'qish tarixi",,学歴の大切さを改めて実感しました。 (ma'lumotining muhimligini yana bir bor his qildim.)
第13回 模擬テスト,完成,かんせい,kansei,tugallanish,,完成の大切さを改めて実感しました。 (tugallanishning muhimligini yana bir bor his qildim.)
第13回 模擬テスト,排水,はいすい,haisui,oqova suv,,排水の大切さを改めて実感しました。 (oqova suvning muhimligini yana bir bor his qildim.)
第13回 模擬テスト,残る,のこる,nokoru,qolmoq,,毎日しっかりと残るように努力しています。 (Har kuni astoydil qolmoqga intilaman.)
第13回 模擬テスト,決定,けってい,kettei,qaror,,決定の大切さを改めて実感しました。 (qarorning muhimligini yana bir bor his qildim.)
第13回 模擬テスト,盛ん,さかん,sakan',"gullab-yashnagan, faol",,盛んの大切さを改めて実感しました。 (gullab-yashnaganning muhimligini yana bir bor his qildim.)
第13回 模擬テスト,砂漠,さばく,sabaku,cho'l,,砂漠の大切さを改めて実感しました。 (cho'lning muhimligini yana bir bor his qildim.)
第13回 模擬テスト,絶対,ぜったい,zettai,"mutlaqo, albatta",,絶対の大切さを改めて実感しました。 (mutlaqoning muhimligini yana bir bor his qildim.)
第13回 模擬テスト,義務,ぎむ,gimu,majburiyat,,義務の大切さを改めて実感しました。 (majburiyatning muhimligini yana bir bor his qildim.)
第13回 模擬テスト,義務化,ぎむか,gimuka,majburiy qilib qo'yish,,義務化の大切さを改めて実感しました。 (majburiy qilib qo'yishning muhimligini yana bir bor his qildim.)
第13回 模擬テスト,過ごす,すごす,sugosu,vaqt o'tkazmoq,,毎日しっかりと過ごすように努力しています。 (Har kuni astoydil vaqt o'tkazmoqga intilaman.)
第13回 模擬テスト,過去最高,かこさいこう,kakosaikou,tarixdagi eng yuqori,,過去最高の大切さを改めて実感しました。 (tarixdagi eng yuqorining muhimligini yana bir bor his qildim.)
第13回 模擬テスト,高気圧,こうきあつ,koukiatsu,yuqori bosim (antitsiklon),,高気圧の大切さを改めて実感しました。 (yuqori bosimning muhimligini yana bir bor his qildim.)
第13回 模擬テスト,鯨,くじら,kujira,kit,,鯨の大切さを改めて実感しました。 (kitning muhimligini yana bir bor his qildim.)
第14回 模擬テスト,寿命,じゅみょう,jumyou,umr,,寿命の大切さを改めて実感しました。 (umrning muhimligini yana bir bor his qildim.)
第14回 模擬テスト,将来,しょうらい,shourai,kelajak,,将来の大切さを改めて実感しました。 (kelajakning muhimligini yana bir bor his qildim.)
第14回 模擬テスト,議員,ぎいん,giin',"deputat, parlament a'zosi",,議員の大切さを改めて実感しました。 (deputatning muhimligini yana bir bor his qildim.)
第15回 模擬テスト,万一,まんいち,man'ichi,"bir ehtimol, tasodifan",,万一の大切さを改めて実感しました。 (bir ehtimolning muhimligini yana bir bor his qildim.)
第15回 模擬テスト,上着,うわぎ,uwagi,ustki kiyim,,お気に入りの上着を身につけました。 (Sevimli ustki kiyimimni kiyib (taqib) oldim.)
第15回 模擬テスト,劇場,げきじょう,gekijou,teatr,,劇場の大切さを改めて実感しました。 (teatrning muhimligini yana bir bor his qildim.)
第15回 模擬テスト,印象,いんしょう,inshou,taassurot,,印象の大切さを改めて実感しました。 (taassurotning muhimligini yana bir bor his qildim.)
第15回 模擬テスト,困難,こんなん,konnan',qiyinchilik,,困難の大切さを改めて実感しました。 (qiyinchilikning muhimligini yana bir bor his qildim.)
第15回 模擬テスト,宝石店,ほうせきてん,housekiten',zargarlik do'koni,,宝石店の場所を地図で調べました。 (zargarlik do'konining manzilini xaritadan qidirdim.)
第15回 模擬テスト,床,ゆか,yuka,pol,,床の大切さを改めて実感しました。 (polning muhimligini yana bir bor his qildim.)
第15回 模擬テスト,手抜き,てぬき,tenuki,ishni chala qilish,,手抜きの大切さを改めて実感しました。 (ishni chala qilishning muhimligini yana bir bor his qildim.)
第15回 模擬テスト,政治家,せいじか,seijika,siyosatchi,,政治家の大切さを改めて実感しました。 (siyosatchining muhimligini yana bir bor his qildim.)
第15回 模擬テスト,異常気象,いじょうきしょう,ijoukishou,anomal iqlim,,異常気象の大切さを改めて実感しました。 (anomal iqlimning muhimligini yana bir bor his qildim.)
第15回 模擬テスト,病,やまい,yamai,kasallik,,病の大切さを改めて実感しました。 (kasallikning muhimligini yana bir bor his qildim.)
第15回 模擬テスト,第一印象,だいいちいんしょう,daiichiinshou,birinchi taassurot,,第一印象の大切さを改めて実感しました。 (birinchi taassurotning muhimligini yana bir bor his qildim.)
第15回 模擬テスト,結ぶ,むすぶ,musubu,bog'lamoq,,毎日しっかりと結ぶように努力しています。 (Har kuni astoydil bog'lamoqga intilaman.)
第15回 模擬テスト,薄い,うすい,usui,yupqa; kuchsiz,,"とても薄いので、気をつけてください。 (Juda yupqa bo'lgani uchun, ehtiyot bo'ling.)"
第15回 模擬テスト,託児所,たくじしょ,takujisho,bolalar bog'chasi,,託児所と親しく話をしました。 (bolalar bog'chasi bilan yaqindan suhbatlashdim.)
第15回 模擬テスト,過ごす,すごす,sugosu,vaqt o'tkazmoq,,毎日しっかりと過ごすように努力しています。 (Har kuni astoydil vaqt o'tkazmoqga intilaman.)
第15回 模擬テスト,過去最高,かこさいこう,kakosaikou,tarixdagi eng yuqori,,過去最高の大切さを改めて実感しました。 (tarixdagi eng yuqorining muhimligini yana bir bor his qildim.)
